ISO-10303-21;
HEADER;
FILE_DESCRIPTION(('KiCad electronic assembly'),'2;1');
FILE_NAME('pwmcirc.step','2026-01-26T19:14:16',('Pcbnew'),('Kicad'),
  'Open CASCADE STEP processor 7.9','KiCad to STEP converter','Unknown'
  );
FILE_SCHEMA(('AUTOMOTIVE_DESIGN { 1 0 10303 214 1 1 1 1 }'));
ENDSEC;
DATA;
#1 = APPLICATION_PROTOCOL_DEFINITION('international standard',
  'automotive_design',2000,#2);
#2 = APPLICATION_CONTEXT(
  'core data for automotive mechanical design processes');
#3 = SHAPE_DEFINITION_REPRESENTATION(#4,#10);
#4 = PRODUCT_DEFINITION_SHAPE('','',#5);
#5 = PRODUCT_DEFINITION('design','',#6,#9);
#6 = PRODUCT_DEFINITION_FORMATION('','',#7);
#7 = PRODUCT('pwmcirc 1','pwmcirc 1','',(#8));
#8 = PRODUCT_CONTEXT('',#2,'mechanical');
#9 = PRODUCT_DEFINITION_CONTEXT('part definition',#2,'design');
#10 = SHAPE_REPRESENTATION('',(#11,#15,#19,#23,#27,#31,#35,#39,#43,#47,
    #51,#55),#59);
#11 = AXIS2_PLACEMENT_3D('',#12,#13,#14);
#12 = CARTESIAN_POINT('',(0.,0.,0.));
#13 = DIRECTION('',(0.,0.,1.));
#14 = DIRECTION('',(1.,0.,-0.));
#15 = AXIS2_PLACEMENT_3D('',#16,#17,#18);
#16 = CARTESIAN_POINT('',(9.1,-6.92,1.595198));
#17 = DIRECTION('',(0.,0.,1.));
#18 = DIRECTION('',(1.,0.,0.));
#19 = AXIS2_PLACEMENT_3D('',#20,#21,#22);
#20 = CARTESIAN_POINT('',(10.38,13.68,-8.5E-02));
#21 = DIRECTION('',(0.,-1.224646799147E-16,-1.));
#22 = DIRECTION('',(1.,0.,0.));
#23 = AXIS2_PLACEMENT_3D('',#24,#25,#26);
#24 = CARTESIAN_POINT('',(2.348,5.968,-8.5E-02));
#25 = DIRECTION('',(1.499759782662E-32,1.224646799147E-16,-1.));
#26 = DIRECTION('',(-1.,1.224646799147E-16,0.));
#27 = AXIS2_PLACEMENT_3D('',#28,#29,#30);
#28 = CARTESIAN_POINT('',(2.348,9.524,-8.5E-02));
#29 = DIRECTION('',(1.224646799147E-16,-1.359631073447E-32,-1.));
#30 = DIRECTION('',(1.110223024625E-16,1.,0.));
#31 = AXIS2_PLACEMENT_3D('',#32,#33,#34);
#32 = CARTESIAN_POINT('',(15.81,-11.05,-8.5E-02));
#33 = DIRECTION('',(0.,-1.224646799147E-16,-1.));
#34 = DIRECTION('',(1.,0.,0.));
#35 = AXIS2_PLACEMENT_3D('',#36,#37,#38);
#36 = CARTESIAN_POINT('',(14.73,-13.22,-8.5E-02));
#37 = DIRECTION('',(0.,-1.224646799147E-16,-1.));
#38 = DIRECTION('',(1.,0.,0.));
#39 = AXIS2_PLACEMENT_3D('',#40,#41,#42);
#40 = CARTESIAN_POINT('',(12.,9.27,-8.5E-02));
#41 = DIRECTION('',(1.224646799147E-16,-1.359631073447E-32,-1.));
#42 = DIRECTION('',(1.110223024625E-16,1.,0.));
#43 = AXIS2_PLACEMENT_3D('',#44,#45,#46);
#44 = CARTESIAN_POINT('',(12.005,-17.52,-8.5E-02));
#45 = DIRECTION('',(1.499759782662E-32,1.224646799147E-16,-1.));
#46 = DIRECTION('',(-1.,1.224646799147E-16,0.));
#47 = AXIS2_PLACEMENT_3D('',#48,#49,#50);
#48 = CARTESIAN_POINT('',(2.348,13.842,-8.5E-02));
#49 = DIRECTION('',(1.499759782662E-32,1.224646799147E-16,-1.));
#50 = DIRECTION('',(-1.,1.224646799147E-16,0.));
#51 = AXIS2_PLACEMENT_3D('',#52,#53,#54);
#52 = CARTESIAN_POINT('',(12.,5.714,-8.5E-02));
#53 = DIRECTION('',(1.499759782662E-32,1.224646799147E-16,-1.));
#54 = DIRECTION('',(-1.,1.224646799147E-16,0.));
#55 = AXIS2_PLACEMENT_3D('',#56,#57,#58);
#56 = CARTESIAN_POINT('',(0.,0.,0.));
#57 = DIRECTION('',(0.,0.,1.));
#58 = DIRECTION('',(1.,0.,-0.));
#59 = ( GEOMETRIC_REPRESENTATION_CONTEXT(3) 
GLOBAL_UNCERTAINTY_ASSIGNED_CONTEXT((#63)) GLOBAL_UNIT_ASSIGNED_CONTEXT(
(#60,#61,#62)) REPRESENTATION_CONTEXT('Context #1',
  '3D Context with UNIT and UNCERTAINTY') );
#60 = ( LENGTH_UNIT() NAMED_UNIT(*) SI_UNIT(.MILLI.,.METRE.) );
#61 = ( NAMED_UNIT(*) PLANE_ANGLE_UNIT() SI_UNIT($,.RADIAN.) );
#62 = ( NAMED_UNIT(*) SI_UNIT($,.STERADIAN.) SOLID_ANGLE_UNIT() );
#63 = UNCERTAINTY_MEASURE_WITH_UNIT(LENGTH_MEASURE(1.E-07),#60,
  'distance_accuracy_value','confusion accuracy');
#64 = PRODUCT_RELATED_PRODUCT_CATEGORY('part',$,(#7));
#65 = SHAPE_DEFINITION_REPRESENTATION(#66,#72);
#66 = PRODUCT_DEFINITION_SHAPE('','',#67);
#67 = PRODUCT_DEFINITION('design','',#68,#71);
#68 = PRODUCT_DEFINITION_FORMATION('','',#69);
#69 = PRODUCT('D_DO-41_SOD81_P10.16mm_Horizontal',
  'D_DO-41_SOD81_P10.16mm_Horizontal','',(#70));
#70 = PRODUCT_CONTEXT('',#2,'mechanical');
#71 = PRODUCT_DEFINITION_CONTEXT('part definition',#2,'design');
#72 = ADVANCED_BREP_SHAPE_REPRESENTATION('',(#11,#73),#408);
#73 = MANIFOLD_SOLID_BREP('',#74);
#74 = CLOSED_SHELL('',(#75,#108,#128,#148,#173,#198,#218,#238,#263,#288,
    #314,#340,#365,#390,#399));
#75 = ADVANCED_FACE('',(#76),#103,.T.);
#76 = FACE_BOUND('',#77,.T.);
#77 = EDGE_LOOP('',(#78,#87,#95,#102));
#78 = ORIENTED_EDGE('',*,*,#79,.T.);
#79 = EDGE_CURVE('',#80,#80,#82,.T.);
#80 = VERTEX_POINT('',#81);
#81 = CARTESIAN_POINT('',(3.26,2.138289545428E-15,3.21));
#82 = CIRCLE('',#83,1.36);
#83 = AXIS2_PLACEMENT_3D('',#84,#85,#86);
#84 = CARTESIAN_POINT('',(3.26,8.215650382226E-16,1.85));
#85 = DIRECTION('',(1.,0.,-0.));
#86 = DIRECTION('',(0.,9.681797847099E-16,1.));
#87 = ORIENTED_EDGE('',*,*,#88,.T.);
#88 = EDGE_CURVE('',#80,#89,#91,.T.);
#89 = VERTEX_POINT('',#90);
#90 = CARTESIAN_POINT('',(4.56,2.138289545428E-15,3.21));
#91 = LINE('',#92,#93);
#92 = CARTESIAN_POINT('',(3.26,2.138289545428E-15,3.21));
#93 = VECTOR('',#94,1.);
#94 = DIRECTION('',(1.,0.,0.));
#95 = ORIENTED_EDGE('',*,*,#96,.F.);
#96 = EDGE_CURVE('',#89,#89,#97,.T.);
#97 = CIRCLE('',#98,1.36);
#98 = AXIS2_PLACEMENT_3D('',#99,#100,#101);
#99 = CARTESIAN_POINT('',(4.56,8.215650382226E-16,1.85));
#100 = DIRECTION('',(1.,0.,-0.));
#101 = DIRECTION('',(0.,9.681797847099E-16,1.));
#102 = ORIENTED_EDGE('',*,*,#88,.F.);
#103 = CYLINDRICAL_SURFACE('',#104,1.36);
#104 = AXIS2_PLACEMENT_3D('',#105,#106,#107);
#105 = CARTESIAN_POINT('',(3.26,8.215650382226E-16,1.85));
#106 = DIRECTION('',(1.,0.,0.));
#107 = DIRECTION('',(-0.,9.681797847099E-16,1.));
#108 = ADVANCED_FACE('',(#109,#112),#123,.F.);
#109 = FACE_BOUND('',#110,.T.);
#110 = EDGE_LOOP('',(#111));
#111 = ORIENTED_EDGE('',*,*,#79,.F.);
#112 = FACE_BOUND('',#113,.T.);
#113 = EDGE_LOOP('',(#114));
#114 = ORIENTED_EDGE('',*,*,#115,.T.);
#115 = EDGE_CURVE('',#116,#116,#118,.T.);
#116 = VERTEX_POINT('',#117);
#117 = CARTESIAN_POINT('',(3.26,2.13162820728E-15,3.2));
#118 = CIRCLE('',#119,1.35);
#119 = AXIS2_PLACEMENT_3D('',#120,#121,#122);
#120 = CARTESIAN_POINT('',(3.26,8.215650382226E-16,1.85));
#121 = DIRECTION('',(1.,0.,-0.));
#122 = DIRECTION('',(0.,9.70417162265E-16,1.));
#123 = PLANE('',#124);
#124 = AXIS2_PLACEMENT_3D('',#125,#126,#127);
#125 = CARTESIAN_POINT('',(3.26,8.215650382226E-16,1.85));
#126 = DIRECTION('',(1.,0.,0.));
#127 = DIRECTION('',(-0.,9.726879335149E-16,1.));
#128 = ADVANCED_FACE('',(#129,#132),#143,.T.);
#129 = FACE_BOUND('',#130,.T.);
#130 = EDGE_LOOP('',(#131));
#131 = ORIENTED_EDGE('',*,*,#96,.T.);
#132 = FACE_BOUND('',#133,.T.);
#133 = EDGE_LOOP('',(#134));
#134 = ORIENTED_EDGE('',*,*,#135,.F.);
#135 = EDGE_CURVE('',#136,#136,#138,.T.);
#136 = VERTEX_POINT('',#137);
#137 = CARTESIAN_POINT('',(4.56,2.13162820728E-15,3.2));
#138 = CIRCLE('',#139,1.35);
#139 = AXIS2_PLACEMENT_3D('',#140,#141,#142);
#140 = CARTESIAN_POINT('',(4.56,8.215650382226E-16,1.85));
#141 = DIRECTION('',(1.,0.,-0.));
#142 = DIRECTION('',(0.,9.70417162265E-16,1.));
#143 = PLANE('',#144);
#144 = AXIS2_PLACEMENT_3D('',#145,#146,#147);
#145 = CARTESIAN_POINT('',(4.56,8.215650382226E-16,1.85));
#146 = DIRECTION('',(1.,0.,0.));
#147 = DIRECTION('',(-0.,9.681797847099E-16,1.));
#148 = ADVANCED_FACE('',(#149),#168,.T.);
#149 = FACE_BOUND('',#150,.T.);
#150 = EDGE_LOOP('',(#151,#159,#166,#167));
#151 = ORIENTED_EDGE('',*,*,#152,.F.);
#152 = EDGE_CURVE('',#153,#116,#155,.T.);
#153 = VERTEX_POINT('',#154);
#154 = CARTESIAN_POINT('',(2.48,2.13162820728E-15,3.2));
#155 = LINE('',#156,#157);
#156 = CARTESIAN_POINT('',(2.48,2.13162820728E-15,3.2));
#157 = VECTOR('',#158,1.);
#158 = DIRECTION('',(1.,0.,0.));
#159 = ORIENTED_EDGE('',*,*,#160,.T.);
#160 = EDGE_CURVE('',#153,#153,#161,.T.);
#161 = CIRCLE('',#162,1.35);
#162 = AXIS2_PLACEMENT_3D('',#163,#164,#165);
#163 = CARTESIAN_POINT('',(2.48,8.215650382226E-16,1.85));
#164 = DIRECTION('',(1.,0.,-0.));
#165 = DIRECTION('',(0.,9.70417162265E-16,1.));
#166 = ORIENTED_EDGE('',*,*,#152,.T.);
#167 = ORIENTED_EDGE('',*,*,#115,.F.);
#168 = CYLINDRICAL_SURFACE('',#169,1.35);
#169 = AXIS2_PLACEMENT_3D('',#170,#171,#172);
#170 = CARTESIAN_POINT('',(2.48,8.215650382226E-16,1.85));
#171 = DIRECTION('',(1.,0.,0.));
#172 = DIRECTION('',(-0.,9.70417162265E-16,1.));
#173 = ADVANCED_FACE('',(#174),#193,.T.);
#174 = FACE_BOUND('',#175,.T.);
#175 = EDGE_LOOP('',(#176,#177,#185,#192));
#176 = ORIENTED_EDGE('',*,*,#135,.T.);
#177 = ORIENTED_EDGE('',*,*,#178,.T.);
#178 = EDGE_CURVE('',#136,#179,#181,.T.);
#179 = VERTEX_POINT('',#180);
#180 = CARTESIAN_POINT('',(7.68,2.13162820728E-15,3.2));
#181 = LINE('',#182,#183);
#182 = CARTESIAN_POINT('',(2.48,2.13162820728E-15,3.2));
#183 = VECTOR('',#184,1.);
#184 = DIRECTION('',(1.,0.,0.));
#185 = ORIENTED_EDGE('',*,*,#186,.F.);
#186 = EDGE_CURVE('',#179,#179,#187,.T.);
#187 = CIRCLE('',#188,1.35);
#188 = AXIS2_PLACEMENT_3D('',#189,#190,#191);
#189 = CARTESIAN_POINT('',(7.68,8.215650382226E-16,1.85));
#190 = DIRECTION('',(1.,0.,-0.));
#191 = DIRECTION('',(0.,9.70417162265E-16,1.));
#192 = ORIENTED_EDGE('',*,*,#178,.F.);
#193 = CYLINDRICAL_SURFACE('',#194,1.35);
#194 = AXIS2_PLACEMENT_3D('',#195,#196,#197);
#195 = CARTESIAN_POINT('',(2.48,8.215650382226E-16,1.85));
#196 = DIRECTION('',(1.,0.,0.));
#197 = DIRECTION('',(-0.,9.70417162265E-16,1.));
#198 = ADVANCED_FACE('',(#199,#202),#213,.F.);
#199 = FACE_BOUND('',#200,.T.);
#200 = EDGE_LOOP('',(#201));
#201 = ORIENTED_EDGE('',*,*,#160,.F.);
#202 = FACE_BOUND('',#203,.T.);
#203 = EDGE_LOOP('',(#204));
#204 = ORIENTED_EDGE('',*,*,#205,.T.);
#205 = EDGE_CURVE('',#206,#206,#208,.T.);
#206 = VERTEX_POINT('',#207);
#207 = CARTESIAN_POINT('',(2.48,7.660538869914E-16,1.45));
#208 = CIRCLE('',#209,0.4);
#209 = AXIS2_PLACEMENT_3D('',#210,#211,#212);
#210 = CARTESIAN_POINT('',(2.48,8.548717289614E-16,1.85));
#211 = DIRECTION('',(1.,0.,0.));
#212 = DIRECTION('',(0.,-2.22044604925E-16,-1.));
#213 = PLANE('',#214);
#214 = AXIS2_PLACEMENT_3D('',#215,#216,#217);
#215 = CARTESIAN_POINT('',(2.48,8.215650382226E-16,1.85));
#216 = DIRECTION('',(1.,0.,0.));
#217 = DIRECTION('',(-0.,9.70417162265E-16,1.));
#218 = ADVANCED_FACE('',(#219,#222),#233,.T.);
#219 = FACE_BOUND('',#220,.F.);
#220 = EDGE_LOOP('',(#221));
#221 = ORIENTED_EDGE('',*,*,#186,.F.);
#222 = FACE_BOUND('',#223,.F.);
#223 = EDGE_LOOP('',(#224));
#224 = ORIENTED_EDGE('',*,*,#225,.T.);
#225 = EDGE_CURVE('',#226,#226,#228,.T.);
#226 = VERTEX_POINT('',#227);
#227 = CARTESIAN_POINT('',(7.68,7.660538869914E-16,1.45));
#228 = CIRCLE('',#229,0.4);
#229 = AXIS2_PLACEMENT_3D('',#230,#231,#232);
#230 = CARTESIAN_POINT('',(7.68,8.548717289614E-16,1.85));
#231 = DIRECTION('',(1.,0.,0.));
#232 = DIRECTION('',(0.,-2.22044604925E-16,-1.));
#233 = PLANE('',#234);
#234 = AXIS2_PLACEMENT_3D('',#235,#236,#237);
#235 = CARTESIAN_POINT('',(7.68,8.215650382226E-16,1.85));
#236 = DIRECTION('',(1.,0.,0.));
#237 = DIRECTION('',(-0.,9.70417162265E-16,1.));
#238 = ADVANCED_FACE('',(#239),#258,.T.);
#239 = FACE_BOUND('',#240,.T.);
#240 = EDGE_LOOP('',(#241,#250,#256,#257));
#241 = ORIENTED_EDGE('',*,*,#242,.F.);
#242 = EDGE_CURVE('',#243,#243,#245,.T.);
#243 = VERTEX_POINT('',#244);
#244 = CARTESIAN_POINT('',(0.8,7.660538869914E-16,1.45));
#245 = CIRCLE('',#246,0.4);
#246 = AXIS2_PLACEMENT_3D('',#247,#248,#249);
#247 = CARTESIAN_POINT('',(0.8,8.548717289614E-16,1.85));
#248 = DIRECTION('',(-1.,-4.078893220341E-32,-1.836970198721E-16));
#249 = DIRECTION('',(-1.836970198721E-16,2.22044604925E-16,1.));
#250 = ORIENTED_EDGE('',*,*,#251,.T.);
#251 = EDGE_CURVE('',#243,#206,#252,.T.);
#252 = LINE('',#253,#254);
#253 = CARTESIAN_POINT('',(0.8,7.660538869914E-16,1.45));
#254 = VECTOR('',#255,1.);
#255 = DIRECTION('',(1.,0.,0.));
#256 = ORIENTED_EDGE('',*,*,#205,.F.);
#257 = ORIENTED_EDGE('',*,*,#251,.F.);
#258 = CYLINDRICAL_SURFACE('',#259,0.4);
#259 = AXIS2_PLACEMENT_3D('',#260,#261,#262);
#260 = CARTESIAN_POINT('',(0.8,8.548717289614E-16,1.85));
#261 = DIRECTION('',(1.,0.,0.));
#262 = DIRECTION('',(0.,-2.22044604925E-16,-1.));
#263 = ADVANCED_FACE('',(#264),#283,.T.);
#264 = FACE_BOUND('',#265,.T.);
#265 = EDGE_LOOP('',(#266,#267,#275,#282));
#266 = ORIENTED_EDGE('',*,*,#225,.T.);
#267 = ORIENTED_EDGE('',*,*,#268,.T.);
#268 = EDGE_CURVE('',#226,#269,#271,.T.);
#269 = VERTEX_POINT('',#270);
#270 = CARTESIAN_POINT('',(9.36,7.660538869914E-16,1.45));
#271 = LINE('',#272,#273);
#272 = CARTESIAN_POINT('',(0.8,7.660538869914E-16,1.45));
#273 = VECTOR('',#274,1.);
#274 = DIRECTION('',(1.,0.,0.));
#275 = ORIENTED_EDGE('',*,*,#276,.F.);
#276 = EDGE_CURVE('',#269,#269,#277,.T.);
#277 = CIRCLE('',#278,0.4);
#278 = AXIS2_PLACEMENT_3D('',#279,#280,#281);
#279 = CARTESIAN_POINT('',(9.36,8.548717289614E-16,1.85));
#280 = DIRECTION('',(1.,0.,0.));
#281 = DIRECTION('',(0.,-2.22044604925E-16,-1.));
#282 = ORIENTED_EDGE('',*,*,#268,.F.);
#283 = CYLINDRICAL_SURFACE('',#284,0.4);
#284 = AXIS2_PLACEMENT_3D('',#285,#286,#287);
#285 = CARTESIAN_POINT('',(0.8,8.548717289614E-16,1.85));
#286 = DIRECTION('',(1.,0.,0.));
#287 = DIRECTION('',(0.,-2.22044604925E-16,-1.));
#288 = ADVANCED_FACE('',(#289),#309,.T.);
#289 = FACE_BOUND('',#290,.T.);
#290 = EDGE_LOOP('',(#291,#300,#301,#302));
#291 = ORIENTED_EDGE('',*,*,#292,.T.);
#292 = EDGE_CURVE('',#293,#243,#295,.T.);
#293 = VERTEX_POINT('',#294);
#294 = CARTESIAN_POINT('',(0.4,6.772360450213E-16,1.05));
#295 = CIRCLE('',#296,0.4);
#296 = AXIS2_PLACEMENT_3D('',#297,#298,#299);
#297 = CARTESIAN_POINT('',(0.8,8.24193660919E-16,1.05));
#298 = DIRECTION('',(0.,1.,-2.22044604925E-16));
#299 = DIRECTION('',(1.,0.,0.));
#300 = ORIENTED_EDGE('',*,*,#242,.T.);
#301 = ORIENTED_EDGE('',*,*,#292,.F.);
#302 = ORIENTED_EDGE('',*,*,#303,.T.);
#303 = EDGE_CURVE('',#293,#293,#304,.T.);
#304 = CIRCLE('',#305,0.4);
#305 = AXIS2_PLACEMENT_3D('',#306,#307,#308);
#306 = CARTESIAN_POINT('',(0.,6.772360450213E-16,1.05));
#307 = DIRECTION('',(-0.,2.22044604925E-16,1.));
#308 = DIRECTION('',(1.,0.,0.));
#309 = TOROIDAL_SURFACE('',#310,0.8,0.4);
#310 = AXIS2_PLACEMENT_3D('',#311,#312,#313);
#311 = CARTESIAN_POINT('',(0.8,6.772360450213E-16,1.05));
#312 = DIRECTION('',(0.,1.,-2.22044604925E-16));
#313 = DIRECTION('',(1.,0.,0.));
#314 = ADVANCED_FACE('',(#315),#335,.T.);
#315 = FACE_BOUND('',#316,.T.);
#316 = EDGE_LOOP('',(#317,#326,#333,#334));
#317 = ORIENTED_EDGE('',*,*,#318,.T.);
#318 = EDGE_CURVE('',#269,#319,#321,.T.);
#319 = VERTEX_POINT('',#320);
#320 = CARTESIAN_POINT('',(9.76,6.772360450213E-16,1.05));
#321 = CIRCLE('',#322,0.4);
#322 = AXIS2_PLACEMENT_3D('',#323,#324,#325);
#323 = CARTESIAN_POINT('',(9.36,8.24193660919E-16,1.05));
#324 = DIRECTION('',(0.,1.,-2.22044604925E-16));
#325 = DIRECTION('',(1.,0.,0.));
#326 = ORIENTED_EDGE('',*,*,#327,.T.);
#327 = EDGE_CURVE('',#319,#319,#328,.T.);
#328 = CIRCLE('',#329,0.4);
#329 = AXIS2_PLACEMENT_3D('',#330,#331,#332);
#330 = CARTESIAN_POINT('',(10.16,6.772360450213E-16,1.05));
#331 = DIRECTION('',(-2.449293598295E-16,2.22044604925E-16,1.));
#332 = DIRECTION('',(1.,5.438524293788E-32,2.449293598295E-16));
#333 = ORIENTED_EDGE('',*,*,#318,.F.);
#334 = ORIENTED_EDGE('',*,*,#276,.T.);
#335 = TOROIDAL_SURFACE('',#336,0.8,0.4);
#336 = AXIS2_PLACEMENT_3D('',#337,#338,#339);
#337 = CARTESIAN_POINT('',(9.36,6.772360450213E-16,1.05));
#338 = DIRECTION('',(0.,1.,-2.22044604925E-16));
#339 = DIRECTION('',(1.,0.,0.));
#340 = ADVANCED_FACE('',(#341),#360,.T.);
#341 = FACE_BOUND('',#342,.T.);
#342 = EDGE_LOOP('',(#343,#351,#352,#353));
#343 = ORIENTED_EDGE('',*,*,#344,.T.);
#344 = EDGE_CURVE('',#345,#293,#347,.T.);
#345 = VERTEX_POINT('',#346);
#346 = CARTESIAN_POINT('',(0.4,-2.089940463943E-16,-2.5));
#347 = LINE('',#348,#349);
#348 = CARTESIAN_POINT('',(0.4,6.772360450213E-16,1.05));
#349 = VECTOR('',#350,1.);
#350 = DIRECTION('',(0.,2.22044604925E-16,1.));
#351 = ORIENTED_EDGE('',*,*,#303,.F.);
#352 = ORIENTED_EDGE('',*,*,#344,.F.);
#353 = ORIENTED_EDGE('',*,*,#354,.T.);
#354 = EDGE_CURVE('',#345,#345,#355,.T.);
#355 = CIRCLE('',#356,0.4);
#356 = AXIS2_PLACEMENT_3D('',#357,#358,#359);
#357 = CARTESIAN_POINT('',(0.,-1.110223024625E-16,-2.5));
#358 = DIRECTION('',(-0.,2.22044604925E-16,1.));
#359 = DIRECTION('',(1.,0.,0.));
#360 = CYLINDRICAL_SURFACE('',#361,0.4);
#361 = AXIS2_PLACEMENT_3D('',#362,#363,#364);
#362 = CARTESIAN_POINT('',(0.,6.772360450213E-16,1.05));
#363 = DIRECTION('',(0.,2.22044604925E-16,1.));
#364 = DIRECTION('',(1.,0.,-0.));
#365 = ADVANCED_FACE('',(#366),#385,.T.);
#366 = FACE_BOUND('',#367,.T.);
#367 = EDGE_LOOP('',(#368,#376,#383,#384));
#368 = ORIENTED_EDGE('',*,*,#369,.T.);
#369 = EDGE_CURVE('',#319,#370,#372,.T.);
#370 = VERTEX_POINT('',#371);
#371 = CARTESIAN_POINT('',(9.76,-2.089940463943E-16,-2.5));
#372 = LINE('',#373,#374);
#373 = CARTESIAN_POINT('',(9.76,6.772360450213E-16,1.05));
#374 = VECTOR('',#375,1.);
#375 = DIRECTION('',(0.,-2.22044604925E-16,-1.));
#376 = ORIENTED_EDGE('',*,*,#377,.F.);
#377 = EDGE_CURVE('',#370,#370,#378,.T.);
#378 = CIRCLE('',#379,0.4);
#379 = AXIS2_PLACEMENT_3D('',#380,#381,#382);
#380 = CARTESIAN_POINT('',(10.16,-1.110223024625E-16,-2.5));
#381 = DIRECTION('',(-0.,-2.22044604925E-16,-1.));
#382 = DIRECTION('',(-1.,0.,0.));
#383 = ORIENTED_EDGE('',*,*,#369,.F.);
#384 = ORIENTED_EDGE('',*,*,#327,.F.);
#385 = CYLINDRICAL_SURFACE('',#386,0.4);
#386 = AXIS2_PLACEMENT_3D('',#387,#388,#389);
#387 = CARTESIAN_POINT('',(10.16,6.772360450213E-16,1.05));
#388 = DIRECTION('',(0.,-2.22044604925E-16,-1.));
#389 = DIRECTION('',(-1.,-0.,0.));
#390 = ADVANCED_FACE('',(#391),#394,.T.);
#391 = FACE_BOUND('',#392,.F.);
#392 = EDGE_LOOP('',(#393));
#393 = ORIENTED_EDGE('',*,*,#354,.T.);
#394 = PLANE('',#395);
#395 = AXIS2_PLACEMENT_3D('',#396,#397,#398);
#396 = CARTESIAN_POINT('',(0.4,-1.110223024625E-16,-2.5));
#397 = DIRECTION('',(0.,0.,-1.));
#398 = DIRECTION('',(-1.,0.,0.));
#399 = ADVANCED_FACE('',(#400),#403,.F.);
#400 = FACE_BOUND('',#401,.T.);
#401 = EDGE_LOOP('',(#402));
#402 = ORIENTED_EDGE('',*,*,#377,.T.);
#403 = PLANE('',#404);
#404 = AXIS2_PLACEMENT_3D('',#405,#406,#407);
#405 = CARTESIAN_POINT('',(9.76,-1.110223024625E-16,-2.5));
#406 = DIRECTION('',(0.,0.,1.));
#407 = DIRECTION('',(1.,0.,-0.));
#408 = ( GEOMETRIC_REPRESENTATION_CONTEXT(3) 
GLOBAL_UNCERTAINTY_ASSIGNED_CONTEXT((#412)) GLOBAL_UNIT_ASSIGNED_CONTEXT
((#409,#410,#411)) REPRESENTATION_CONTEXT('Context #1',
  '3D Context with UNIT and UNCERTAINTY') );
#409 = ( LENGTH_UNIT() NAMED_UNIT(*) SI_UNIT(.MILLI.,.METRE.) );
#410 = ( NAMED_UNIT(*) PLANE_ANGLE_UNIT() SI_UNIT($,.RADIAN.) );
#411 = ( NAMED_UNIT(*) SI_UNIT($,.STERADIAN.) SOLID_ANGLE_UNIT() );
#412 = UNCERTAINTY_MEASURE_WITH_UNIT(LENGTH_MEASURE(1.E-07),#409,
  'distance_accuracy_value','confusion accuracy');
#413 = CONTEXT_DEPENDENT_SHAPE_REPRESENTATION(#414,#416);
#414 = ( REPRESENTATION_RELATIONSHIP('','',#72,#10) 
REPRESENTATION_RELATIONSHIP_WITH_TRANSFORMATION(#415) 
SHAPE_REPRESENTATION_RELATIONSHIP() );
#415 = ITEM_DEFINED_TRANSFORMATION('','',#11,#15);
#416 = PRODUCT_DEFINITION_SHAPE('Placement','Placement of an item',#417
  );
#417 = NEXT_ASSEMBLY_USAGE_OCCURRENCE('1','D3','',#5,#67,$);
#418 = PRODUCT_RELATED_PRODUCT_CATEGORY('part',$,(#69));
#419 = SHAPE_DEFINITION_REPRESENTATION(#420,#426);
#420 = PRODUCT_DEFINITION_SHAPE('','',#421);
#421 = PRODUCT_DEFINITION('design','',#422,#425);
#422 = PRODUCT_DEFINITION_FORMATION('','',#423);
#423 = PRODUCT('D_SMA','D_SMA','',(#424));
#424 = PRODUCT_CONTEXT('',#2,'mechanical');
#425 = PRODUCT_DEFINITION_CONTEXT('part definition',#2,'design');
#426 = ADVANCED_BREP_SHAPE_REPRESENTATION('',(#11,#427),#1635);
#427 = MANIFOLD_SOLID_BREP('',#428);
#428 = CLOSED_SHELL('',(#429,#469,#552,#577,#652,#669,#686,#703,#720,
    #737,#753,#800,#835,#874,#903,#942,#971,#1025,#1068,#1091,#1114,
    #1137,#1188,#1211,#1228,#1302,#1326,#1393,#1405,#1417,#1434,#1463,
    #1486,#1509,#1526,#1548,#1560,#1577,#1594,#1611,#1623));
#429 = ADVANCED_FACE('',(#430),#464,.T.);
#430 = FACE_BOUND('',#431,.T.);
#431 = EDGE_LOOP('',(#432,#442,#450,#458));
#432 = ORIENTED_EDGE('',*,*,#433,.T.);
#433 = EDGE_CURVE('',#434,#436,#438,.T.);
#434 = VERTEX_POINT('',#435);
#435 = CARTESIAN_POINT('',(1.14,0.75,0.));
#436 = VERTEX_POINT('',#437);
#437 = CARTESIAN_POINT('',(2.353333333333,0.75,-2.775557561563E-17));
#438 = LINE('',#439,#440);
#439 = CARTESIAN_POINT('',(2.28,0.75,0.));
#440 = VECTOR('',#441,1.);
#441 = DIRECTION('',(1.,-3.445092848398E-16,0.));
#442 = ORIENTED_EDGE('',*,*,#443,.T.);
#443 = EDGE_CURVE('',#436,#444,#446,.T.);
#444 = VERTEX_POINT('',#445);
#445 = CARTESIAN_POINT('',(2.353333333333,-0.75,-2.775557561563E-17));
#446 = LINE('',#447,#448);
#447 = CARTESIAN_POINT('',(2.353333333333,0.75,-2.775557561563E-17));
#448 = VECTOR('',#449,1.);
#449 = DIRECTION('',(-3.445092848398E-16,-1.,0.));
#450 = ORIENTED_EDGE('',*,*,#451,.T.);
#451 = EDGE_CURVE('',#444,#452,#454,.T.);
#452 = VERTEX_POINT('',#453);
#453 = CARTESIAN_POINT('',(1.14,-0.75,0.));
#454 = LINE('',#455,#456);
#455 = CARTESIAN_POINT('',(2.28,-0.75,0.));
#456 = VECTOR('',#457,1.);
#457 = DIRECTION('',(-1.,3.445092848398E-16,0.));
#458 = ORIENTED_EDGE('',*,*,#459,.T.);
#459 = EDGE_CURVE('',#452,#434,#460,.T.);
#460 = LINE('',#461,#462);
#461 = CARTESIAN_POINT('',(1.14,-0.75,0.));
#462 = VECTOR('',#463,1.);
#463 = DIRECTION('',(3.445092848398E-16,1.,0.));
#464 = PLANE('',#465);
#465 = AXIS2_PLACEMENT_3D('',#466,#467,#468);
#466 = CARTESIAN_POINT('',(1.746666666667,-5.821951347626E-16,
    -7.671995716851E-18));
#467 = DIRECTION('',(-1.332277103521E-17,5.237186372803E-33,-1.));
#468 = DIRECTION('',(1.,-2.22044604925E-16,-1.332277103521E-17));
#469 = ADVANCED_FACE('',(#470),#547,.T.);
#470 = FACE_BOUND('',#471,.T.);
#471 = EDGE_LOOP('',(#472,#482,#489,#490,#498,#506,#516,#524,#532,#540)
  );
#472 = ORIENTED_EDGE('',*,*,#473,.F.);
#473 = EDGE_CURVE('',#474,#476,#478,.T.);
#474 = VERTEX_POINT('',#475);
#475 = CARTESIAN_POINT('',(2.5,0.75,0.146666666667));
#476 = VERTEX_POINT('',#477);
#477 = CARTESIAN_POINT('',(2.5,0.75,0.842343333333));
#478 = LINE('',#479,#480);
#479 = CARTESIAN_POINT('',(2.5,0.75,0.));
#480 = VECTOR('',#481,1.);
#481 = DIRECTION('',(0.,0.,1.));
#482 = ORIENTED_EDGE('',*,*,#483,.T.);
#483 = EDGE_CURVE('',#474,#436,#484,.T.);
#484 = CIRCLE('',#485,0.146666666667);
#485 = AXIS2_PLACEMENT_3D('',#486,#487,#488);
#486 = CARTESIAN_POINT('',(2.353333333333,0.75,0.146666666667));
#487 = DIRECTION('',(3.445092848398E-16,1.,-0.));
#488 = DIRECTION('',(0.,0.,1.));
#489 = ORIENTED_EDGE('',*,*,#433,.F.);
#490 = ORIENTED_EDGE('',*,*,#491,.T.);
#491 = EDGE_CURVE('',#434,#492,#494,.T.);
#492 = VERTEX_POINT('',#493);
#493 = CARTESIAN_POINT('',(1.14,0.75,0.22));
#494 = LINE('',#495,#496);
#495 = CARTESIAN_POINT('',(1.14,0.75,0.));
#496 = VECTOR('',#497,1.);
#497 = DIRECTION('',(0.,0.,1.));
#498 = ORIENTED_EDGE('',*,*,#499,.F.);
#499 = EDGE_CURVE('',#500,#492,#502,.T.);
#500 = VERTEX_POINT('',#501);
#501 = CARTESIAN_POINT('',(2.225259344883,0.75,0.22));
#502 = LINE('',#503,#504);
#503 = CARTESIAN_POINT('',(2.108163247245,0.75,0.22));
#504 = VECTOR('',#505,1.);
#505 = DIRECTION('',(-1.,4.514825988711E-16,0.));
#506 = ORIENTED_EDGE('',*,*,#507,.T.);
#507 = EDGE_CURVE('',#500,#508,#510,.T.);
#508 = VERTEX_POINT('',#509);
#509 = CARTESIAN_POINT('',(2.225413939802,0.75,0.2222));
#510 = B_SPLINE_CURVE_WITH_KNOTS('',4,(#511,#512,#513,#514,#515),
  .UNSPECIFIED.,.F.,.F.,(5,5),(0.,1.),.PIECEWISE_BEZIER_KNOTS.);
#511 = CARTESIAN_POINT('',(2.225259344883,0.75,0.22));
#512 = CARTESIAN_POINT('',(2.238768685756,0.75,0.412247910026));
#513 = CARTESIAN_POINT('',(2.25227825666,0.75,0.604499093572));
#514 = CARTESIAN_POINT('',(2.265788033788,0.75,0.796753211837));
#515 = CARTESIAN_POINT('',(2.279297998531,0.75,0.98901));
#516 = ORIENTED_EDGE('',*,*,#517,.T.);
#517 = EDGE_CURVE('',#508,#518,#520,.T.);
#518 = VERTEX_POINT('',#519);
#519 = CARTESIAN_POINT('',(2.28,0.75,0.2222));
#520 = LINE('',#521,#522);
#521 = CARTESIAN_POINT('',(1.14,0.75,0.2222));
#522 = VECTOR('',#523,1.);
#523 = DIRECTION('',(1.,-3.445092848398E-16,0.));
#524 = ORIENTED_EDGE('',*,*,#525,.T.);
#525 = EDGE_CURVE('',#518,#526,#528,.T.);
#526 = VERTEX_POINT('',#527);
#527 = CARTESIAN_POINT('',(2.28,0.75,0.98901));
#528 = LINE('',#529,#530);
#529 = CARTESIAN_POINT('',(2.28,0.75,0.));
#530 = VECTOR('',#531,1.);
#531 = DIRECTION('',(0.,0.,1.));
#532 = ORIENTED_EDGE('',*,*,#533,.T.);
#533 = EDGE_CURVE('',#526,#534,#536,.T.);
#534 = VERTEX_POINT('',#535);
#535 = CARTESIAN_POINT('',(2.353333333333,0.75,0.98901));
#536 = LINE('',#537,#538);
#537 = CARTESIAN_POINT('',(2.28,0.75,0.98901));
#538 = VECTOR('',#539,1.);
#539 = DIRECTION('',(1.,-3.445092848398E-16,0.));
#540 = ORIENTED_EDGE('',*,*,#541,.F.);
#541 = EDGE_CURVE('',#476,#534,#542,.T.);
#542 = CIRCLE('',#543,0.146666666667);
#543 = AXIS2_PLACEMENT_3D('',#544,#545,#546);
#544 = CARTESIAN_POINT('',(2.353333333333,0.75,0.842343333333));
#545 = DIRECTION('',(-3.445092848398E-16,-1.,0.));
#546 = DIRECTION('',(0.,0.,1.));
#547 = PLANE('',#548);
#548 = AXIS2_PLACEMENT_3D('',#549,#550,#551);
#549 = CARTESIAN_POINT('',(1.991067149606,0.75,0.303091083877));
#550 = DIRECTION('',(4.514825988711E-16,1.,5.822139933717E-17));
#551 = DIRECTION('',(-1.,4.514825988711E-16,0.));
#552 = ADVANCED_FACE('',(#553),#572,.T.);
#553 = FACE_BOUND('',#554,.T.);
#554 = EDGE_LOOP('',(#555,#563,#570,#571));
#555 = ORIENTED_EDGE('',*,*,#556,.T.);
#556 = EDGE_CURVE('',#474,#557,#559,.T.);
#557 = VERTEX_POINT('',#558);
#558 = CARTESIAN_POINT('',(2.5,-0.75,0.146666666667));
#559 = LINE('',#560,#561);
#560 = CARTESIAN_POINT('',(2.5,0.75,0.146666666667));
#561 = VECTOR('',#562,1.);
#562 = DIRECTION('',(-3.445092848398E-16,-1.,0.));
#563 = ORIENTED_EDGE('',*,*,#564,.T.);
#564 = EDGE_CURVE('',#557,#444,#565,.T.);
#565 = CIRCLE('',#566,0.146666666667);
#566 = AXIS2_PLACEMENT_3D('',#567,#568,#569);
#567 = CARTESIAN_POINT('',(2.353333333333,-0.75,0.146666666667));
#568 = DIRECTION('',(3.445092848398E-16,1.,-0.));
#569 = DIRECTION('',(0.,0.,1.));
#570 = ORIENTED_EDGE('',*,*,#443,.F.);
#571 = ORIENTED_EDGE('',*,*,#483,.F.);
#572 = CYLINDRICAL_SURFACE('',#573,0.146666666667);
#573 = AXIS2_PLACEMENT_3D('',#574,#575,#576);
#574 = CARTESIAN_POINT('',(2.353333333333,0.75,0.146666666667));
#575 = DIRECTION('',(-3.445092848398E-16,-1.,0.));
#576 = DIRECTION('',(1.,-3.445092848398E-16,0.));
#577 = ADVANCED_FACE('',(#578),#647,.T.);
#578 = FACE_BOUND('',#579,.T.);
#579 = EDGE_LOOP('',(#580,#581,#589,#598,#606,#614,#622,#632,#640,#646)
  );
#580 = ORIENTED_EDGE('',*,*,#564,.F.);
#581 = ORIENTED_EDGE('',*,*,#582,.T.);
#582 = EDGE_CURVE('',#557,#583,#585,.T.);
#583 = VERTEX_POINT('',#584);
#584 = CARTESIAN_POINT('',(2.5,-0.75,0.842343333333));
#585 = LINE('',#586,#587);
#586 = CARTESIAN_POINT('',(2.5,-0.75,0.));
#587 = VECTOR('',#588,1.);
#588 = DIRECTION('',(0.,0.,1.));
#589 = ORIENTED_EDGE('',*,*,#590,.T.);
#590 = EDGE_CURVE('',#583,#591,#593,.T.);
#591 = VERTEX_POINT('',#592);
#592 = CARTESIAN_POINT('',(2.353333333333,-0.75,0.98901));
#593 = CIRCLE('',#594,0.146666666667);
#594 = AXIS2_PLACEMENT_3D('',#595,#596,#597);
#595 = CARTESIAN_POINT('',(2.353333333333,-0.75,0.842343333333));
#596 = DIRECTION('',(-3.445092848398E-16,-1.,0.));
#597 = DIRECTION('',(0.,0.,1.));
#598 = ORIENTED_EDGE('',*,*,#599,.T.);
#599 = EDGE_CURVE('',#591,#600,#602,.T.);
#600 = VERTEX_POINT('',#601);
#601 = CARTESIAN_POINT('',(2.28,-0.75,0.98901));
#602 = LINE('',#603,#604);
#603 = CARTESIAN_POINT('',(2.5,-0.75,0.98901));
#604 = VECTOR('',#605,1.);
#605 = DIRECTION('',(-1.,3.445092848398E-16,0.));
#606 = ORIENTED_EDGE('',*,*,#607,.F.);
#607 = EDGE_CURVE('',#608,#600,#610,.T.);
#608 = VERTEX_POINT('',#609);
#609 = CARTESIAN_POINT('',(2.28,-0.75,0.2222));
#610 = LINE('',#611,#612);
#611 = CARTESIAN_POINT('',(2.28,-0.75,0.));
#612 = VECTOR('',#613,1.);
#613 = DIRECTION('',(0.,0.,1.));
#614 = ORIENTED_EDGE('',*,*,#615,.T.);
#615 = EDGE_CURVE('',#608,#616,#618,.T.);
#616 = VERTEX_POINT('',#617);
#617 = CARTESIAN_POINT('',(2.225413939802,-0.75,0.2222));
#618 = LINE('',#619,#620);
#619 = CARTESIAN_POINT('',(2.28,-0.75,0.2222));
#620 = VECTOR('',#621,1.);
#621 = DIRECTION('',(-1.,3.445092848398E-16,0.));
#622 = ORIENTED_EDGE('',*,*,#623,.F.);
#623 = EDGE_CURVE('',#624,#616,#626,.T.);
#624 = VERTEX_POINT('',#625);
#625 = CARTESIAN_POINT('',(2.225259344883,-0.75,0.22));
#626 = B_SPLINE_CURVE_WITH_KNOTS('',4,(#627,#628,#629,#630,#631),
  .UNSPECIFIED.,.F.,.F.,(5,5),(0.,1.),.PIECEWISE_BEZIER_KNOTS.);
#627 = CARTESIAN_POINT('',(2.225259344883,-0.75,0.22));
#628 = CARTESIAN_POINT('',(2.238768685756,-0.75,0.412247910026));
#629 = CARTESIAN_POINT('',(2.25227825666,-0.75,0.604499093572));
#630 = CARTESIAN_POINT('',(2.265788033788,-0.75,0.796753211837));
#631 = CARTESIAN_POINT('',(2.279297998531,-0.75,0.98901));
#632 = ORIENTED_EDGE('',*,*,#633,.F.);
#633 = EDGE_CURVE('',#634,#624,#636,.T.);
#634 = VERTEX_POINT('',#635);
#635 = CARTESIAN_POINT('',(1.14,-0.75,0.22));
#636 = LINE('',#637,#638);
#637 = CARTESIAN_POINT('',(2.108163247245,-0.75,0.22));
#638 = VECTOR('',#639,1.);
#639 = DIRECTION('',(1.,-2.844998265321E-16,-0.));
#640 = ORIENTED_EDGE('',*,*,#641,.F.);
#641 = EDGE_CURVE('',#452,#634,#642,.T.);
#642 = LINE('',#643,#644);
#643 = CARTESIAN_POINT('',(1.14,-0.75,0.));
#644 = VECTOR('',#645,1.);
#645 = DIRECTION('',(0.,0.,1.));
#646 = ORIENTED_EDGE('',*,*,#451,.F.);
#647 = PLANE('',#648);
#648 = AXIS2_PLACEMENT_3D('',#649,#650,#651);
#649 = CARTESIAN_POINT('',(1.991067149606,-0.75,0.303091083877));
#650 = DIRECTION('',(-2.844998265321E-16,-1.,-7.396066644327E-17));
#651 = DIRECTION('',(1.642256696039E-32,7.396066644327E-17,-1.));
#652 = ADVANCED_FACE('',(#653),#664,.T.);
#653 = FACE_BOUND('',#654,.T.);
#654 = EDGE_LOOP('',(#655,#656,#657,#663));
#655 = ORIENTED_EDGE('',*,*,#459,.F.);
#656 = ORIENTED_EDGE('',*,*,#641,.T.);
#657 = ORIENTED_EDGE('',*,*,#658,.F.);
#658 = EDGE_CURVE('',#492,#634,#659,.T.);
#659 = LINE('',#660,#661);
#660 = CARTESIAN_POINT('',(1.14,-1.022629672442,0.22));
#661 = VECTOR('',#662,1.);
#662 = DIRECTION('',(-3.445092848398E-16,-1.,0.));
#663 = ORIENTED_EDGE('',*,*,#491,.F.);
#664 = PLANE('',#665);
#665 = AXIS2_PLACEMENT_3D('',#666,#667,#668);
#666 = CARTESIAN_POINT('',(1.14,-0.75,0.));
#667 = DIRECTION('',(-1.,3.445092848398E-16,0.));
#668 = DIRECTION('',(3.445092848398E-16,1.,0.));
#669 = ADVANCED_FACE('',(#670),#681,.T.);
#670 = FACE_BOUND('',#671,.T.);
#671 = EDGE_LOOP('',(#672,#673,#679,#680));
#672 = ORIENTED_EDGE('',*,*,#473,.T.);
#673 = ORIENTED_EDGE('',*,*,#674,.T.);
#674 = EDGE_CURVE('',#476,#583,#675,.T.);
#675 = LINE('',#676,#677);
#676 = CARTESIAN_POINT('',(2.5,0.75,0.842343333333));
#677 = VECTOR('',#678,1.);
#678 = DIRECTION('',(-3.445092848398E-16,-1.,0.));
#679 = ORIENTED_EDGE('',*,*,#582,.F.);
#680 = ORIENTED_EDGE('',*,*,#556,.F.);
#681 = PLANE('',#682);
#682 = AXIS2_PLACEMENT_3D('',#683,#684,#685);
#683 = CARTESIAN_POINT('',(2.5,0.75,0.));
#684 = DIRECTION('',(1.,-3.445092848398E-16,0.));
#685 = DIRECTION('',(-3.445092848398E-16,-1.,0.));
#686 = ADVANCED_FACE('',(#687),#698,.T.);
#687 = FACE_BOUND('',#688,.T.);
#688 = EDGE_LOOP('',(#689,#690,#696,#697));
#689 = ORIENTED_EDGE('',*,*,#541,.T.);
#690 = ORIENTED_EDGE('',*,*,#691,.T.);
#691 = EDGE_CURVE('',#534,#591,#692,.T.);
#692 = LINE('',#693,#694);
#693 = CARTESIAN_POINT('',(2.353333333333,0.75,0.98901));
#694 = VECTOR('',#695,1.);
#695 = DIRECTION('',(-3.445092848398E-16,-1.,0.));
#696 = ORIENTED_EDGE('',*,*,#590,.F.);
#697 = ORIENTED_EDGE('',*,*,#674,.F.);
#698 = CYLINDRICAL_SURFACE('',#699,0.146666666667);
#699 = AXIS2_PLACEMENT_3D('',#700,#701,#702);
#700 = CARTESIAN_POINT('',(2.353333333333,0.75,0.842343333333));
#701 = DIRECTION('',(-3.445092848398E-16,-1.,0.));
#702 = DIRECTION('',(1.,-3.445092848398E-16,0.));
#703 = ADVANCED_FACE('',(#704),#715,.F.);
#704 = FACE_BOUND('',#705,.F.);
#705 = EDGE_LOOP('',(#706,#707,#708,#709));
#706 = ORIENTED_EDGE('',*,*,#533,.T.);
#707 = ORIENTED_EDGE('',*,*,#691,.T.);
#708 = ORIENTED_EDGE('',*,*,#599,.T.);
#709 = ORIENTED_EDGE('',*,*,#710,.T.);
#710 = EDGE_CURVE('',#600,#526,#711,.T.);
#711 = LINE('',#712,#713);
#712 = CARTESIAN_POINT('',(2.28,-0.75,0.98901));
#713 = VECTOR('',#714,1.);
#714 = DIRECTION('',(3.445092848398E-16,1.,0.));
#715 = PLANE('',#716);
#716 = AXIS2_PLACEMENT_3D('',#717,#718,#719);
#717 = CARTESIAN_POINT('',(2.39,-6.661338147751E-16,0.98901));
#718 = DIRECTION('',(0.,0.,-1.));
#719 = DIRECTION('',(3.445092848398E-16,1.,0.));
#720 = ADVANCED_FACE('',(#721),#732,.T.);
#721 = FACE_BOUND('',#722,.T.);
#722 = EDGE_LOOP('',(#723,#729,#730,#731));
#723 = ORIENTED_EDGE('',*,*,#724,.T.);
#724 = EDGE_CURVE('',#518,#608,#725,.T.);
#725 = LINE('',#726,#727);
#726 = CARTESIAN_POINT('',(2.28,0.75,0.2222));
#727 = VECTOR('',#728,1.);
#728 = DIRECTION('',(-3.445092848398E-16,-1.,0.));
#729 = ORIENTED_EDGE('',*,*,#607,.T.);
#730 = ORIENTED_EDGE('',*,*,#710,.T.);
#731 = ORIENTED_EDGE('',*,*,#525,.F.);
#732 = PLANE('',#733);
#733 = AXIS2_PLACEMENT_3D('',#734,#735,#736);
#734 = CARTESIAN_POINT('',(2.28,-0.75,0.));
#735 = DIRECTION('',(-1.,3.445092848398E-16,0.));
#736 = DIRECTION('',(3.445092848398E-16,1.,0.));
#737 = ADVANCED_FACE('',(#738),#748,.F.);
#738 = FACE_BOUND('',#739,.F.);
#739 = EDGE_LOOP('',(#740,#745,#746,#747));
#740 = ORIENTED_EDGE('',*,*,#741,.F.);
#741 = EDGE_CURVE('',#508,#616,#742,.T.);
#742 = B_SPLINE_CURVE_WITH_KNOTS('',1,(#743,#744),.UNSPECIFIED.,.F.,.F.,
  (2,2),(0.,1.),.PIECEWISE_BEZIER_KNOTS.);
#743 = CARTESIAN_POINT('',(2.225413939802,0.75,0.2222));
#744 = CARTESIAN_POINT('',(2.225413939802,-0.75,0.2222));
#745 = ORIENTED_EDGE('',*,*,#517,.T.);
#746 = ORIENTED_EDGE('',*,*,#724,.T.);
#747 = ORIENTED_EDGE('',*,*,#615,.T.);
#748 = PLANE('',#749);
#749 = AXIS2_PLACEMENT_3D('',#750,#751,#752);
#750 = CARTESIAN_POINT('',(1.71,-5.551115123126E-16,0.2222));
#751 = DIRECTION('',(0.,0.,-1.));
#752 = DIRECTION('',(3.445092848398E-16,1.,0.));
#753 = ADVANCED_FACE('',(#754),#795,.T.);
#754 = FACE_BOUND('',#755,.T.);
#755 = EDGE_LOOP('',(#756,#765,#771,#772,#773,#774,#782,#789));
#756 = ORIENTED_EDGE('',*,*,#757,.F.);
#757 = EDGE_CURVE('',#758,#760,#762,.T.);
#758 = VERTEX_POINT('',#759);
#759 = CARTESIAN_POINT('',(2.225259344883,-1.295259344883,0.22));
#760 = VERTEX_POINT('',#761);
#761 = CARTESIAN_POINT('',(2.28,-1.35,0.999));
#762 = B_SPLINE_CURVE_WITH_KNOTS('',1,(#763,#764),.UNSPECIFIED.,.F.,.F.,
  (2,2),(0.,1.),.PIECEWISE_BEZIER_KNOTS.);
#763 = CARTESIAN_POINT('',(2.225259344883,-1.295259344883,0.22));
#764 = CARTESIAN_POINT('',(2.28,-1.35,0.999));
#765 = ORIENTED_EDGE('',*,*,#766,.T.);
#766 = EDGE_CURVE('',#758,#624,#767,.T.);
#767 = LINE('',#768,#769);
#768 = CARTESIAN_POINT('',(2.225259344883,-1.295259344883,0.22));
#769 = VECTOR('',#770,1.);
#770 = DIRECTION('',(2.22044604925E-16,1.,0.));
#771 = ORIENTED_EDGE('',*,*,#623,.T.);
#772 = ORIENTED_EDGE('',*,*,#741,.F.);
#773 = ORIENTED_EDGE('',*,*,#507,.F.);
#774 = ORIENTED_EDGE('',*,*,#775,.T.);
#775 = EDGE_CURVE('',#500,#776,#778,.T.);
#776 = VERTEX_POINT('',#777);
#777 = CARTESIAN_POINT('',(2.225259344883,1.295259344883,0.22));
#778 = LINE('',#779,#780);
#779 = CARTESIAN_POINT('',(2.225259344883,-1.295259344883,0.22));
#780 = VECTOR('',#781,1.);
#781 = DIRECTION('',(2.22044604925E-16,1.,0.));
#782 = ORIENTED_EDGE('',*,*,#783,.T.);
#783 = EDGE_CURVE('',#776,#784,#786,.T.);
#784 = VERTEX_POINT('',#785);
#785 = CARTESIAN_POINT('',(2.28,1.35,0.999));
#786 = B_SPLINE_CURVE_WITH_KNOTS('',1,(#787,#788),.UNSPECIFIED.,.F.,.F.,
  (2,2),(0.,1.),.PIECEWISE_BEZIER_KNOTS.);
#787 = CARTESIAN_POINT('',(2.225259344883,1.295259344883,0.22));
#788 = CARTESIAN_POINT('',(2.28,1.35,0.999));
#789 = ORIENTED_EDGE('',*,*,#790,.F.);
#790 = EDGE_CURVE('',#760,#784,#791,.T.);
#791 = LINE('',#792,#793);
#792 = CARTESIAN_POINT('',(2.28,-1.35,0.999));
#793 = VECTOR('',#794,1.);
#794 = DIRECTION('',(2.22044604925E-16,1.,0.));
#795 = B_SPLINE_SURFACE_WITH_KNOTS('',1,1,(
    (#796,#797)
    ,(#798,#799
  )),.UNSPECIFIED.,.F.,.F.,.F.,(2,2),(2,2),(0.,2.7),(0.,1.),
  .PIECEWISE_BEZIER_KNOTS.);
#796 = CARTESIAN_POINT('',(2.225259344883,-1.295259344883,0.22));
#797 = CARTESIAN_POINT('',(2.28,-1.35,0.999));
#798 = CARTESIAN_POINT('',(2.225259344883,1.295259344883,0.22));
#799 = CARTESIAN_POINT('',(2.28,1.35,0.999));
#800 = ADVANCED_FACE('',(#801),#830,.T.);
#801 = FACE_BOUND('',#802,.T.);
#802 = EDGE_LOOP('',(#803,#804,#812,#820,#826,#827,#828,#829));
#803 = ORIENTED_EDGE('',*,*,#766,.F.);
#804 = ORIENTED_EDGE('',*,*,#805,.F.);
#805 = EDGE_CURVE('',#806,#758,#808,.T.);
#806 = VERTEX_POINT('',#807);
#807 = CARTESIAN_POINT('',(1.1,-1.295259344883,0.22));
#808 = LINE('',#809,#810);
#809 = CARTESIAN_POINT('',(-2.225259344883,-1.295259344883,0.22));
#810 = VECTOR('',#811,1.);
#811 = DIRECTION('',(1.,-2.22044604925E-16,0.));
#812 = ORIENTED_EDGE('',*,*,#813,.T.);
#813 = EDGE_CURVE('',#806,#814,#816,.T.);
#814 = VERTEX_POINT('',#815);
#815 = CARTESIAN_POINT('',(1.1,1.295259344883,0.22));
#816 = LINE('',#817,#818);
#817 = CARTESIAN_POINT('',(1.1,-1.295259344883,0.22));
#818 = VECTOR('',#819,1.);
#819 = DIRECTION('',(2.22044604925E-16,1.,0.));
#820 = ORIENTED_EDGE('',*,*,#821,.F.);
#821 = EDGE_CURVE('',#776,#814,#822,.T.);
#822 = LINE('',#823,#824);
#823 = CARTESIAN_POINT('',(2.225259344883,1.295259344883,0.22));
#824 = VECTOR('',#825,1.);
#825 = DIRECTION('',(-1.,2.22044604925E-16,0.));
#826 = ORIENTED_EDGE('',*,*,#775,.F.);
#827 = ORIENTED_EDGE('',*,*,#499,.T.);
#828 = ORIENTED_EDGE('',*,*,#658,.T.);
#829 = ORIENTED_EDGE('',*,*,#633,.T.);
#830 = PLANE('',#831);
#831 = AXIS2_PLACEMENT_3D('',#832,#833,#834);
#832 = CARTESIAN_POINT('',(2.225259344883,-1.295259344883,0.22));
#833 = DIRECTION('',(0.,0.,-1.));
#834 = DIRECTION('',(-0.864253276514,0.503056929218,0.));
#835 = ADVANCED_FACE('',(#836),#869,.T.);
#836 = FACE_BOUND('',#837,.T.);
#837 = EDGE_LOOP('',(#838,#848,#854,#855,#856,#864));
#838 = ORIENTED_EDGE('',*,*,#839,.T.);
#839 = EDGE_CURVE('',#840,#842,#844,.T.);
#840 = VERTEX_POINT('',#841);
#841 = CARTESIAN_POINT('',(-2.225259344883,-1.295259344883,0.22));
#842 = VERTEX_POINT('',#843);
#843 = CARTESIAN_POINT('',(-1.1,-1.295259344883,0.22));
#844 = LINE('',#845,#846);
#845 = CARTESIAN_POINT('',(-2.225259344883,-1.295259344883,0.22));
#846 = VECTOR('',#847,1.);
#847 = DIRECTION('',(1.,-2.22044604925E-16,0.));
#848 = ORIENTED_EDGE('',*,*,#849,.T.);
#849 = EDGE_CURVE('',#842,#806,#850,.T.);
#850 = LINE('',#851,#852);
#851 = CARTESIAN_POINT('',(-1.1,-1.295259344883,0.22));
#852 = VECTOR('',#853,1.);
#853 = DIRECTION('',(1.,-2.22044604925E-16,0.));
#854 = ORIENTED_EDGE('',*,*,#805,.T.);
#855 = ORIENTED_EDGE('',*,*,#757,.T.);
#856 = ORIENTED_EDGE('',*,*,#857,.F.);
#857 = EDGE_CURVE('',#858,#760,#860,.T.);
#858 = VERTEX_POINT('',#859);
#859 = CARTESIAN_POINT('',(-2.28,-1.35,0.999));
#860 = LINE('',#861,#862);
#861 = CARTESIAN_POINT('',(-2.28,-1.35,0.999));
#862 = VECTOR('',#863,1.);
#863 = DIRECTION('',(1.,-2.22044604925E-16,0.));
#864 = ORIENTED_EDGE('',*,*,#865,.F.);
#865 = EDGE_CURVE('',#840,#858,#866,.T.);
#866 = B_SPLINE_CURVE_WITH_KNOTS('',1,(#867,#868),.UNSPECIFIED.,.F.,.F.,
  (2,2),(0.,1.),.PIECEWISE_BEZIER_KNOTS.);
#867 = CARTESIAN_POINT('',(-2.225259344883,-1.295259344883,0.22));
#868 = CARTESIAN_POINT('',(-2.28,-1.35,0.999));
#869 = B_SPLINE_SURFACE_WITH_KNOTS('',1,1,(
    (#870,#871)
    ,(#872,#873
    )),.UNSPECIFIED.,.F.,.F.,.F.,(2,2),(2,2),(0.,4.56),(0.,1.),
  .PIECEWISE_BEZIER_KNOTS.);
#870 = CARTESIAN_POINT('',(-2.225259344883,-1.295259344883,0.22));
#871 = CARTESIAN_POINT('',(-2.28,-1.35,0.999));
#872 = CARTESIAN_POINT('',(2.225259344883,-1.295259344883,0.22));
#873 = CARTESIAN_POINT('',(2.28,-1.35,0.999));
#874 = ADVANCED_FACE('',(#875),#898,.T.);
#875 = FACE_BOUND('',#876,.T.);
#876 = EDGE_LOOP('',(#877,#878,#885,#893));
#877 = ORIENTED_EDGE('',*,*,#790,.T.);
#878 = ORIENTED_EDGE('',*,*,#879,.T.);
#879 = EDGE_CURVE('',#784,#880,#882,.T.);
#880 = VERTEX_POINT('',#881);
#881 = CARTESIAN_POINT('',(2.194199820414,1.264199820414,2.22));
#882 = B_SPLINE_CURVE_WITH_KNOTS('',1,(#883,#884),.UNSPECIFIED.,.F.,.F.,
  (2,2),(0.,1.),.PIECEWISE_BEZIER_KNOTS.);
#883 = CARTESIAN_POINT('',(2.28,1.35,0.999));
#884 = CARTESIAN_POINT('',(2.194199820414,1.264199820414,2.22));
#885 = ORIENTED_EDGE('',*,*,#886,.F.);
#886 = EDGE_CURVE('',#887,#880,#889,.T.);
#887 = VERTEX_POINT('',#888);
#888 = CARTESIAN_POINT('',(2.194199820414,-1.264199820414,2.22));
#889 = LINE('',#890,#891);
#890 = CARTESIAN_POINT('',(2.194199820414,-1.264199820414,2.22));
#891 = VECTOR('',#892,1.);
#892 = DIRECTION('',(2.22044604925E-16,1.,0.));
#893 = ORIENTED_EDGE('',*,*,#894,.F.);
#894 = EDGE_CURVE('',#760,#887,#895,.T.);
#895 = B_SPLINE_CURVE_WITH_KNOTS('',1,(#896,#897),.UNSPECIFIED.,.F.,.F.,
  (2,2),(0.,1.),.PIECEWISE_BEZIER_KNOTS.);
#896 = CARTESIAN_POINT('',(2.28,-1.35,0.999));
#897 = CARTESIAN_POINT('',(2.194199820414,-1.264199820414,2.22));
#898 = B_SPLINE_SURFACE_WITH_KNOTS('',1,1,(
    (#899,#900)
    ,(#901,#902
  )),.UNSPECIFIED.,.F.,.F.,.F.,(2,2),(2,2),(0.,2.7),(0.,1.),
  .PIECEWISE_BEZIER_KNOTS.);
#899 = CARTESIAN_POINT('',(2.28,-1.35,0.999));
#900 = CARTESIAN_POINT('',(2.194199820414,-1.264199820414,2.22));
#901 = CARTESIAN_POINT('',(2.28,1.35,0.999));
#902 = CARTESIAN_POINT('',(2.194199820414,1.264199820414,2.22));
#903 = ADVANCED_FACE('',(#904),#937,.T.);
#904 = FACE_BOUND('',#905,.T.);
#905 = EDGE_LOOP('',(#906,#907,#915,#923,#930,#936));
#906 = ORIENTED_EDGE('',*,*,#821,.T.);
#907 = ORIENTED_EDGE('',*,*,#908,.T.);
#908 = EDGE_CURVE('',#814,#909,#911,.T.);
#909 = VERTEX_POINT('',#910);
#910 = CARTESIAN_POINT('',(-1.1,1.295259344883,0.22));
#911 = LINE('',#912,#913);
#912 = CARTESIAN_POINT('',(1.1,1.295259344883,0.22));
#913 = VECTOR('',#914,1.);
#914 = DIRECTION('',(-1.,2.22044604925E-16,0.));
#915 = ORIENTED_EDGE('',*,*,#916,.T.);
#916 = EDGE_CURVE('',#909,#917,#919,.T.);
#917 = VERTEX_POINT('',#918);
#918 = CARTESIAN_POINT('',(-2.225259344883,1.295259344883,0.22));
#919 = LINE('',#920,#921);
#920 = CARTESIAN_POINT('',(2.225259344883,1.295259344883,0.22));
#921 = VECTOR('',#922,1.);
#922 = DIRECTION('',(-1.,2.22044604925E-16,0.));
#923 = ORIENTED_EDGE('',*,*,#924,.T.);
#924 = EDGE_CURVE('',#917,#925,#927,.T.);
#925 = VERTEX_POINT('',#926);
#926 = CARTESIAN_POINT('',(-2.28,1.35,0.999));
#927 = B_SPLINE_CURVE_WITH_KNOTS('',1,(#928,#929),.UNSPECIFIED.,.F.,.F.,
  (2,2),(0.,1.),.PIECEWISE_BEZIER_KNOTS.);
#928 = CARTESIAN_POINT('',(-2.225259344883,1.295259344883,0.22));
#929 = CARTESIAN_POINT('',(-2.28,1.35,0.999));
#930 = ORIENTED_EDGE('',*,*,#931,.F.);
#931 = EDGE_CURVE('',#784,#925,#932,.T.);
#932 = LINE('',#933,#934);
#933 = CARTESIAN_POINT('',(2.28,1.35,0.999));
#934 = VECTOR('',#935,1.);
#935 = DIRECTION('',(-1.,2.22044604925E-16,0.));
#936 = ORIENTED_EDGE('',*,*,#783,.F.);
#937 = B_SPLINE_SURFACE_WITH_KNOTS('',1,1,(
    (#938,#939)
    ,(#940,#941
    )),.UNSPECIFIED.,.F.,.F.,.F.,(2,2),(2,2),(0.,4.56),(0.,1.),
  .PIECEWISE_BEZIER_KNOTS.);
#938 = CARTESIAN_POINT('',(2.225259344883,1.295259344883,0.22));
#939 = CARTESIAN_POINT('',(2.28,1.35,0.999));
#940 = CARTESIAN_POINT('',(-2.225259344883,1.295259344883,0.22));
#941 = CARTESIAN_POINT('',(-2.28,1.35,0.999));
#942 = ADVANCED_FACE('',(#943),#966,.T.);
#943 = FACE_BOUND('',#944,.T.);
#944 = EDGE_LOOP('',(#945,#955,#960,#961));
#945 = ORIENTED_EDGE('',*,*,#946,.T.);
#946 = EDGE_CURVE('',#947,#949,#951,.T.);
#947 = VERTEX_POINT('',#948);
#948 = CARTESIAN_POINT('',(1.1,-1.279799853066,0.));
#949 = VERTEX_POINT('',#950);
#950 = CARTESIAN_POINT('',(1.1,1.279799853066,0.));
#951 = LINE('',#952,#953);
#952 = CARTESIAN_POINT('',(1.1,-1.279799853066,0.));
#953 = VECTOR('',#954,1.);
#954 = DIRECTION('',(2.22044604925E-16,1.,0.));
#955 = ORIENTED_EDGE('',*,*,#956,.T.);
#956 = EDGE_CURVE('',#949,#814,#957,.T.);
#957 = B_SPLINE_CURVE_WITH_KNOTS('',1,(#958,#959),.UNSPECIFIED.,.F.,.F.,
  (2,2),(0.,1.),.PIECEWISE_BEZIER_KNOTS.);
#958 = CARTESIAN_POINT('',(1.1,1.279799853066,0.));
#959 = CARTESIAN_POINT('',(1.1,1.295259344883,0.22));
#960 = ORIENTED_EDGE('',*,*,#813,.F.);
#961 = ORIENTED_EDGE('',*,*,#962,.F.);
#962 = EDGE_CURVE('',#947,#806,#963,.T.);
#963 = B_SPLINE_CURVE_WITH_KNOTS('',1,(#964,#965),.UNSPECIFIED.,.F.,.F.,
  (2,2),(0.,1.),.PIECEWISE_BEZIER_KNOTS.);
#964 = CARTESIAN_POINT('',(1.1,-1.279799853066,0.));
#965 = CARTESIAN_POINT('',(1.1,-1.295259344883,0.22));
#966 = B_SPLINE_SURFACE_WITH_KNOTS('',1,1,(
    (#967,#968)
    ,(#969,#970
    )),.UNSPECIFIED.,.F.,.F.,.F.,(2,2),(2,2),(0.,2.590518689767),(0.,1.)
  ,.PIECEWISE_BEZIER_KNOTS.);
#967 = CARTESIAN_POINT('',(1.1,-1.279799853066,0.));
#968 = CARTESIAN_POINT('',(1.1,-1.295259344883,0.22));
#969 = CARTESIAN_POINT('',(1.1,1.279799853066,0.));
#970 = CARTESIAN_POINT('',(1.1,1.295259344883,0.22));
#971 = ADVANCED_FACE('',(#972),#1020,.T.);
#972 = FACE_BOUND('',#973,.T.);
#973 = EDGE_LOOP('',(#974,#975,#981,#982,#990,#998,#1006,#1014));
#974 = ORIENTED_EDGE('',*,*,#916,.F.);
#975 = ORIENTED_EDGE('',*,*,#976,.T.);
#976 = EDGE_CURVE('',#909,#842,#977,.T.);
#977 = LINE('',#978,#979);
#978 = CARTESIAN_POINT('',(-1.1,1.295259344883,0.22));
#979 = VECTOR('',#980,1.);
#980 = DIRECTION('',(-2.22044604925E-16,-1.,0.));
#981 = ORIENTED_EDGE('',*,*,#839,.F.);
#982 = ORIENTED_EDGE('',*,*,#983,.F.);
#983 = EDGE_CURVE('',#984,#840,#986,.T.);
#984 = VERTEX_POINT('',#985);
#985 = CARTESIAN_POINT('',(-2.225259344883,-0.75,0.22));
#986 = LINE('',#987,#988);
#987 = CARTESIAN_POINT('',(-2.225259344883,1.295259344883,0.22));
#988 = VECTOR('',#989,1.);
#989 = DIRECTION('',(-2.22044604925E-16,-1.,0.));
#990 = ORIENTED_EDGE('',*,*,#991,.T.);
#991 = EDGE_CURVE('',#984,#992,#994,.T.);
#992 = VERTEX_POINT('',#993);
#993 = CARTESIAN_POINT('',(-1.14,-0.75,0.22));
#994 = LINE('',#995,#996);
#995 = CARTESIAN_POINT('',(0.117096097639,-0.75,0.22));
#996 = VECTOR('',#997,1.);
#997 = DIRECTION('',(1.,-2.22044604925E-16,0.));
#998 = ORIENTED_EDGE('',*,*,#999,.T.);
#999 = EDGE_CURVE('',#992,#1000,#1002,.T.);
#1000 = VERTEX_POINT('',#1001);
#1001 = CARTESIAN_POINT('',(-1.14,0.75,0.22));
#1002 = LINE('',#1003,#1004);
#1003 = CARTESIAN_POINT('',(-1.14,-0.272629672442,0.22));
#1004 = VECTOR('',#1005,1.);
#1005 = DIRECTION('',(2.22044604925E-16,1.,0.));
#1006 = ORIENTED_EDGE('',*,*,#1007,.T.);
#1007 = EDGE_CURVE('',#1000,#1008,#1010,.T.);
#1008 = VERTEX_POINT('',#1009);
#1009 = CARTESIAN_POINT('',(-2.225259344883,0.75,0.22));
#1010 = LINE('',#1011,#1012);
#1011 = CARTESIAN_POINT('',(0.117096097639,0.75,0.22));
#1012 = VECTOR('',#1013,1.);
#1013 = DIRECTION('',(-1.,2.22044604925E-16,0.));
#1014 = ORIENTED_EDGE('',*,*,#1015,.F.);
#1015 = EDGE_CURVE('',#917,#1008,#1016,.T.);
#1016 = LINE('',#1017,#1018);
#1017 = CARTESIAN_POINT('',(-2.225259344883,1.295259344883,0.22));
#1018 = VECTOR('',#1019,1.);
#1019 = DIRECTION('',(-2.22044604925E-16,-1.,0.));
#1020 = PLANE('',#1021);
#1021 = AXIS2_PLACEMENT_3D('',#1022,#1023,#1024);
#1022 = CARTESIAN_POINT('',(2.225259344883,-1.295259344883,0.22));
#1023 = DIRECTION('',(0.,0.,-1.));
#1024 = DIRECTION('',(-0.864253276514,0.503056929218,0.));
#1025 = ADVANCED_FACE('',(#1026),#1063,.T.);
#1026 = FACE_BOUND('',#1027,.T.);
#1027 = EDGE_LOOP('',(#1028,#1029,#1030,#1040,#1047,#1055,#1056,#1057));
#1028 = ORIENTED_EDGE('',*,*,#924,.F.);
#1029 = ORIENTED_EDGE('',*,*,#1015,.T.);
#1030 = ORIENTED_EDGE('',*,*,#1031,.T.);
#1031 = EDGE_CURVE('',#1008,#1032,#1034,.T.);
#1032 = VERTEX_POINT('',#1033);
#1033 = CARTESIAN_POINT('',(-2.225413939802,0.75,0.2222));
#1034 = B_SPLINE_CURVE_WITH_KNOTS('',4,(#1035,#1036,#1037,#1038,#1039),
  .UNSPECIFIED.,.F.,.F.,(5,5),(0.,1.),.PIECEWISE_BEZIER_KNOTS.);
#1035 = CARTESIAN_POINT('',(-2.225259344883,0.75,0.22));
#1036 = CARTESIAN_POINT('',(-2.238768685756,0.75,0.412247910026));
#1037 = CARTESIAN_POINT('',(-2.25227825666,0.75,0.604499093572));
#1038 = CARTESIAN_POINT('',(-2.265788033788,0.75,0.796753211837));
#1039 = CARTESIAN_POINT('',(-2.279297998531,0.75,0.98901));
#1040 = ORIENTED_EDGE('',*,*,#1041,.F.);
#1041 = EDGE_CURVE('',#1042,#1032,#1044,.T.);
#1042 = VERTEX_POINT('',#1043);
#1043 = CARTESIAN_POINT('',(-2.225413939802,-0.75,0.2222));
#1044 = B_SPLINE_CURVE_WITH_KNOTS('',1,(#1045,#1046),.UNSPECIFIED.,.F.,
  .F.,(2,2),(0.,1.),.PIECEWISE_BEZIER_KNOTS.);
#1045 = CARTESIAN_POINT('',(-2.225413939802,-0.75,0.2222));
#1046 = CARTESIAN_POINT('',(-2.225413939802,0.75,0.2222));
#1047 = ORIENTED_EDGE('',*,*,#1048,.F.);
#1048 = EDGE_CURVE('',#984,#1042,#1049,.T.);
#1049 = B_SPLINE_CURVE_WITH_KNOTS('',4,(#1050,#1051,#1052,#1053,#1054),
  .UNSPECIFIED.,.F.,.F.,(5,5),(0.,1.),.PIECEWISE_BEZIER_KNOTS.);
#1050 = CARTESIAN_POINT('',(-2.225259344883,-0.75,0.22));
#1051 = CARTESIAN_POINT('',(-2.238768685756,-0.75,0.412247910026));
#1052 = CARTESIAN_POINT('',(-2.25227825666,-0.75,0.604499093572));
#1053 = CARTESIAN_POINT('',(-2.265788033788,-0.75,0.796753211837));
#1054 = CARTESIAN_POINT('',(-2.279297998531,-0.75,0.98901));
#1055 = ORIENTED_EDGE('',*,*,#983,.T.);
#1056 = ORIENTED_EDGE('',*,*,#865,.T.);
#1057 = ORIENTED_EDGE('',*,*,#1058,.F.);
#1058 = EDGE_CURVE('',#925,#858,#1059,.T.);
#1059 = LINE('',#1060,#1061);
#1060 = CARTESIAN_POINT('',(-2.28,1.35,0.999));
#1061 = VECTOR('',#1062,1.);
#1062 = DIRECTION('',(-2.22044604925E-16,-1.,0.));
#1063 = B_SPLINE_SURFACE_WITH_KNOTS('',1,1,(
    (#1064,#1065)
    ,(#1066,#1067
    )),.UNSPECIFIED.,.F.,.F.,.F.,(2,2),(2,2),(0.,2.7),(0.,1.),
  .PIECEWISE_BEZIER_KNOTS.);
#1064 = CARTESIAN_POINT('',(-2.225259344883,1.295259344883,0.22));
#1065 = CARTESIAN_POINT('',(-2.28,1.35,0.999));
#1066 = CARTESIAN_POINT('',(-2.225259344883,-1.295259344883,0.22));
#1067 = CARTESIAN_POINT('',(-2.28,-1.35,0.999));
#1068 = ADVANCED_FACE('',(#1069),#1086,.T.);
#1069 = FACE_BOUND('',#1070,.T.);
#1070 = EDGE_LOOP('',(#1071,#1079,#1080,#1081));
#1071 = ORIENTED_EDGE('',*,*,#1072,.T.);
#1072 = EDGE_CURVE('',#1073,#947,#1075,.T.);
#1073 = VERTEX_POINT('',#1074);
#1074 = CARTESIAN_POINT('',(-1.1,-1.279799853066,0.));
#1075 = LINE('',#1076,#1077);
#1076 = CARTESIAN_POINT('',(-1.1,-1.279799853066,0.));
#1077 = VECTOR('',#1078,1.);
#1078 = DIRECTION('',(1.,-2.22044604925E-16,0.));
#1079 = ORIENTED_EDGE('',*,*,#962,.T.);
#1080 = ORIENTED_EDGE('',*,*,#849,.F.);
#1081 = ORIENTED_EDGE('',*,*,#1082,.F.);
#1082 = EDGE_CURVE('',#1073,#842,#1083,.T.);
#1083 = B_SPLINE_CURVE_WITH_KNOTS('',1,(#1084,#1085),.UNSPECIFIED.,.F.,
  .F.,(2,2),(0.,1.),.PIECEWISE_BEZIER_KNOTS.);
#1084 = CARTESIAN_POINT('',(-1.1,-1.279799853066,0.));
#1085 = CARTESIAN_POINT('',(-1.1,-1.295259344883,0.22));
#1086 = PLANE('',#1087);
#1087 = AXIS2_PLACEMENT_3D('',#1088,#1089,#1090);
#1088 = CARTESIAN_POINT('',(-1.1,-1.295259344883,0.22));
#1089 = DIRECTION('',(-2.214984063823E-16,-0.997540140447,
    -7.009756199374E-02));
#1090 = DIRECTION('',(1.,-2.22044604925E-16,-1.177128382009E-30));
#1091 = ADVANCED_FACE('',(#1092),#1109,.T.);
#1092 = FACE_BOUND('',#1093,.T.);
#1093 = EDGE_LOOP('',(#1094,#1095,#1096,#1104));
#1094 = ORIENTED_EDGE('',*,*,#857,.T.);
#1095 = ORIENTED_EDGE('',*,*,#894,.T.);
#1096 = ORIENTED_EDGE('',*,*,#1097,.F.);
#1097 = EDGE_CURVE('',#1098,#887,#1100,.T.);
#1098 = VERTEX_POINT('',#1099);
#1099 = CARTESIAN_POINT('',(-2.194199820414,-1.264199820414,2.22));
#1100 = LINE('',#1101,#1102);
#1101 = CARTESIAN_POINT('',(-2.194199820414,-1.264199820414,2.22));
#1102 = VECTOR('',#1103,1.);
#1103 = DIRECTION('',(1.,-2.22044604925E-16,0.));
#1104 = ORIENTED_EDGE('',*,*,#1105,.F.);
#1105 = EDGE_CURVE('',#858,#1098,#1106,.T.);
#1106 = B_SPLINE_CURVE_WITH_KNOTS('',1,(#1107,#1108),.UNSPECIFIED.,.F.,
  .F.,(2,2),(0.,1.),.PIECEWISE_BEZIER_KNOTS.);
#1107 = CARTESIAN_POINT('',(-2.28,-1.35,0.999));
#1108 = CARTESIAN_POINT('',(-2.194199820414,-1.264199820414,2.22));
#1109 = B_SPLINE_SURFACE_WITH_KNOTS('',1,1,(
    (#1110,#1111)
    ,(#1112,#1113
    )),.UNSPECIFIED.,.F.,.F.,.F.,(2,2),(2,2),(0.,4.56),(0.,1.),
  .PIECEWISE_BEZIER_KNOTS.);
#1110 = CARTESIAN_POINT('',(-2.28,-1.35,0.999));
#1111 = CARTESIAN_POINT('',(-2.194199820414,-1.264199820414,2.22));
#1112 = CARTESIAN_POINT('',(2.28,-1.35,0.999));
#1113 = CARTESIAN_POINT('',(2.194199820414,-1.264199820414,2.22));
#1114 = ADVANCED_FACE('',(#1115),#1132,.T.);
#1115 = FACE_BOUND('',#1116,.T.);
#1116 = EDGE_LOOP('',(#1117,#1118,#1125,#1131));
#1117 = ORIENTED_EDGE('',*,*,#931,.T.);
#1118 = ORIENTED_EDGE('',*,*,#1119,.T.);
#1119 = EDGE_CURVE('',#925,#1120,#1122,.T.);
#1120 = VERTEX_POINT('',#1121);
#1121 = CARTESIAN_POINT('',(-2.194199820414,1.264199820414,2.22));
#1122 = B_SPLINE_CURVE_WITH_KNOTS('',1,(#1123,#1124),.UNSPECIFIED.,.F.,
  .F.,(2,2),(0.,1.),.PIECEWISE_BEZIER_KNOTS.);
#1123 = CARTESIAN_POINT('',(-2.28,1.35,0.999));
#1124 = CARTESIAN_POINT('',(-2.194199820414,1.264199820414,2.22));
#1125 = ORIENTED_EDGE('',*,*,#1126,.F.);
#1126 = EDGE_CURVE('',#880,#1120,#1127,.T.);
#1127 = LINE('',#1128,#1129);
#1128 = CARTESIAN_POINT('',(2.194199820414,1.264199820414,2.22));
#1129 = VECTOR('',#1130,1.);
#1130 = DIRECTION('',(-1.,2.22044604925E-16,0.));
#1131 = ORIENTED_EDGE('',*,*,#879,.F.);
#1132 = B_SPLINE_SURFACE_WITH_KNOTS('',1,1,(
    (#1133,#1134)
    ,(#1135,#1136
    )),.UNSPECIFIED.,.F.,.F.,.F.,(2,2),(2,2),(0.,4.56),(0.,1.),
  .PIECEWISE_BEZIER_KNOTS.);
#1133 = CARTESIAN_POINT('',(2.28,1.35,0.999));
#1134 = CARTESIAN_POINT('',(2.194199820414,1.264199820414,2.22));
#1135 = CARTESIAN_POINT('',(-2.28,1.35,0.999));
#1136 = CARTESIAN_POINT('',(-2.194199820414,1.264199820414,2.22));
#1137 = ADVANCED_FACE('',(#1138,#1149),#1183,.F.);
#1138 = FACE_BOUND('',#1139,.F.);
#1139 = EDGE_LOOP('',(#1140,#1141,#1142,#1148));
#1140 = ORIENTED_EDGE('',*,*,#886,.F.);
#1141 = ORIENTED_EDGE('',*,*,#1097,.F.);
#1142 = ORIENTED_EDGE('',*,*,#1143,.F.);
#1143 = EDGE_CURVE('',#1120,#1098,#1144,.T.);
#1144 = LINE('',#1145,#1146);
#1145 = CARTESIAN_POINT('',(-2.194199820414,1.264199820414,2.22));
#1146 = VECTOR('',#1147,1.);
#1147 = DIRECTION('',(-2.22044604925E-16,-1.,0.));
#1148 = ORIENTED_EDGE('',*,*,#1126,.F.);
#1149 = FACE_BOUND('',#1150,.F.);
#1150 = EDGE_LOOP('',(#1151,#1161,#1169,#1177));
#1151 = ORIENTED_EDGE('',*,*,#1152,.T.);
#1152 = EDGE_CURVE('',#1153,#1155,#1157,.T.);
#1153 = VERTEX_POINT('',#1154);
#1154 = CARTESIAN_POINT('',(-1.508399640828,1.178399640828,2.22));
#1155 = VERTEX_POINT('',#1156);
#1156 = CARTESIAN_POINT('',(-2.108399640828,1.178399640828,2.22));
#1157 = LINE('',#1158,#1159);
#1158 = CARTESIAN_POINT('',(-1.508399640828,1.178399640828,2.22));
#1159 = VECTOR('',#1160,1.);
#1160 = DIRECTION('',(-1.,2.22044604925E-16,0.));
#1161 = ORIENTED_EDGE('',*,*,#1162,.T.);
#1162 = EDGE_CURVE('',#1155,#1163,#1165,.T.);
#1163 = VERTEX_POINT('',#1164);
#1164 = CARTESIAN_POINT('',(-2.108399640828,-1.178399640828,2.22));
#1165 = LINE('',#1166,#1167);
#1166 = CARTESIAN_POINT('',(-2.108399640828,1.178399640828,2.22));
#1167 = VECTOR('',#1168,1.);
#1168 = DIRECTION('',(-2.22044604925E-16,-1.,0.));
#1169 = ORIENTED_EDGE('',*,*,#1170,.T.);
#1170 = EDGE_CURVE('',#1163,#1171,#1173,.T.);
#1171 = VERTEX_POINT('',#1172);
#1172 = CARTESIAN_POINT('',(-1.508399640828,-1.178399640828,2.22));
#1173 = LINE('',#1174,#1175);
#1174 = CARTESIAN_POINT('',(-2.108399640828,-1.178399640828,2.22));
#1175 = VECTOR('',#1176,1.);
#1176 = DIRECTION('',(1.,-2.22044604925E-16,0.));
#1177 = ORIENTED_EDGE('',*,*,#1178,.T.);
#1178 = EDGE_CURVE('',#1171,#1153,#1179,.T.);
#1179 = LINE('',#1180,#1181);
#1180 = CARTESIAN_POINT('',(-1.508399640828,-1.178399640828,2.22));
#1181 = VECTOR('',#1182,1.);
#1182 = DIRECTION('',(2.22044604925E-16,1.,0.));
#1183 = PLANE('',#1184);
#1184 = AXIS2_PLACEMENT_3D('',#1185,#1186,#1187);
#1185 = CARTESIAN_POINT('',(2.194199820414,-1.264199820414,2.22));
#1186 = DIRECTION('',(0.,0.,-1.));
#1187 = DIRECTION('',(-0.866473406918,0.499223231735,0.));
#1188 = ADVANCED_FACE('',(#1189),#1206,.T.);
#1189 = FACE_BOUND('',#1190,.T.);
#1190 = EDGE_LOOP('',(#1191,#1199,#1204,#1205));
#1191 = ORIENTED_EDGE('',*,*,#1192,.T.);
#1192 = EDGE_CURVE('',#949,#1193,#1195,.T.);
#1193 = VERTEX_POINT('',#1194);
#1194 = CARTESIAN_POINT('',(-1.1,1.279799853066,0.));
#1195 = LINE('',#1196,#1197);
#1196 = CARTESIAN_POINT('',(1.1,1.279799853066,0.));
#1197 = VECTOR('',#1198,1.);
#1198 = DIRECTION('',(-1.,2.22044604925E-16,0.));
#1199 = ORIENTED_EDGE('',*,*,#1200,.T.);
#1200 = EDGE_CURVE('',#1193,#909,#1201,.T.);
#1201 = B_SPLINE_CURVE_WITH_KNOTS('',1,(#1202,#1203),.UNSPECIFIED.,.F.,
  .F.,(2,2),(0.,1.),.PIECEWISE_BEZIER_KNOTS.);
#1202 = CARTESIAN_POINT('',(-1.1,1.279799853066,0.));
#1203 = CARTESIAN_POINT('',(-1.1,1.295259344883,0.22));
#1204 = ORIENTED_EDGE('',*,*,#908,.F.);
#1205 = ORIENTED_EDGE('',*,*,#956,.F.);
#1206 = PLANE('',#1207);
#1207 = AXIS2_PLACEMENT_3D('',#1208,#1209,#1210);
#1208 = CARTESIAN_POINT('',(1.1,1.295259344883,0.22));
#1209 = DIRECTION('',(2.214984063823E-16,0.997540140447,
    -7.009756199374E-02));
#1210 = DIRECTION('',(-1.,2.22044604925E-16,-1.177128382009E-30));
#1211 = ADVANCED_FACE('',(#1212),#1223,.T.);
#1212 = FACE_BOUND('',#1213,.F.);
#1213 = EDGE_LOOP('',(#1214,#1215,#1216,#1222));
#1214 = ORIENTED_EDGE('',*,*,#946,.T.);
#1215 = ORIENTED_EDGE('',*,*,#1192,.T.);
#1216 = ORIENTED_EDGE('',*,*,#1217,.T.);
#1217 = EDGE_CURVE('',#1193,#1073,#1218,.T.);
#1218 = LINE('',#1219,#1220);
#1219 = CARTESIAN_POINT('',(-1.1,1.279799853066,0.));
#1220 = VECTOR('',#1221,1.);
#1221 = DIRECTION('',(-2.22044604925E-16,-1.,0.));
#1222 = ORIENTED_EDGE('',*,*,#1072,.T.);
#1223 = PLANE('',#1224);
#1224 = AXIS2_PLACEMENT_3D('',#1225,#1226,#1227);
#1225 = CARTESIAN_POINT('',(1.1,-1.279799853066,0.));
#1226 = DIRECTION('',(0.,0.,-1.));
#1227 = DIRECTION('',(-0.651825367196,0.758369099238,0.));
#1228 = ADVANCED_FACE('',(#1229),#1297,.T.);
#1229 = FACE_BOUND('',#1230,.T.);
#1230 = EDGE_LOOP('',(#1231,#1242,#1250,#1259,#1267,#1275,#1281,#1282,
    #1283,#1291));
#1231 = ORIENTED_EDGE('',*,*,#1232,.F.);
#1232 = EDGE_CURVE('',#1233,#1235,#1237,.T.);
#1233 = VERTEX_POINT('',#1234);
#1234 = CARTESIAN_POINT('',(-2.5,0.75,0.146666666667));
#1235 = VERTEX_POINT('',#1236);
#1236 = CARTESIAN_POINT('',(-2.353333333333,0.75,-2.775557561563E-17));
#1237 = CIRCLE('',#1238,0.146666666667);
#1238 = AXIS2_PLACEMENT_3D('',#1239,#1240,#1241);
#1239 = CARTESIAN_POINT('',(-2.353333333333,0.75,0.146666666667));
#1240 = DIRECTION('',(-2.22044604925E-16,-1.,0.));
#1241 = DIRECTION('',(0.,0.,1.));
#1242 = ORIENTED_EDGE('',*,*,#1243,.T.);
#1243 = EDGE_CURVE('',#1233,#1244,#1246,.T.);
#1244 = VERTEX_POINT('',#1245);
#1245 = CARTESIAN_POINT('',(-2.5,0.75,0.842343333333));
#1246 = LINE('',#1247,#1248);
#1247 = CARTESIAN_POINT('',(-2.5,0.75,0.));
#1248 = VECTOR('',#1249,1.);
#1249 = DIRECTION('',(0.,0.,1.));
#1250 = ORIENTED_EDGE('',*,*,#1251,.T.);
#1251 = EDGE_CURVE('',#1244,#1252,#1254,.T.);
#1252 = VERTEX_POINT('',#1253);
#1253 = CARTESIAN_POINT('',(-2.353333333333,0.75,0.98901));
#1254 = CIRCLE('',#1255,0.146666666667);
#1255 = AXIS2_PLACEMENT_3D('',#1256,#1257,#1258);
#1256 = CARTESIAN_POINT('',(-2.353333333333,0.75,0.842343333333));
#1257 = DIRECTION('',(2.22044604925E-16,1.,-0.));
#1258 = DIRECTION('',(0.,0.,1.));
#1259 = ORIENTED_EDGE('',*,*,#1260,.T.);
#1260 = EDGE_CURVE('',#1252,#1261,#1263,.T.);
#1261 = VERTEX_POINT('',#1262);
#1262 = CARTESIAN_POINT('',(-2.28,0.75,0.98901));
#1263 = LINE('',#1264,#1265);
#1264 = CARTESIAN_POINT('',(-2.5,0.75,0.98901));
#1265 = VECTOR('',#1266,1.);
#1266 = DIRECTION('',(1.,-2.22044604925E-16,0.));
#1267 = ORIENTED_EDGE('',*,*,#1268,.F.);
#1268 = EDGE_CURVE('',#1269,#1261,#1271,.T.);
#1269 = VERTEX_POINT('',#1270);
#1270 = CARTESIAN_POINT('',(-2.28,0.75,0.2222));
#1271 = LINE('',#1272,#1273);
#1272 = CARTESIAN_POINT('',(-2.28,0.75,0.));
#1273 = VECTOR('',#1274,1.);
#1274 = DIRECTION('',(0.,0.,1.));
#1275 = ORIENTED_EDGE('',*,*,#1276,.T.);
#1276 = EDGE_CURVE('',#1269,#1032,#1277,.T.);
#1277 = LINE('',#1278,#1279);
#1278 = CARTESIAN_POINT('',(-2.28,0.75,0.2222));
#1279 = VECTOR('',#1280,1.);
#1280 = DIRECTION('',(1.,-2.22044604925E-16,0.));
#1281 = ORIENTED_EDGE('',*,*,#1031,.F.);
#1282 = ORIENTED_EDGE('',*,*,#1007,.F.);
#1283 = ORIENTED_EDGE('',*,*,#1284,.F.);
#1284 = EDGE_CURVE('',#1285,#1000,#1287,.T.);
#1285 = VERTEX_POINT('',#1286);
#1286 = CARTESIAN_POINT('',(-1.14,0.75,0.));
#1287 = LINE('',#1288,#1289);
#1288 = CARTESIAN_POINT('',(-1.14,0.75,0.));
#1289 = VECTOR('',#1290,1.);
#1290 = DIRECTION('',(0.,0.,1.));
#1291 = ORIENTED_EDGE('',*,*,#1292,.F.);
#1292 = EDGE_CURVE('',#1235,#1285,#1293,.T.);
#1293 = LINE('',#1294,#1295);
#1294 = CARTESIAN_POINT('',(-2.28,0.75,0.));
#1295 = VECTOR('',#1296,1.);
#1296 = DIRECTION('',(1.,-2.22044604925E-16,0.));
#1297 = PLANE('',#1298);
#1298 = AXIS2_PLACEMENT_3D('',#1299,#1300,#1301);
#1299 = CARTESIAN_POINT('',(-1.991067149606,0.75,0.303091083877));
#1300 = DIRECTION('',(2.22044604925E-16,1.,-7.960022943413E-32));
#1301 = DIRECTION('',(-1.,2.22044604925E-16,0.));
#1302 = ADVANCED_FACE('',(#1303),#1321,.T.);
#1303 = FACE_BOUND('',#1304,.T.);
#1304 = EDGE_LOOP('',(#1305,#1313,#1314,#1315));
#1305 = ORIENTED_EDGE('',*,*,#1306,.F.);
#1306 = EDGE_CURVE('',#1285,#1307,#1309,.T.);
#1307 = VERTEX_POINT('',#1308);
#1308 = CARTESIAN_POINT('',(-1.14,-0.75,0.));
#1309 = LINE('',#1310,#1311);
#1310 = CARTESIAN_POINT('',(-1.14,0.75,0.));
#1311 = VECTOR('',#1312,1.);
#1312 = DIRECTION('',(-2.22044604925E-16,-1.,0.));
#1313 = ORIENTED_EDGE('',*,*,#1284,.T.);
#1314 = ORIENTED_EDGE('',*,*,#999,.F.);
#1315 = ORIENTED_EDGE('',*,*,#1316,.F.);
#1316 = EDGE_CURVE('',#1307,#992,#1317,.T.);
#1317 = LINE('',#1318,#1319);
#1318 = CARTESIAN_POINT('',(-1.14,-0.75,0.));
#1319 = VECTOR('',#1320,1.);
#1320 = DIRECTION('',(0.,0.,1.));
#1321 = PLANE('',#1322);
#1322 = AXIS2_PLACEMENT_3D('',#1323,#1324,#1325);
#1323 = CARTESIAN_POINT('',(-1.14,0.75,0.));
#1324 = DIRECTION('',(1.,-2.22044604925E-16,0.));
#1325 = DIRECTION('',(-2.22044604925E-16,-1.,0.));
#1326 = ADVANCED_FACE('',(#1327),#1388,.T.);
#1327 = FACE_BOUND('',#1328,.T.);
#1328 = EDGE_LOOP('',(#1329,#1339,#1348,#1354,#1355,#1356,#1357,#1365,
    #1373,#1381));
#1329 = ORIENTED_EDGE('',*,*,#1330,.F.);
#1330 = EDGE_CURVE('',#1331,#1333,#1335,.T.);
#1331 = VERTEX_POINT('',#1332);
#1332 = CARTESIAN_POINT('',(-2.5,-0.75,0.146666666667));
#1333 = VERTEX_POINT('',#1334);
#1334 = CARTESIAN_POINT('',(-2.5,-0.75,0.842343333333));
#1335 = LINE('',#1336,#1337);
#1336 = CARTESIAN_POINT('',(-2.5,-0.75,0.));
#1337 = VECTOR('',#1338,1.);
#1338 = DIRECTION('',(0.,0.,1.));
#1339 = ORIENTED_EDGE('',*,*,#1340,.T.);
#1340 = EDGE_CURVE('',#1331,#1341,#1343,.T.);
#1341 = VERTEX_POINT('',#1342);
#1342 = CARTESIAN_POINT('',(-2.353333333333,-0.75,-2.775557561563E-17));
#1343 = CIRCLE('',#1344,0.146666666667);
#1344 = AXIS2_PLACEMENT_3D('',#1345,#1346,#1347);
#1345 = CARTESIAN_POINT('',(-2.353333333333,-0.75,0.146666666667));
#1346 = DIRECTION('',(-2.22044604925E-16,-1.,0.));
#1347 = DIRECTION('',(0.,0.,1.));
#1348 = ORIENTED_EDGE('',*,*,#1349,.F.);
#1349 = EDGE_CURVE('',#1307,#1341,#1350,.T.);
#1350 = LINE('',#1351,#1352);
#1351 = CARTESIAN_POINT('',(-2.28,-0.75,0.));
#1352 = VECTOR('',#1353,1.);
#1353 = DIRECTION('',(-1.,2.22044604925E-16,0.));
#1354 = ORIENTED_EDGE('',*,*,#1316,.T.);
#1355 = ORIENTED_EDGE('',*,*,#991,.F.);
#1356 = ORIENTED_EDGE('',*,*,#1048,.T.);
#1357 = ORIENTED_EDGE('',*,*,#1358,.T.);
#1358 = EDGE_CURVE('',#1042,#1359,#1361,.T.);
#1359 = VERTEX_POINT('',#1360);
#1360 = CARTESIAN_POINT('',(-2.28,-0.75,0.2222));
#1361 = LINE('',#1362,#1363);
#1362 = CARTESIAN_POINT('',(-1.14,-0.75,0.2222));
#1363 = VECTOR('',#1364,1.);
#1364 = DIRECTION('',(-1.,2.22044604925E-16,0.));
#1365 = ORIENTED_EDGE('',*,*,#1366,.T.);
#1366 = EDGE_CURVE('',#1359,#1367,#1369,.T.);
#1367 = VERTEX_POINT('',#1368);
#1368 = CARTESIAN_POINT('',(-2.28,-0.75,0.98901));
#1369 = LINE('',#1370,#1371);
#1370 = CARTESIAN_POINT('',(-2.28,-0.75,0.));
#1371 = VECTOR('',#1372,1.);
#1372 = DIRECTION('',(0.,0.,1.));
#1373 = ORIENTED_EDGE('',*,*,#1374,.T.);
#1374 = EDGE_CURVE('',#1367,#1375,#1377,.T.);
#1375 = VERTEX_POINT('',#1376);
#1376 = CARTESIAN_POINT('',(-2.353333333333,-0.75,0.98901));
#1377 = LINE('',#1378,#1379);
#1378 = CARTESIAN_POINT('',(-2.28,-0.75,0.98901));
#1379 = VECTOR('',#1380,1.);
#1380 = DIRECTION('',(-1.,2.22044604925E-16,0.));
#1381 = ORIENTED_EDGE('',*,*,#1382,.F.);
#1382 = EDGE_CURVE('',#1333,#1375,#1383,.T.);
#1383 = CIRCLE('',#1384,0.146666666667);
#1384 = AXIS2_PLACEMENT_3D('',#1385,#1386,#1387);
#1385 = CARTESIAN_POINT('',(-2.353333333333,-0.75,0.842343333333));
#1386 = DIRECTION('',(2.22044604925E-16,1.,-0.));
#1387 = DIRECTION('',(0.,0.,1.));
#1388 = PLANE('',#1389);
#1389 = AXIS2_PLACEMENT_3D('',#1390,#1391,#1392);
#1390 = CARTESIAN_POINT('',(-1.991067149606,-0.75,0.303091083877));
#1391 = DIRECTION('',(-2.22044604925E-16,-1.,-0.));
#1392 = DIRECTION('',(0.,0.,-1.));
#1393 = ADVANCED_FACE('',(#1394),#1400,.T.);
#1394 = FACE_BOUND('',#1395,.T.);
#1395 = EDGE_LOOP('',(#1396,#1397,#1398,#1399));
#1396 = ORIENTED_EDGE('',*,*,#1217,.T.);
#1397 = ORIENTED_EDGE('',*,*,#1082,.T.);
#1398 = ORIENTED_EDGE('',*,*,#976,.F.);
#1399 = ORIENTED_EDGE('',*,*,#1200,.F.);
#1400 = B_SPLINE_SURFACE_WITH_KNOTS('',1,1,(
    (#1401,#1402)
    ,(#1403,#1404
    )),.UNSPECIFIED.,.F.,.F.,.F.,(2,2),(2,2),(0.,2.590518689767),(0.,1.)
  ,.PIECEWISE_BEZIER_KNOTS.);
#1401 = CARTESIAN_POINT('',(-1.1,1.279799853066,0.));
#1402 = CARTESIAN_POINT('',(-1.1,1.295259344883,0.22));
#1403 = CARTESIAN_POINT('',(-1.1,-1.279799853066,0.));
#1404 = CARTESIAN_POINT('',(-1.1,-1.295259344883,0.22));
#1405 = ADVANCED_FACE('',(#1406),#1412,.T.);
#1406 = FACE_BOUND('',#1407,.T.);
#1407 = EDGE_LOOP('',(#1408,#1409,#1410,#1411));
#1408 = ORIENTED_EDGE('',*,*,#1058,.T.);
#1409 = ORIENTED_EDGE('',*,*,#1105,.T.);
#1410 = ORIENTED_EDGE('',*,*,#1143,.F.);
#1411 = ORIENTED_EDGE('',*,*,#1119,.F.);
#1412 = B_SPLINE_SURFACE_WITH_KNOTS('',1,1,(
    (#1413,#1414)
    ,(#1415,#1416
    )),.UNSPECIFIED.,.F.,.F.,.F.,(2,2),(2,2),(0.,2.7),(0.,1.),
  .PIECEWISE_BEZIER_KNOTS.);
#1413 = CARTESIAN_POINT('',(-2.28,1.35,0.999));
#1414 = CARTESIAN_POINT('',(-2.194199820414,1.264199820414,2.22));
#1415 = CARTESIAN_POINT('',(-2.28,-1.35,0.999));
#1416 = CARTESIAN_POINT('',(-2.194199820414,-1.264199820414,2.22));
#1417 = ADVANCED_FACE('',(#1418),#1429,.F.);
#1418 = FACE_BOUND('',#1419,.F.);
#1419 = EDGE_LOOP('',(#1420,#1421,#1422,#1428));
#1420 = ORIENTED_EDGE('',*,*,#1041,.F.);
#1421 = ORIENTED_EDGE('',*,*,#1358,.T.);
#1422 = ORIENTED_EDGE('',*,*,#1423,.T.);
#1423 = EDGE_CURVE('',#1359,#1269,#1424,.T.);
#1424 = LINE('',#1425,#1426);
#1425 = CARTESIAN_POINT('',(-2.28,-0.75,0.2222));
#1426 = VECTOR('',#1427,1.);
#1427 = DIRECTION('',(2.22044604925E-16,1.,0.));
#1428 = ORIENTED_EDGE('',*,*,#1276,.T.);
#1429 = PLANE('',#1430);
#1430 = AXIS2_PLACEMENT_3D('',#1431,#1432,#1433);
#1431 = CARTESIAN_POINT('',(-1.71,4.440892098501E-16,0.2222));
#1432 = DIRECTION('',(0.,-0.,-1.));
#1433 = DIRECTION('',(-2.22044604925E-16,-1.,0.));
#1434 = ADVANCED_FACE('',(#1435),#1458,.F.);
#1435 = FACE_BOUND('',#1436,.F.);
#1436 = EDGE_LOOP('',(#1437,#1447,#1452,#1453));
#1437 = ORIENTED_EDGE('',*,*,#1438,.T.);
#1438 = EDGE_CURVE('',#1439,#1441,#1443,.T.);
#1439 = VERTEX_POINT('',#1440);
#1440 = CARTESIAN_POINT('',(-1.508399640828,1.178399640828,2.2178));
#1441 = VERTEX_POINT('',#1442);
#1442 = CARTESIAN_POINT('',(-2.108399640828,1.178399640828,2.2178));
#1443 = LINE('',#1444,#1445);
#1444 = CARTESIAN_POINT('',(-1.508399640828,1.178399640828,2.2178));
#1445 = VECTOR('',#1446,1.);
#1446 = DIRECTION('',(-1.,2.22044604925E-16,0.));
#1447 = ORIENTED_EDGE('',*,*,#1448,.T.);
#1448 = EDGE_CURVE('',#1441,#1155,#1449,.T.);
#1449 = B_SPLINE_CURVE_WITH_KNOTS('',1,(#1450,#1451),.UNSPECIFIED.,.F.,
  .F.,(2,2),(0.,1.),.PIECEWISE_BEZIER_KNOTS.);
#1450 = CARTESIAN_POINT('',(-2.108399640828,1.178399640828,2.2178));
#1451 = CARTESIAN_POINT('',(-2.108399640828,1.178399640828,2.22));
#1452 = ORIENTED_EDGE('',*,*,#1152,.F.);
#1453 = ORIENTED_EDGE('',*,*,#1454,.F.);
#1454 = EDGE_CURVE('',#1439,#1153,#1455,.T.);
#1455 = B_SPLINE_CURVE_WITH_KNOTS('',1,(#1456,#1457),.UNSPECIFIED.,.F.,
  .F.,(2,2),(0.,1.),.PIECEWISE_BEZIER_KNOTS.);
#1456 = CARTESIAN_POINT('',(-1.508399640828,1.178399640828,2.2178));
#1457 = CARTESIAN_POINT('',(-1.508399640828,1.178399640828,2.22));
#1458 = PLANE('',#1459);
#1459 = AXIS2_PLACEMENT_3D('',#1460,#1461,#1462);
#1460 = CARTESIAN_POINT('',(-1.508399640828,1.178399640828,2.22));
#1461 = DIRECTION('',(2.22044604925E-16,1.,0.));
#1462 = DIRECTION('',(-1.,2.22044604925E-16,0.));
#1463 = ADVANCED_FACE('',(#1464),#1481,.F.);
#1464 = FACE_BOUND('',#1465,.F.);
#1465 = EDGE_LOOP('',(#1466,#1474,#1475,#1476));
#1466 = ORIENTED_EDGE('',*,*,#1467,.T.);
#1467 = EDGE_CURVE('',#1468,#1439,#1470,.T.);
#1468 = VERTEX_POINT('',#1469);
#1469 = CARTESIAN_POINT('',(-1.508399640828,-1.178399640828,2.2178));
#1470 = LINE('',#1471,#1472);
#1471 = CARTESIAN_POINT('',(-1.508399640828,-1.178399640828,2.2178));
#1472 = VECTOR('',#1473,1.);
#1473 = DIRECTION('',(2.22044604925E-16,1.,0.));
#1474 = ORIENTED_EDGE('',*,*,#1454,.T.);
#1475 = ORIENTED_EDGE('',*,*,#1178,.F.);
#1476 = ORIENTED_EDGE('',*,*,#1477,.F.);
#1477 = EDGE_CURVE('',#1468,#1171,#1478,.T.);
#1478 = B_SPLINE_CURVE_WITH_KNOTS('',1,(#1479,#1480),.UNSPECIFIED.,.F.,
  .F.,(2,2),(0.,1.),.PIECEWISE_BEZIER_KNOTS.);
#1479 = CARTESIAN_POINT('',(-1.508399640828,-1.178399640828,2.2178));
#1480 = CARTESIAN_POINT('',(-1.508399640828,-1.178399640828,2.22));
#1481 = PLANE('',#1482);
#1482 = AXIS2_PLACEMENT_3D('',#1483,#1484,#1485);
#1483 = CARTESIAN_POINT('',(-1.508399640828,-1.178399640828,2.22));
#1484 = DIRECTION('',(1.,-2.22044604925E-16,0.));
#1485 = DIRECTION('',(2.22044604925E-16,1.,0.));
#1486 = ADVANCED_FACE('',(#1487),#1504,.F.);
#1487 = FACE_BOUND('',#1488,.F.);
#1488 = EDGE_LOOP('',(#1489,#1497,#1498,#1499));
#1489 = ORIENTED_EDGE('',*,*,#1490,.T.);
#1490 = EDGE_CURVE('',#1491,#1468,#1493,.T.);
#1491 = VERTEX_POINT('',#1492);
#1492 = CARTESIAN_POINT('',(-2.108399640828,-1.178399640828,2.2178));
#1493 = LINE('',#1494,#1495);
#1494 = CARTESIAN_POINT('',(-2.108399640828,-1.178399640828,2.2178));
#1495 = VECTOR('',#1496,1.);
#1496 = DIRECTION('',(1.,-2.22044604925E-16,0.));
#1497 = ORIENTED_EDGE('',*,*,#1477,.T.);
#1498 = ORIENTED_EDGE('',*,*,#1170,.F.);
#1499 = ORIENTED_EDGE('',*,*,#1500,.F.);
#1500 = EDGE_CURVE('',#1491,#1163,#1501,.T.);
#1501 = B_SPLINE_CURVE_WITH_KNOTS('',1,(#1502,#1503),.UNSPECIFIED.,.F.,
  .F.,(2,2),(0.,1.),.PIECEWISE_BEZIER_KNOTS.);
#1502 = CARTESIAN_POINT('',(-2.108399640828,-1.178399640828,2.2178));
#1503 = CARTESIAN_POINT('',(-2.108399640828,-1.178399640828,2.22));
#1504 = PLANE('',#1505);
#1505 = AXIS2_PLACEMENT_3D('',#1506,#1507,#1508);
#1506 = CARTESIAN_POINT('',(-2.108399640828,-1.178399640828,2.22));
#1507 = DIRECTION('',(-2.22044604925E-16,-1.,0.));
#1508 = DIRECTION('',(1.,-2.22044604925E-16,0.));
#1509 = ADVANCED_FACE('',(#1510),#1521,.F.);
#1510 = FACE_BOUND('',#1511,.F.);
#1511 = EDGE_LOOP('',(#1512,#1518,#1519,#1520));
#1512 = ORIENTED_EDGE('',*,*,#1513,.T.);
#1513 = EDGE_CURVE('',#1441,#1491,#1514,.T.);
#1514 = LINE('',#1515,#1516);
#1515 = CARTESIAN_POINT('',(-2.108399640828,1.178399640828,2.2178));
#1516 = VECTOR('',#1517,1.);
#1517 = DIRECTION('',(-2.22044604925E-16,-1.,0.));
#1518 = ORIENTED_EDGE('',*,*,#1500,.T.);
#1519 = ORIENTED_EDGE('',*,*,#1162,.F.);
#1520 = ORIENTED_EDGE('',*,*,#1448,.F.);
#1521 = PLANE('',#1522);
#1522 = AXIS2_PLACEMENT_3D('',#1523,#1524,#1525);
#1523 = CARTESIAN_POINT('',(-2.108399640828,1.178399640828,2.22));
#1524 = DIRECTION('',(-1.,2.22044604925E-16,0.));
#1525 = DIRECTION('',(-2.22044604925E-16,-1.,0.));
#1526 = ADVANCED_FACE('',(#1527),#1543,.T.);
#1527 = FACE_BOUND('',#1528,.T.);
#1528 = EDGE_LOOP('',(#1529,#1535,#1536,#1542));
#1529 = ORIENTED_EDGE('',*,*,#1530,.T.);
#1530 = EDGE_CURVE('',#1331,#1233,#1531,.T.);
#1531 = LINE('',#1532,#1533);
#1532 = CARTESIAN_POINT('',(-2.5,-0.75,0.146666666667));
#1533 = VECTOR('',#1534,1.);
#1534 = DIRECTION('',(2.22044604925E-16,1.,0.));
#1535 = ORIENTED_EDGE('',*,*,#1232,.T.);
#1536 = ORIENTED_EDGE('',*,*,#1537,.F.);
#1537 = EDGE_CURVE('',#1341,#1235,#1538,.T.);
#1538 = LINE('',#1539,#1540);
#1539 = CARTESIAN_POINT('',(-2.353333333333,-0.75,-2.775557561563E-17));
#1540 = VECTOR('',#1541,1.);
#1541 = DIRECTION('',(2.22044604925E-16,1.,0.));
#1542 = ORIENTED_EDGE('',*,*,#1340,.F.);
#1543 = CYLINDRICAL_SURFACE('',#1544,0.146666666667);
#1544 = AXIS2_PLACEMENT_3D('',#1545,#1546,#1547);
#1545 = CARTESIAN_POINT('',(-2.353333333333,-0.75,0.146666666667));
#1546 = DIRECTION('',(2.22044604925E-16,1.,0.));
#1547 = DIRECTION('',(-1.,2.22044604925E-16,0.));
#1548 = ADVANCED_FACE('',(#1549),#1555,.T.);
#1549 = FACE_BOUND('',#1550,.T.);
#1550 = EDGE_LOOP('',(#1551,#1552,#1553,#1554));
#1551 = ORIENTED_EDGE('',*,*,#1349,.T.);
#1552 = ORIENTED_EDGE('',*,*,#1537,.T.);
#1553 = ORIENTED_EDGE('',*,*,#1292,.T.);
#1554 = ORIENTED_EDGE('',*,*,#1306,.T.);
#1555 = PLANE('',#1556);
#1556 = AXIS2_PLACEMENT_3D('',#1557,#1558,#1559);
#1557 = CARTESIAN_POINT('',(-1.746666666667,3.878379099357E-16,
    -7.671995716851E-18));
#1558 = DIRECTION('',(1.332277103521E-17,-2.579688262589E-33,-1.));
#1559 = DIRECTION('',(1.,-2.22044604925E-16,1.332277103521E-17));
#1560 = ADVANCED_FACE('',(#1561),#1572,.T.);
#1561 = FACE_BOUND('',#1562,.T.);
#1562 = EDGE_LOOP('',(#1563,#1564,#1565,#1571));
#1563 = ORIENTED_EDGE('',*,*,#1423,.T.);
#1564 = ORIENTED_EDGE('',*,*,#1268,.T.);
#1565 = ORIENTED_EDGE('',*,*,#1566,.T.);
#1566 = EDGE_CURVE('',#1261,#1367,#1567,.T.);
#1567 = LINE('',#1568,#1569);
#1568 = CARTESIAN_POINT('',(-2.28,0.75,0.98901));
#1569 = VECTOR('',#1570,1.);
#1570 = DIRECTION('',(-2.22044604925E-16,-1.,0.));
#1571 = ORIENTED_EDGE('',*,*,#1366,.F.);
#1572 = PLANE('',#1573);
#1573 = AXIS2_PLACEMENT_3D('',#1574,#1575,#1576);
#1574 = CARTESIAN_POINT('',(-2.28,0.75,0.));
#1575 = DIRECTION('',(1.,-2.22044604925E-16,0.));
#1576 = DIRECTION('',(-2.22044604925E-16,-1.,0.));
#1577 = ADVANCED_FACE('',(#1578),#1589,.F.);
#1578 = FACE_BOUND('',#1579,.F.);
#1579 = EDGE_LOOP('',(#1580,#1581,#1587,#1588));
#1580 = ORIENTED_EDGE('',*,*,#1374,.T.);
#1581 = ORIENTED_EDGE('',*,*,#1582,.T.);
#1582 = EDGE_CURVE('',#1375,#1252,#1583,.T.);
#1583 = LINE('',#1584,#1585);
#1584 = CARTESIAN_POINT('',(-2.353333333333,-0.75,0.98901));
#1585 = VECTOR('',#1586,1.);
#1586 = DIRECTION('',(2.22044604925E-16,1.,0.));
#1587 = ORIENTED_EDGE('',*,*,#1260,.T.);
#1588 = ORIENTED_EDGE('',*,*,#1566,.T.);
#1589 = PLANE('',#1590);
#1590 = AXIS2_PLACEMENT_3D('',#1591,#1592,#1593);
#1591 = CARTESIAN_POINT('',(-2.39,4.440892098501E-16,0.98901));
#1592 = DIRECTION('',(0.,-0.,-1.));
#1593 = DIRECTION('',(-2.22044604925E-16,-1.,0.));
#1594 = ADVANCED_FACE('',(#1595),#1606,.T.);
#1595 = FACE_BOUND('',#1596,.T.);
#1596 = EDGE_LOOP('',(#1597,#1598,#1599,#1600));
#1597 = ORIENTED_EDGE('',*,*,#1382,.T.);
#1598 = ORIENTED_EDGE('',*,*,#1582,.T.);
#1599 = ORIENTED_EDGE('',*,*,#1251,.F.);
#1600 = ORIENTED_EDGE('',*,*,#1601,.F.);
#1601 = EDGE_CURVE('',#1333,#1244,#1602,.T.);
#1602 = LINE('',#1603,#1604);
#1603 = CARTESIAN_POINT('',(-2.5,-0.75,0.842343333333));
#1604 = VECTOR('',#1605,1.);
#1605 = DIRECTION('',(2.22044604925E-16,1.,0.));
#1606 = CYLINDRICAL_SURFACE('',#1607,0.146666666667);
#1607 = AXIS2_PLACEMENT_3D('',#1608,#1609,#1610);
#1608 = CARTESIAN_POINT('',(-2.353333333333,-0.75,0.842343333333));
#1609 = DIRECTION('',(2.22044604925E-16,1.,0.));
#1610 = DIRECTION('',(-1.,2.22044604925E-16,0.));
#1611 = ADVANCED_FACE('',(#1612),#1618,.T.);
#1612 = FACE_BOUND('',#1613,.T.);
#1613 = EDGE_LOOP('',(#1614,#1615,#1616,#1617));
#1614 = ORIENTED_EDGE('',*,*,#1330,.T.);
#1615 = ORIENTED_EDGE('',*,*,#1601,.T.);
#1616 = ORIENTED_EDGE('',*,*,#1243,.F.);
#1617 = ORIENTED_EDGE('',*,*,#1530,.F.);
#1618 = PLANE('',#1619);
#1619 = AXIS2_PLACEMENT_3D('',#1620,#1621,#1622);
#1620 = CARTESIAN_POINT('',(-2.5,-0.75,0.));
#1621 = DIRECTION('',(-1.,2.22044604925E-16,0.));
#1622 = DIRECTION('',(2.22044604925E-16,1.,0.));
#1623 = ADVANCED_FACE('',(#1624),#1630,.F.);
#1624 = FACE_BOUND('',#1625,.T.);
#1625 = EDGE_LOOP('',(#1626,#1627,#1628,#1629));
#1626 = ORIENTED_EDGE('',*,*,#1467,.T.);
#1627 = ORIENTED_EDGE('',*,*,#1438,.T.);
#1628 = ORIENTED_EDGE('',*,*,#1513,.T.);
#1629 = ORIENTED_EDGE('',*,*,#1490,.T.);
#1630 = PLANE('',#1631);
#1631 = AXIS2_PLACEMENT_3D('',#1632,#1633,#1634);
#1632 = CARTESIAN_POINT('',(-1.508399640828,-1.178399640828,2.2178));
#1633 = DIRECTION('',(0.,0.,-1.));
#1634 = DIRECTION('',(-0.246713052972,0.969088576701,0.));
#1635 = ( GEOMETRIC_REPRESENTATION_CONTEXT(3) 
GLOBAL_UNCERTAINTY_ASSIGNED_CONTEXT((#1639)) 
GLOBAL_UNIT_ASSIGNED_CONTEXT((#1636,#1637,#1638)) REPRESENTATION_CONTEXT
('Context #1','3D Context with UNIT and UNCERTAINTY') );
#1636 = ( LENGTH_UNIT() NAMED_UNIT(*) SI_UNIT(.MILLI.,.METRE.) );
#1637 = ( NAMED_UNIT(*) PLANE_ANGLE_UNIT() SI_UNIT($,.RADIAN.) );
#1638 = ( NAMED_UNIT(*) SI_UNIT($,.STERADIAN.) SOLID_ANGLE_UNIT() );
#1639 = UNCERTAINTY_MEASURE_WITH_UNIT(LENGTH_MEASURE(1.E-07),#1636,
  'distance_accuracy_value','confusion accuracy');
#1640 = CONTEXT_DEPENDENT_SHAPE_REPRESENTATION(#1641,#1643);
#1641 = ( REPRESENTATION_RELATIONSHIP('','',#426,#10) 
REPRESENTATION_RELATIONSHIP_WITH_TRANSFORMATION(#1642) 
SHAPE_REPRESENTATION_RELATIONSHIP() );
#1642 = ITEM_DEFINED_TRANSFORMATION('','',#11,#19);
#1643 = PRODUCT_DEFINITION_SHAPE('Placement','Placement of an item',
  #1644);
#1644 = NEXT_ASSEMBLY_USAGE_OCCURRENCE('2','D1','',#5,#421,$);
#1645 = PRODUCT_RELATED_PRODUCT_CATEGORY('part',$,(#423));
#1646 = SHAPE_DEFINITION_REPRESENTATION(#1647,#1653);
#1647 = PRODUCT_DEFINITION_SHAPE('','',#1648);
#1648 = PRODUCT_DEFINITION('design','',#1649,#1652);
#1649 = PRODUCT_DEFINITION_FORMATION('','',#1650);
#1650 = PRODUCT('R_0805_2012Metric','R_0805_2012Metric','',(#1651));
#1651 = PRODUCT_CONTEXT('',#2,'mechanical');
#1652 = PRODUCT_DEFINITION_CONTEXT('part definition',#2,'design');
#1653 = ADVANCED_BREP_SHAPE_REPRESENTATION('',(#11,#1654),#2444);
#1654 = MANIFOLD_SOLID_BREP('',#1655);
#1655 = CLOSED_SHELL('',(#1656,#1696,#1779,#1804,#1829,#1896,#1913,#1930
    ,#1979,#1996,#2013,#2062,#2079,#2148,#2179,#2203,#2272,#2296,#2313,
    #2330,#2347,#2364,#2381,#2398,#2415,#2432));
#1656 = ADVANCED_FACE('',(#1657),#1691,.F.);
#1657 = FACE_BOUND('',#1658,.F.);
#1658 = EDGE_LOOP('',(#1659,#1669,#1677,#1685));
#1659 = ORIENTED_EDGE('',*,*,#1660,.F.);
#1660 = EDGE_CURVE('',#1661,#1663,#1665,.T.);
#1661 = VERTEX_POINT('',#1662);
#1662 = CARTESIAN_POINT('',(-1.,-0.6,4.5E-02));
#1663 = VERTEX_POINT('',#1664);
#1664 = CARTESIAN_POINT('',(-1.,-0.6,0.405));
#1665 = LINE('',#1666,#1667);
#1666 = CARTESIAN_POINT('',(-1.,-0.6,0.));
#1667 = VECTOR('',#1668,1.);
#1668 = DIRECTION('',(0.,0.,1.));
#1669 = ORIENTED_EDGE('',*,*,#1670,.T.);
#1670 = EDGE_CURVE('',#1661,#1671,#1673,.T.);
#1671 = VERTEX_POINT('',#1672);
#1672 = CARTESIAN_POINT('',(-1.,0.6,4.5E-02));
#1673 = LINE('',#1674,#1675);
#1674 = CARTESIAN_POINT('',(-1.,-0.6,4.5E-02));
#1675 = VECTOR('',#1676,1.);
#1676 = DIRECTION('',(0.,1.,0.));
#1677 = ORIENTED_EDGE('',*,*,#1678,.T.);
#1678 = EDGE_CURVE('',#1671,#1679,#1681,.T.);
#1679 = VERTEX_POINT('',#1680);
#1680 = CARTESIAN_POINT('',(-1.,0.6,0.405));
#1681 = LINE('',#1682,#1683);
#1682 = CARTESIAN_POINT('',(-1.,0.6,0.));
#1683 = VECTOR('',#1684,1.);
#1684 = DIRECTION('',(0.,0.,1.));
#1685 = ORIENTED_EDGE('',*,*,#1686,.F.);
#1686 = EDGE_CURVE('',#1663,#1679,#1687,.T.);
#1687 = LINE('',#1688,#1689);
#1688 = CARTESIAN_POINT('',(-1.,-0.6,0.405));
#1689 = VECTOR('',#1690,1.);
#1690 = DIRECTION('',(0.,1.,0.));
#1691 = PLANE('',#1692);
#1692 = AXIS2_PLACEMENT_3D('',#1693,#1694,#1695);
#1693 = CARTESIAN_POINT('',(-1.,-0.6,0.));
#1694 = DIRECTION('',(1.,0.,0.));
#1695 = DIRECTION('',(0.,0.,1.));
#1696 = ADVANCED_FACE('',(#1697),#1774,.F.);
#1697 = FACE_BOUND('',#1698,.F.);
#1698 = EDGE_LOOP('',(#1699,#1709,#1716,#1717,#1726,#1734,#1743,#1751,
    #1759,#1767));
#1699 = ORIENTED_EDGE('',*,*,#1700,.F.);
#1700 = EDGE_CURVE('',#1701,#1703,#1705,.T.);
#1701 = VERTEX_POINT('',#1702);
#1702 = CARTESIAN_POINT('',(-0.955,-0.6,-2.775557561563E-17));
#1703 = VERTEX_POINT('',#1704);
#1704 = CARTESIAN_POINT('',(-0.745,-0.6,-2.775557561563E-17));
#1705 = LINE('',#1706,#1707);
#1706 = CARTESIAN_POINT('',(-1.,-0.6,0.));
#1707 = VECTOR('',#1708,1.);
#1708 = DIRECTION('',(1.,0.,0.));
#1709 = ORIENTED_EDGE('',*,*,#1710,.F.);
#1710 = EDGE_CURVE('',#1661,#1701,#1711,.T.);
#1711 = CIRCLE('',#1712,4.5E-02);
#1712 = AXIS2_PLACEMENT_3D('',#1713,#1714,#1715);
#1713 = CARTESIAN_POINT('',(-0.955,-0.6,4.5E-02));
#1714 = DIRECTION('',(0.,-1.,0.));
#1715 = DIRECTION('',(0.,0.,1.));
#1716 = ORIENTED_EDGE('',*,*,#1660,.T.);
#1717 = ORIENTED_EDGE('',*,*,#1718,.T.);
#1718 = EDGE_CURVE('',#1663,#1719,#1721,.T.);
#1719 = VERTEX_POINT('',#1720);
#1720 = CARTESIAN_POINT('',(-0.955,-0.6,0.45));
#1721 = CIRCLE('',#1722,4.5E-02);
#1722 = AXIS2_PLACEMENT_3D('',#1723,#1724,#1725);
#1723 = CARTESIAN_POINT('',(-0.955,-0.6,0.405));
#1724 = DIRECTION('',(0.,1.,0.));
#1725 = DIRECTION('',(0.,-0.,1.));
#1726 = ORIENTED_EDGE('',*,*,#1727,.T.);
#1727 = EDGE_CURVE('',#1719,#1728,#1730,.T.);
#1728 = VERTEX_POINT('',#1729);
#1729 = CARTESIAN_POINT('',(-0.745,-0.6,0.45));
#1730 = LINE('',#1731,#1732);
#1731 = CARTESIAN_POINT('',(-1.,-0.6,0.45));
#1732 = VECTOR('',#1733,1.);
#1733 = DIRECTION('',(1.,0.,0.));
#1734 = ORIENTED_EDGE('',*,*,#1735,.F.);
#1735 = EDGE_CURVE('',#1736,#1728,#1738,.T.);
#1736 = VERTEX_POINT('',#1737);
#1737 = CARTESIAN_POINT('',(-0.7,-0.6,0.405));
#1738 = CIRCLE('',#1739,4.5E-02);
#1739 = AXIS2_PLACEMENT_3D('',#1740,#1741,#1742);
#1740 = CARTESIAN_POINT('',(-0.745,-0.6,0.405));
#1741 = DIRECTION('',(0.,-1.,0.));
#1742 = DIRECTION('',(0.,0.,1.));
#1743 = ORIENTED_EDGE('',*,*,#1744,.F.);
#1744 = EDGE_CURVE('',#1745,#1736,#1747,.T.);
#1745 = VERTEX_POINT('',#1746);
#1746 = CARTESIAN_POINT('',(-0.955,-0.6,0.405));
#1747 = LINE('',#1748,#1749);
#1748 = CARTESIAN_POINT('',(-0.955,-0.6,0.405));
#1749 = VECTOR('',#1750,1.);
#1750 = DIRECTION('',(1.,0.,0.));
#1751 = ORIENTED_EDGE('',*,*,#1752,.F.);
#1752 = EDGE_CURVE('',#1753,#1745,#1755,.T.);
#1753 = VERTEX_POINT('',#1754);
#1754 = CARTESIAN_POINT('',(-0.955,-0.6,4.5E-02));
#1755 = LINE('',#1756,#1757);
#1756 = CARTESIAN_POINT('',(-0.955,-0.6,4.5E-02));
#1757 = VECTOR('',#1758,1.);
#1758 = DIRECTION('',(0.,0.,1.));
#1759 = ORIENTED_EDGE('',*,*,#1760,.T.);
#1760 = EDGE_CURVE('',#1753,#1761,#1763,.T.);
#1761 = VERTEX_POINT('',#1762);
#1762 = CARTESIAN_POINT('',(-0.7,-0.6,4.5E-02));
#1763 = LINE('',#1764,#1765);
#1764 = CARTESIAN_POINT('',(-0.955,-0.6,4.5E-02));
#1765 = VECTOR('',#1766,1.);
#1766 = DIRECTION('',(1.,0.,0.));
#1767 = ORIENTED_EDGE('',*,*,#1768,.T.);
#1768 = EDGE_CURVE('',#1761,#1703,#1769,.T.);
#1769 = CIRCLE('',#1770,4.5E-02);
#1770 = AXIS2_PLACEMENT_3D('',#1771,#1772,#1773);
#1771 = CARTESIAN_POINT('',(-0.745,-0.6,4.5E-02));
#1772 = DIRECTION('',(0.,1.,0.));
#1773 = DIRECTION('',(0.,-0.,1.));
#1774 = PLANE('',#1775);
#1775 = AXIS2_PLACEMENT_3D('',#1776,#1777,#1778);
#1776 = CARTESIAN_POINT('',(-1.,-0.6,0.));
#1777 = DIRECTION('',(0.,1.,0.));
#1778 = DIRECTION('',(0.,-0.,1.));
#1779 = ADVANCED_FACE('',(#1780),#1799,.T.);
#1780 = FACE_BOUND('',#1781,.T.);
#1781 = EDGE_LOOP('',(#1782,#1783,#1792,#1798));
#1782 = ORIENTED_EDGE('',*,*,#1670,.T.);
#1783 = ORIENTED_EDGE('',*,*,#1784,.T.);
#1784 = EDGE_CURVE('',#1671,#1785,#1787,.T.);
#1785 = VERTEX_POINT('',#1786);
#1786 = CARTESIAN_POINT('',(-0.955,0.6,-2.775557561563E-17));
#1787 = CIRCLE('',#1788,4.5E-02);
#1788 = AXIS2_PLACEMENT_3D('',#1789,#1790,#1791);
#1789 = CARTESIAN_POINT('',(-0.955,0.6,4.5E-02));
#1790 = DIRECTION('',(0.,-1.,0.));
#1791 = DIRECTION('',(0.,0.,1.));
#1792 = ORIENTED_EDGE('',*,*,#1793,.F.);
#1793 = EDGE_CURVE('',#1701,#1785,#1794,.T.);
#1794 = LINE('',#1795,#1796);
#1795 = CARTESIAN_POINT('',(-0.955,-0.6,-2.775557561563E-17));
#1796 = VECTOR('',#1797,1.);
#1797 = DIRECTION('',(0.,1.,0.));
#1798 = ORIENTED_EDGE('',*,*,#1710,.F.);
#1799 = CYLINDRICAL_SURFACE('',#1800,4.5E-02);
#1800 = AXIS2_PLACEMENT_3D('',#1801,#1802,#1803);
#1801 = CARTESIAN_POINT('',(-0.955,-0.6,4.5E-02));
#1802 = DIRECTION('',(0.,1.,0.));
#1803 = DIRECTION('',(-1.,0.,0.));
#1804 = ADVANCED_FACE('',(#1805),#1824,.T.);
#1805 = FACE_BOUND('',#1806,.T.);
#1806 = EDGE_LOOP('',(#1807,#1808,#1816,#1823));
#1807 = ORIENTED_EDGE('',*,*,#1718,.T.);
#1808 = ORIENTED_EDGE('',*,*,#1809,.T.);
#1809 = EDGE_CURVE('',#1719,#1810,#1812,.T.);
#1810 = VERTEX_POINT('',#1811);
#1811 = CARTESIAN_POINT('',(-0.955,0.6,0.45));
#1812 = LINE('',#1813,#1814);
#1813 = CARTESIAN_POINT('',(-0.955,-0.6,0.45));
#1814 = VECTOR('',#1815,1.);
#1815 = DIRECTION('',(0.,1.,0.));
#1816 = ORIENTED_EDGE('',*,*,#1817,.F.);
#1817 = EDGE_CURVE('',#1679,#1810,#1818,.T.);
#1818 = CIRCLE('',#1819,4.5E-02);
#1819 = AXIS2_PLACEMENT_3D('',#1820,#1821,#1822);
#1820 = CARTESIAN_POINT('',(-0.955,0.6,0.405));
#1821 = DIRECTION('',(0.,1.,0.));
#1822 = DIRECTION('',(0.,-0.,1.));
#1823 = ORIENTED_EDGE('',*,*,#1686,.F.);
#1824 = CYLINDRICAL_SURFACE('',#1825,4.5E-02);
#1825 = AXIS2_PLACEMENT_3D('',#1826,#1827,#1828);
#1826 = CARTESIAN_POINT('',(-0.955,-0.6,0.405));
#1827 = DIRECTION('',(0.,1.,0.));
#1828 = DIRECTION('',(-1.,0.,0.));
#1829 = ADVANCED_FACE('',(#1830),#1891,.T.);
#1830 = FACE_BOUND('',#1831,.T.);
#1831 = EDGE_LOOP('',(#1832,#1840,#1841,#1842,#1843,#1851,#1860,#1868,
    #1876,#1884));
#1832 = ORIENTED_EDGE('',*,*,#1833,.F.);
#1833 = EDGE_CURVE('',#1785,#1834,#1836,.T.);
#1834 = VERTEX_POINT('',#1835);
#1835 = CARTESIAN_POINT('',(-0.745,0.6,-2.775557561563E-17));
#1836 = LINE('',#1837,#1838);
#1837 = CARTESIAN_POINT('',(-1.,0.6,0.));
#1838 = VECTOR('',#1839,1.);
#1839 = DIRECTION('',(1.,0.,0.));
#1840 = ORIENTED_EDGE('',*,*,#1784,.F.);
#1841 = ORIENTED_EDGE('',*,*,#1678,.T.);
#1842 = ORIENTED_EDGE('',*,*,#1817,.T.);
#1843 = ORIENTED_EDGE('',*,*,#1844,.T.);
#1844 = EDGE_CURVE('',#1810,#1845,#1847,.T.);
#1845 = VERTEX_POINT('',#1846);
#1846 = CARTESIAN_POINT('',(-0.745,0.6,0.45));
#1847 = LINE('',#1848,#1849);
#1848 = CARTESIAN_POINT('',(-1.,0.6,0.45));
#1849 = VECTOR('',#1850,1.);
#1850 = DIRECTION('',(1.,0.,0.));
#1851 = ORIENTED_EDGE('',*,*,#1852,.F.);
#1852 = EDGE_CURVE('',#1853,#1845,#1855,.T.);
#1853 = VERTEX_POINT('',#1854);
#1854 = CARTESIAN_POINT('',(-0.7,0.6,0.405));
#1855 = CIRCLE('',#1856,4.5E-02);
#1856 = AXIS2_PLACEMENT_3D('',#1857,#1858,#1859);
#1857 = CARTESIAN_POINT('',(-0.745,0.6,0.405));
#1858 = DIRECTION('',(0.,-1.,0.));
#1859 = DIRECTION('',(0.,0.,1.));
#1860 = ORIENTED_EDGE('',*,*,#1861,.F.);
#1861 = EDGE_CURVE('',#1862,#1853,#1864,.T.);
#1862 = VERTEX_POINT('',#1863);
#1863 = CARTESIAN_POINT('',(-0.955,0.6,0.405));
#1864 = LINE('',#1865,#1866);
#1865 = CARTESIAN_POINT('',(-0.955,0.6,0.405));
#1866 = VECTOR('',#1867,1.);
#1867 = DIRECTION('',(1.,0.,0.));
#1868 = ORIENTED_EDGE('',*,*,#1869,.F.);
#1869 = EDGE_CURVE('',#1870,#1862,#1872,.T.);
#1870 = VERTEX_POINT('',#1871);
#1871 = CARTESIAN_POINT('',(-0.955,0.6,4.5E-02));
#1872 = LINE('',#1873,#1874);
#1873 = CARTESIAN_POINT('',(-0.955,0.6,4.5E-02));
#1874 = VECTOR('',#1875,1.);
#1875 = DIRECTION('',(0.,0.,1.));
#1876 = ORIENTED_EDGE('',*,*,#1877,.T.);
#1877 = EDGE_CURVE('',#1870,#1878,#1880,.T.);
#1878 = VERTEX_POINT('',#1879);
#1879 = CARTESIAN_POINT('',(-0.7,0.6,4.5E-02));
#1880 = LINE('',#1881,#1882);
#1881 = CARTESIAN_POINT('',(-0.955,0.6,4.5E-02));
#1882 = VECTOR('',#1883,1.);
#1883 = DIRECTION('',(1.,0.,0.));
#1884 = ORIENTED_EDGE('',*,*,#1885,.T.);
#1885 = EDGE_CURVE('',#1878,#1834,#1886,.T.);
#1886 = CIRCLE('',#1887,4.5E-02);
#1887 = AXIS2_PLACEMENT_3D('',#1888,#1889,#1890);
#1888 = CARTESIAN_POINT('',(-0.745,0.6,4.5E-02));
#1889 = DIRECTION('',(0.,1.,0.));
#1890 = DIRECTION('',(0.,-0.,1.));
#1891 = PLANE('',#1892);
#1892 = AXIS2_PLACEMENT_3D('',#1893,#1894,#1895);
#1893 = CARTESIAN_POINT('',(-1.,0.6,0.));
#1894 = DIRECTION('',(0.,1.,0.));
#1895 = DIRECTION('',(0.,-0.,1.));
#1896 = ADVANCED_FACE('',(#1897),#1908,.F.);
#1897 = FACE_BOUND('',#1898,.F.);
#1898 = EDGE_LOOP('',(#1899,#1900,#1901,#1902));
#1899 = ORIENTED_EDGE('',*,*,#1833,.F.);
#1900 = ORIENTED_EDGE('',*,*,#1793,.F.);
#1901 = ORIENTED_EDGE('',*,*,#1700,.T.);
#1902 = ORIENTED_EDGE('',*,*,#1903,.T.);
#1903 = EDGE_CURVE('',#1703,#1834,#1904,.T.);
#1904 = LINE('',#1905,#1906);
#1905 = CARTESIAN_POINT('',(-0.745,-0.6,-2.775557561563E-17));
#1906 = VECTOR('',#1907,1.);
#1907 = DIRECTION('',(0.,1.,0.));
#1908 = PLANE('',#1909);
#1909 = AXIS2_PLACEMENT_3D('',#1910,#1911,#1912);
#1910 = CARTESIAN_POINT('',(-1.,-0.6,0.));
#1911 = DIRECTION('',(0.,0.,1.));
#1912 = DIRECTION('',(1.,0.,-0.));
#1913 = ADVANCED_FACE('',(#1914),#1925,.T.);
#1914 = FACE_BOUND('',#1915,.T.);
#1915 = EDGE_LOOP('',(#1916,#1917,#1918,#1919));
#1916 = ORIENTED_EDGE('',*,*,#1768,.T.);
#1917 = ORIENTED_EDGE('',*,*,#1903,.T.);
#1918 = ORIENTED_EDGE('',*,*,#1885,.F.);
#1919 = ORIENTED_EDGE('',*,*,#1920,.F.);
#1920 = EDGE_CURVE('',#1761,#1878,#1921,.T.);
#1921 = LINE('',#1922,#1923);
#1922 = CARTESIAN_POINT('',(-0.7,-0.6,4.5E-02));
#1923 = VECTOR('',#1924,1.);
#1924 = DIRECTION('',(0.,1.,0.));
#1925 = CYLINDRICAL_SURFACE('',#1926,4.5E-02);
#1926 = AXIS2_PLACEMENT_3D('',#1927,#1928,#1929);
#1927 = CARTESIAN_POINT('',(-0.745,-0.6,4.5E-02));
#1928 = DIRECTION('',(0.,1.,0.));
#1929 = DIRECTION('',(1.,0.,0.));
#1930 = ADVANCED_FACE('',(#1931),#1974,.F.);
#1931 = FACE_BOUND('',#1932,.F.);
#1932 = EDGE_LOOP('',(#1933,#1934,#1935,#1936,#1944,#1952,#1960,#1968));
#1933 = ORIENTED_EDGE('',*,*,#1760,.F.);
#1934 = ORIENTED_EDGE('',*,*,#1752,.T.);
#1935 = ORIENTED_EDGE('',*,*,#1744,.T.);
#1936 = ORIENTED_EDGE('',*,*,#1937,.T.);
#1937 = EDGE_CURVE('',#1736,#1938,#1940,.T.);
#1938 = VERTEX_POINT('',#1939);
#1939 = CARTESIAN_POINT('',(0.7,-0.6,0.405));
#1940 = LINE('',#1941,#1942);
#1941 = CARTESIAN_POINT('',(-0.7,-0.6,0.405));
#1942 = VECTOR('',#1943,1.);
#1943 = DIRECTION('',(1.,0.,0.));
#1944 = ORIENTED_EDGE('',*,*,#1945,.T.);
#1945 = EDGE_CURVE('',#1938,#1946,#1948,.T.);
#1946 = VERTEX_POINT('',#1947);
#1947 = CARTESIAN_POINT('',(0.955,-0.6,0.405));
#1948 = LINE('',#1949,#1950);
#1949 = CARTESIAN_POINT('',(-0.955,-0.6,0.405));
#1950 = VECTOR('',#1951,1.);
#1951 = DIRECTION('',(1.,0.,0.));
#1952 = ORIENTED_EDGE('',*,*,#1953,.F.);
#1953 = EDGE_CURVE('',#1954,#1946,#1956,.T.);
#1954 = VERTEX_POINT('',#1955);
#1955 = CARTESIAN_POINT('',(0.955,-0.6,4.5E-02));
#1956 = LINE('',#1957,#1958);
#1957 = CARTESIAN_POINT('',(0.955,-0.6,4.5E-02));
#1958 = VECTOR('',#1959,1.);
#1959 = DIRECTION('',(0.,0.,1.));
#1960 = ORIENTED_EDGE('',*,*,#1961,.F.);
#1961 = EDGE_CURVE('',#1962,#1954,#1964,.T.);
#1962 = VERTEX_POINT('',#1963);
#1963 = CARTESIAN_POINT('',(0.7,-0.6,4.5E-02));
#1964 = LINE('',#1965,#1966);
#1965 = CARTESIAN_POINT('',(-0.955,-0.6,4.5E-02));
#1966 = VECTOR('',#1967,1.);
#1967 = DIRECTION('',(1.,0.,0.));
#1968 = ORIENTED_EDGE('',*,*,#1969,.F.);
#1969 = EDGE_CURVE('',#1761,#1962,#1970,.T.);
#1970 = LINE('',#1971,#1972);
#1971 = CARTESIAN_POINT('',(-0.955,-0.6,4.5E-02));
#1972 = VECTOR('',#1973,1.);
#1973 = DIRECTION('',(1.,0.,0.));
#1974 = PLANE('',#1975);
#1975 = AXIS2_PLACEMENT_3D('',#1976,#1977,#1978);
#1976 = CARTESIAN_POINT('',(-0.955,-0.6,4.5E-02));
#1977 = DIRECTION('',(0.,1.,0.));
#1978 = DIRECTION('',(0.,-0.,1.));
#1979 = ADVANCED_FACE('',(#1980),#1991,.T.);
#1980 = FACE_BOUND('',#1981,.T.);
#1981 = EDGE_LOOP('',(#1982,#1983,#1984,#1985));
#1982 = ORIENTED_EDGE('',*,*,#1844,.F.);
#1983 = ORIENTED_EDGE('',*,*,#1809,.F.);
#1984 = ORIENTED_EDGE('',*,*,#1727,.T.);
#1985 = ORIENTED_EDGE('',*,*,#1986,.T.);
#1986 = EDGE_CURVE('',#1728,#1845,#1987,.T.);
#1987 = LINE('',#1988,#1989);
#1988 = CARTESIAN_POINT('',(-0.745,-0.6,0.45));
#1989 = VECTOR('',#1990,1.);
#1990 = DIRECTION('',(0.,1.,0.));
#1991 = PLANE('',#1992);
#1992 = AXIS2_PLACEMENT_3D('',#1993,#1994,#1995);
#1993 = CARTESIAN_POINT('',(-1.,-0.6,0.45));
#1994 = DIRECTION('',(0.,0.,1.));
#1995 = DIRECTION('',(1.,0.,-0.));
#1996 = ADVANCED_FACE('',(#1997),#2008,.T.);
#1997 = FACE_BOUND('',#1998,.T.);
#1998 = EDGE_LOOP('',(#1999,#2005,#2006,#2007));
#1999 = ORIENTED_EDGE('',*,*,#2000,.T.);
#2000 = EDGE_CURVE('',#1736,#1853,#2001,.T.);
#2001 = LINE('',#2002,#2003);
#2002 = CARTESIAN_POINT('',(-0.7,-0.6,0.405));
#2003 = VECTOR('',#2004,1.);
#2004 = DIRECTION('',(0.,1.,0.));
#2005 = ORIENTED_EDGE('',*,*,#1852,.T.);
#2006 = ORIENTED_EDGE('',*,*,#1986,.F.);
#2007 = ORIENTED_EDGE('',*,*,#1735,.F.);
#2008 = CYLINDRICAL_SURFACE('',#2009,4.5E-02);
#2009 = AXIS2_PLACEMENT_3D('',#2010,#2011,#2012);
#2010 = CARTESIAN_POINT('',(-0.745,-0.6,0.405));
#2011 = DIRECTION('',(0.,1.,0.));
#2012 = DIRECTION('',(1.,0.,0.));
#2013 = ADVANCED_FACE('',(#2014),#2057,.T.);
#2014 = FACE_BOUND('',#2015,.T.);
#2015 = EDGE_LOOP('',(#2016,#2017,#2018,#2019,#2027,#2035,#2043,#2051));
#2016 = ORIENTED_EDGE('',*,*,#1877,.F.);
#2017 = ORIENTED_EDGE('',*,*,#1869,.T.);
#2018 = ORIENTED_EDGE('',*,*,#1861,.T.);
#2019 = ORIENTED_EDGE('',*,*,#2020,.T.);
#2020 = EDGE_CURVE('',#1853,#2021,#2023,.T.);
#2021 = VERTEX_POINT('',#2022);
#2022 = CARTESIAN_POINT('',(0.7,0.6,0.405));
#2023 = LINE('',#2024,#2025);
#2024 = CARTESIAN_POINT('',(-0.7,0.6,0.405));
#2025 = VECTOR('',#2026,1.);
#2026 = DIRECTION('',(1.,0.,0.));
#2027 = ORIENTED_EDGE('',*,*,#2028,.T.);
#2028 = EDGE_CURVE('',#2021,#2029,#2031,.T.);
#2029 = VERTEX_POINT('',#2030);
#2030 = CARTESIAN_POINT('',(0.955,0.6,0.405));
#2031 = LINE('',#2032,#2033);
#2032 = CARTESIAN_POINT('',(-0.955,0.6,0.405));
#2033 = VECTOR('',#2034,1.);
#2034 = DIRECTION('',(1.,0.,0.));
#2035 = ORIENTED_EDGE('',*,*,#2036,.F.);
#2036 = EDGE_CURVE('',#2037,#2029,#2039,.T.);
#2037 = VERTEX_POINT('',#2038);
#2038 = CARTESIAN_POINT('',(0.955,0.6,4.5E-02));
#2039 = LINE('',#2040,#2041);
#2040 = CARTESIAN_POINT('',(0.955,0.6,4.5E-02));
#2041 = VECTOR('',#2042,1.);
#2042 = DIRECTION('',(0.,0.,1.));
#2043 = ORIENTED_EDGE('',*,*,#2044,.F.);
#2044 = EDGE_CURVE('',#2045,#2037,#2047,.T.);
#2045 = VERTEX_POINT('',#2046);
#2046 = CARTESIAN_POINT('',(0.7,0.6,4.5E-02));
#2047 = LINE('',#2048,#2049);
#2048 = CARTESIAN_POINT('',(-0.955,0.6,4.5E-02));
#2049 = VECTOR('',#2050,1.);
#2050 = DIRECTION('',(1.,0.,0.));
#2051 = ORIENTED_EDGE('',*,*,#2052,.F.);
#2052 = EDGE_CURVE('',#1878,#2045,#2053,.T.);
#2053 = LINE('',#2054,#2055);
#2054 = CARTESIAN_POINT('',(-0.955,0.6,4.5E-02));
#2055 = VECTOR('',#2056,1.);
#2056 = DIRECTION('',(1.,0.,0.));
#2057 = PLANE('',#2058);
#2058 = AXIS2_PLACEMENT_3D('',#2059,#2060,#2061);
#2059 = CARTESIAN_POINT('',(-0.955,0.6,4.5E-02));
#2060 = DIRECTION('',(0.,1.,0.));
#2061 = DIRECTION('',(0.,-0.,1.));
#2062 = ADVANCED_FACE('',(#2063),#2074,.F.);
#2063 = FACE_BOUND('',#2064,.F.);
#2064 = EDGE_LOOP('',(#2065,#2066,#2067,#2073));
#2065 = ORIENTED_EDGE('',*,*,#1920,.F.);
#2066 = ORIENTED_EDGE('',*,*,#1969,.T.);
#2067 = ORIENTED_EDGE('',*,*,#2068,.T.);
#2068 = EDGE_CURVE('',#1962,#2045,#2069,.T.);
#2069 = LINE('',#2070,#2071);
#2070 = CARTESIAN_POINT('',(0.7,-0.6,4.5E-02));
#2071 = VECTOR('',#2072,1.);
#2072 = DIRECTION('',(0.,1.,0.));
#2073 = ORIENTED_EDGE('',*,*,#2052,.F.);
#2074 = PLANE('',#2075);
#2075 = AXIS2_PLACEMENT_3D('',#2076,#2077,#2078);
#2076 = CARTESIAN_POINT('',(-0.955,-0.6,4.5E-02));
#2077 = DIRECTION('',(0.,0.,1.));
#2078 = DIRECTION('',(1.,0.,-0.));
#2079 = ADVANCED_FACE('',(#2080),#2143,.F.);
#2080 = FACE_BOUND('',#2081,.F.);
#2081 = EDGE_LOOP('',(#2082,#2092,#2099,#2100,#2101,#2102,#2111,#2119,
    #2128,#2136));
#2082 = ORIENTED_EDGE('',*,*,#2083,.F.);
#2083 = EDGE_CURVE('',#2084,#2086,#2088,.T.);
#2084 = VERTEX_POINT('',#2085);
#2085 = CARTESIAN_POINT('',(0.745,-0.6,-2.775557561563E-17));
#2086 = VERTEX_POINT('',#2087);
#2087 = CARTESIAN_POINT('',(0.955,-0.6,-2.775557561563E-17));
#2088 = LINE('',#2089,#2090);
#2089 = CARTESIAN_POINT('',(0.7,-0.6,0.));
#2090 = VECTOR('',#2091,1.);
#2091 = DIRECTION('',(1.,0.,0.));
#2092 = ORIENTED_EDGE('',*,*,#2093,.F.);
#2093 = EDGE_CURVE('',#1962,#2084,#2094,.T.);
#2094 = CIRCLE('',#2095,4.5E-02);
#2095 = AXIS2_PLACEMENT_3D('',#2096,#2097,#2098);
#2096 = CARTESIAN_POINT('',(0.745,-0.6,4.5E-02));
#2097 = DIRECTION('',(0.,-1.,0.));
#2098 = DIRECTION('',(0.,0.,1.));
#2099 = ORIENTED_EDGE('',*,*,#1961,.T.);
#2100 = ORIENTED_EDGE('',*,*,#1953,.T.);
#2101 = ORIENTED_EDGE('',*,*,#1945,.F.);
#2102 = ORIENTED_EDGE('',*,*,#2103,.T.);
#2103 = EDGE_CURVE('',#1938,#2104,#2106,.T.);
#2104 = VERTEX_POINT('',#2105);
#2105 = CARTESIAN_POINT('',(0.745,-0.6,0.45));
#2106 = CIRCLE('',#2107,4.5E-02);
#2107 = AXIS2_PLACEMENT_3D('',#2108,#2109,#2110);
#2108 = CARTESIAN_POINT('',(0.745,-0.6,0.405));
#2109 = DIRECTION('',(0.,1.,0.));
#2110 = DIRECTION('',(0.,-0.,1.));
#2111 = ORIENTED_EDGE('',*,*,#2112,.T.);
#2112 = EDGE_CURVE('',#2104,#2113,#2115,.T.);
#2113 = VERTEX_POINT('',#2114);
#2114 = CARTESIAN_POINT('',(0.955,-0.6,0.45));
#2115 = LINE('',#2116,#2117);
#2116 = CARTESIAN_POINT('',(0.7,-0.6,0.45));
#2117 = VECTOR('',#2118,1.);
#2118 = DIRECTION('',(1.,0.,0.));
#2119 = ORIENTED_EDGE('',*,*,#2120,.F.);
#2120 = EDGE_CURVE('',#2121,#2113,#2123,.T.);
#2121 = VERTEX_POINT('',#2122);
#2122 = CARTESIAN_POINT('',(1.,-0.6,0.405));
#2123 = CIRCLE('',#2124,4.5E-02);
#2124 = AXIS2_PLACEMENT_3D('',#2125,#2126,#2127);
#2125 = CARTESIAN_POINT('',(0.955,-0.6,0.405));
#2126 = DIRECTION('',(0.,-1.,0.));
#2127 = DIRECTION('',(0.,0.,1.));
#2128 = ORIENTED_EDGE('',*,*,#2129,.F.);
#2129 = EDGE_CURVE('',#2130,#2121,#2132,.T.);
#2130 = VERTEX_POINT('',#2131);
#2131 = CARTESIAN_POINT('',(1.,-0.6,4.5E-02));
#2132 = LINE('',#2133,#2134);
#2133 = CARTESIAN_POINT('',(1.,-0.6,0.));
#2134 = VECTOR('',#2135,1.);
#2135 = DIRECTION('',(0.,0.,1.));
#2136 = ORIENTED_EDGE('',*,*,#2137,.T.);
#2137 = EDGE_CURVE('',#2130,#2086,#2138,.T.);
#2138 = CIRCLE('',#2139,4.5E-02);
#2139 = AXIS2_PLACEMENT_3D('',#2140,#2141,#2142);
#2140 = CARTESIAN_POINT('',(0.955,-0.6,4.5E-02));
#2141 = DIRECTION('',(0.,1.,0.));
#2142 = DIRECTION('',(0.,-0.,1.));
#2143 = PLANE('',#2144);
#2144 = AXIS2_PLACEMENT_3D('',#2145,#2146,#2147);
#2145 = CARTESIAN_POINT('',(0.7,-0.6,0.));
#2146 = DIRECTION('',(0.,1.,0.));
#2147 = DIRECTION('',(0.,-0.,1.));
#2148 = ADVANCED_FACE('',(#2149),#2174,.F.);
#2149 = FACE_BOUND('',#2150,.F.);
#2150 = EDGE_LOOP('',(#2151,#2152,#2160,#2168));
#2151 = ORIENTED_EDGE('',*,*,#1937,.F.);
#2152 = ORIENTED_EDGE('',*,*,#2153,.T.);
#2153 = EDGE_CURVE('',#1736,#2154,#2156,.T.);
#2154 = VERTEX_POINT('',#2155);
#2155 = CARTESIAN_POINT('',(-0.7,-0.6,0.45));
#2156 = LINE('',#2157,#2158);
#2157 = CARTESIAN_POINT('',(-0.7,-0.6,0.405));
#2158 = VECTOR('',#2159,1.);
#2159 = DIRECTION('',(0.,0.,1.));
#2160 = ORIENTED_EDGE('',*,*,#2161,.T.);
#2161 = EDGE_CURVE('',#2154,#2162,#2164,.T.);
#2162 = VERTEX_POINT('',#2163);
#2163 = CARTESIAN_POINT('',(0.7,-0.6,0.45));
#2164 = LINE('',#2165,#2166);
#2165 = CARTESIAN_POINT('',(-0.7,-0.6,0.45));
#2166 = VECTOR('',#2167,1.);
#2167 = DIRECTION('',(1.,0.,0.));
#2168 = ORIENTED_EDGE('',*,*,#2169,.F.);
#2169 = EDGE_CURVE('',#1938,#2162,#2170,.T.);
#2170 = LINE('',#2171,#2172);
#2171 = CARTESIAN_POINT('',(0.7,-0.6,0.405));
#2172 = VECTOR('',#2173,1.);
#2173 = DIRECTION('',(0.,0.,1.));
#2174 = PLANE('',#2175);
#2175 = AXIS2_PLACEMENT_3D('',#2176,#2177,#2178);
#2176 = CARTESIAN_POINT('',(-0.7,-0.6,0.405));
#2177 = DIRECTION('',(0.,1.,0.));
#2178 = DIRECTION('',(0.,-0.,1.));
#2179 = ADVANCED_FACE('',(#2180),#2198,.F.);
#2180 = FACE_BOUND('',#2181,.F.);
#2181 = EDGE_LOOP('',(#2182,#2183,#2184,#2192));
#2182 = ORIENTED_EDGE('',*,*,#2153,.F.);
#2183 = ORIENTED_EDGE('',*,*,#2000,.T.);
#2184 = ORIENTED_EDGE('',*,*,#2185,.T.);
#2185 = EDGE_CURVE('',#1853,#2186,#2188,.T.);
#2186 = VERTEX_POINT('',#2187);
#2187 = CARTESIAN_POINT('',(-0.7,0.6,0.45));
#2188 = LINE('',#2189,#2190);
#2189 = CARTESIAN_POINT('',(-0.7,0.6,0.405));
#2190 = VECTOR('',#2191,1.);
#2191 = DIRECTION('',(0.,0.,1.));
#2192 = ORIENTED_EDGE('',*,*,#2193,.F.);
#2193 = EDGE_CURVE('',#2154,#2186,#2194,.T.);
#2194 = LINE('',#2195,#2196);
#2195 = CARTESIAN_POINT('',(-0.7,-0.6,0.45));
#2196 = VECTOR('',#2197,1.);
#2197 = DIRECTION('',(0.,1.,0.));
#2198 = PLANE('',#2199);
#2199 = AXIS2_PLACEMENT_3D('',#2200,#2201,#2202);
#2200 = CARTESIAN_POINT('',(-0.7,-0.6,0.405));
#2201 = DIRECTION('',(1.,0.,0.));
#2202 = DIRECTION('',(0.,0.,1.));
#2203 = ADVANCED_FACE('',(#2204),#2267,.T.);
#2204 = FACE_BOUND('',#2205,.T.);
#2205 = EDGE_LOOP('',(#2206,#2216,#2223,#2224,#2225,#2226,#2235,#2243,
    #2252,#2260));
#2206 = ORIENTED_EDGE('',*,*,#2207,.F.);
#2207 = EDGE_CURVE('',#2208,#2210,#2212,.T.);
#2208 = VERTEX_POINT('',#2209);
#2209 = CARTESIAN_POINT('',(0.745,0.6,-2.775557561563E-17));
#2210 = VERTEX_POINT('',#2211);
#2211 = CARTESIAN_POINT('',(0.955,0.6,-2.775557561563E-17));
#2212 = LINE('',#2213,#2214);
#2213 = CARTESIAN_POINT('',(0.7,0.6,0.));
#2214 = VECTOR('',#2215,1.);
#2215 = DIRECTION('',(1.,0.,0.));
#2216 = ORIENTED_EDGE('',*,*,#2217,.F.);
#2217 = EDGE_CURVE('',#2045,#2208,#2218,.T.);
#2218 = CIRCLE('',#2219,4.5E-02);
#2219 = AXIS2_PLACEMENT_3D('',#2220,#2221,#2222);
#2220 = CARTESIAN_POINT('',(0.745,0.6,4.5E-02));
#2221 = DIRECTION('',(0.,-1.,0.));
#2222 = DIRECTION('',(0.,0.,1.));
#2223 = ORIENTED_EDGE('',*,*,#2044,.T.);
#2224 = ORIENTED_EDGE('',*,*,#2036,.T.);
#2225 = ORIENTED_EDGE('',*,*,#2028,.F.);
#2226 = ORIENTED_EDGE('',*,*,#2227,.T.);
#2227 = EDGE_CURVE('',#2021,#2228,#2230,.T.);
#2228 = VERTEX_POINT('',#2229);
#2229 = CARTESIAN_POINT('',(0.745,0.6,0.45));
#2230 = CIRCLE('',#2231,4.5E-02);
#2231 = AXIS2_PLACEMENT_3D('',#2232,#2233,#2234);
#2232 = CARTESIAN_POINT('',(0.745,0.6,0.405));
#2233 = DIRECTION('',(0.,1.,0.));
#2234 = DIRECTION('',(0.,-0.,1.));
#2235 = ORIENTED_EDGE('',*,*,#2236,.T.);
#2236 = EDGE_CURVE('',#2228,#2237,#2239,.T.);
#2237 = VERTEX_POINT('',#2238);
#2238 = CARTESIAN_POINT('',(0.955,0.6,0.45));
#2239 = LINE('',#2240,#2241);
#2240 = CARTESIAN_POINT('',(0.7,0.6,0.45));
#2241 = VECTOR('',#2242,1.);
#2242 = DIRECTION('',(1.,0.,0.));
#2243 = ORIENTED_EDGE('',*,*,#2244,.F.);
#2244 = EDGE_CURVE('',#2245,#2237,#2247,.T.);
#2245 = VERTEX_POINT('',#2246);
#2246 = CARTESIAN_POINT('',(1.,0.6,0.405));
#2247 = CIRCLE('',#2248,4.5E-02);
#2248 = AXIS2_PLACEMENT_3D('',#2249,#2250,#2251);
#2249 = CARTESIAN_POINT('',(0.955,0.6,0.405));
#2250 = DIRECTION('',(0.,-1.,0.));
#2251 = DIRECTION('',(0.,0.,1.));
#2252 = ORIENTED_EDGE('',*,*,#2253,.F.);
#2253 = EDGE_CURVE('',#2254,#2245,#2256,.T.);
#2254 = VERTEX_POINT('',#2255);
#2255 = CARTESIAN_POINT('',(1.,0.6,4.5E-02));
#2256 = LINE('',#2257,#2258);
#2257 = CARTESIAN_POINT('',(1.,0.6,0.));
#2258 = VECTOR('',#2259,1.);
#2259 = DIRECTION('',(0.,0.,1.));
#2260 = ORIENTED_EDGE('',*,*,#2261,.T.);
#2261 = EDGE_CURVE('',#2254,#2210,#2262,.T.);
#2262 = CIRCLE('',#2263,4.5E-02);
#2263 = AXIS2_PLACEMENT_3D('',#2264,#2265,#2266);
#2264 = CARTESIAN_POINT('',(0.955,0.6,4.5E-02));
#2265 = DIRECTION('',(0.,1.,0.));
#2266 = DIRECTION('',(0.,-0.,1.));
#2267 = PLANE('',#2268);
#2268 = AXIS2_PLACEMENT_3D('',#2269,#2270,#2271);
#2269 = CARTESIAN_POINT('',(0.7,0.6,0.));
#2270 = DIRECTION('',(0.,1.,0.));
#2271 = DIRECTION('',(0.,-0.,1.));
#2272 = ADVANCED_FACE('',(#2273),#2291,.T.);
#2273 = FACE_BOUND('',#2274,.T.);
#2274 = EDGE_LOOP('',(#2275,#2276,#2277,#2285));
#2275 = ORIENTED_EDGE('',*,*,#2020,.F.);
#2276 = ORIENTED_EDGE('',*,*,#2185,.T.);
#2277 = ORIENTED_EDGE('',*,*,#2278,.T.);
#2278 = EDGE_CURVE('',#2186,#2279,#2281,.T.);
#2279 = VERTEX_POINT('',#2280);
#2280 = CARTESIAN_POINT('',(0.7,0.6,0.45));
#2281 = LINE('',#2282,#2283);
#2282 = CARTESIAN_POINT('',(-0.7,0.6,0.45));
#2283 = VECTOR('',#2284,1.);
#2284 = DIRECTION('',(1.,0.,0.));
#2285 = ORIENTED_EDGE('',*,*,#2286,.F.);
#2286 = EDGE_CURVE('',#2021,#2279,#2287,.T.);
#2287 = LINE('',#2288,#2289);
#2288 = CARTESIAN_POINT('',(0.7,0.6,0.405));
#2289 = VECTOR('',#2290,1.);
#2290 = DIRECTION('',(0.,0.,1.));
#2291 = PLANE('',#2292);
#2292 = AXIS2_PLACEMENT_3D('',#2293,#2294,#2295);
#2293 = CARTESIAN_POINT('',(-0.7,0.6,0.405));
#2294 = DIRECTION('',(0.,1.,0.));
#2295 = DIRECTION('',(0.,-0.,1.));
#2296 = ADVANCED_FACE('',(#2297),#2308,.T.);
#2297 = FACE_BOUND('',#2298,.T.);
#2298 = EDGE_LOOP('',(#2299,#2300,#2301,#2307));
#2299 = ORIENTED_EDGE('',*,*,#2068,.T.);
#2300 = ORIENTED_EDGE('',*,*,#2217,.T.);
#2301 = ORIENTED_EDGE('',*,*,#2302,.F.);
#2302 = EDGE_CURVE('',#2084,#2208,#2303,.T.);
#2303 = LINE('',#2304,#2305);
#2304 = CARTESIAN_POINT('',(0.745,-0.6,-2.775557561563E-17));
#2305 = VECTOR('',#2306,1.);
#2306 = DIRECTION('',(0.,1.,0.));
#2307 = ORIENTED_EDGE('',*,*,#2093,.F.);
#2308 = CYLINDRICAL_SURFACE('',#2309,4.5E-02);
#2309 = AXIS2_PLACEMENT_3D('',#2310,#2311,#2312);
#2310 = CARTESIAN_POINT('',(0.745,-0.6,4.5E-02));
#2311 = DIRECTION('',(0.,1.,0.));
#2312 = DIRECTION('',(-1.,0.,0.));
#2313 = ADVANCED_FACE('',(#2314),#2325,.F.);
#2314 = FACE_BOUND('',#2315,.F.);
#2315 = EDGE_LOOP('',(#2316,#2317,#2318,#2319));
#2316 = ORIENTED_EDGE('',*,*,#2207,.F.);
#2317 = ORIENTED_EDGE('',*,*,#2302,.F.);
#2318 = ORIENTED_EDGE('',*,*,#2083,.T.);
#2319 = ORIENTED_EDGE('',*,*,#2320,.T.);
#2320 = EDGE_CURVE('',#2086,#2210,#2321,.T.);
#2321 = LINE('',#2322,#2323);
#2322 = CARTESIAN_POINT('',(0.955,-0.6,-2.775557561563E-17));
#2323 = VECTOR('',#2324,1.);
#2324 = DIRECTION('',(0.,1.,0.));
#2325 = PLANE('',#2326);
#2326 = AXIS2_PLACEMENT_3D('',#2327,#2328,#2329);
#2327 = CARTESIAN_POINT('',(0.7,-0.6,0.));
#2328 = DIRECTION('',(0.,0.,1.));
#2329 = DIRECTION('',(1.,0.,-0.));
#2330 = ADVANCED_FACE('',(#2331),#2342,.T.);
#2331 = FACE_BOUND('',#2332,.T.);
#2332 = EDGE_LOOP('',(#2333,#2334,#2335,#2336));
#2333 = ORIENTED_EDGE('',*,*,#2137,.T.);
#2334 = ORIENTED_EDGE('',*,*,#2320,.T.);
#2335 = ORIENTED_EDGE('',*,*,#2261,.F.);
#2336 = ORIENTED_EDGE('',*,*,#2337,.F.);
#2337 = EDGE_CURVE('',#2130,#2254,#2338,.T.);
#2338 = LINE('',#2339,#2340);
#2339 = CARTESIAN_POINT('',(1.,-0.6,4.5E-02));
#2340 = VECTOR('',#2341,1.);
#2341 = DIRECTION('',(0.,1.,0.));
#2342 = CYLINDRICAL_SURFACE('',#2343,4.5E-02);
#2343 = AXIS2_PLACEMENT_3D('',#2344,#2345,#2346);
#2344 = CARTESIAN_POINT('',(0.955,-0.6,4.5E-02));
#2345 = DIRECTION('',(0.,1.,0.));
#2346 = DIRECTION('',(1.,0.,0.));
#2347 = ADVANCED_FACE('',(#2348),#2359,.T.);
#2348 = FACE_BOUND('',#2349,.T.);
#2349 = EDGE_LOOP('',(#2350,#2351,#2352,#2353));
#2350 = ORIENTED_EDGE('',*,*,#2129,.F.);
#2351 = ORIENTED_EDGE('',*,*,#2337,.T.);
#2352 = ORIENTED_EDGE('',*,*,#2253,.T.);
#2353 = ORIENTED_EDGE('',*,*,#2354,.F.);
#2354 = EDGE_CURVE('',#2121,#2245,#2355,.T.);
#2355 = LINE('',#2356,#2357);
#2356 = CARTESIAN_POINT('',(1.,-0.6,0.405));
#2357 = VECTOR('',#2358,1.);
#2358 = DIRECTION('',(0.,1.,0.));
#2359 = PLANE('',#2360);
#2360 = AXIS2_PLACEMENT_3D('',#2361,#2362,#2363);
#2361 = CARTESIAN_POINT('',(1.,-0.6,0.));
#2362 = DIRECTION('',(1.,0.,0.));
#2363 = DIRECTION('',(0.,0.,1.));
#2364 = ADVANCED_FACE('',(#2365),#2376,.T.);
#2365 = FACE_BOUND('',#2366,.T.);
#2366 = EDGE_LOOP('',(#2367,#2368,#2369,#2375));
#2367 = ORIENTED_EDGE('',*,*,#2354,.T.);
#2368 = ORIENTED_EDGE('',*,*,#2244,.T.);
#2369 = ORIENTED_EDGE('',*,*,#2370,.F.);
#2370 = EDGE_CURVE('',#2113,#2237,#2371,.T.);
#2371 = LINE('',#2372,#2373);
#2372 = CARTESIAN_POINT('',(0.955,-0.6,0.45));
#2373 = VECTOR('',#2374,1.);
#2374 = DIRECTION('',(0.,1.,0.));
#2375 = ORIENTED_EDGE('',*,*,#2120,.F.);
#2376 = CYLINDRICAL_SURFACE('',#2377,4.5E-02);
#2377 = AXIS2_PLACEMENT_3D('',#2378,#2379,#2380);
#2378 = CARTESIAN_POINT('',(0.955,-0.6,0.405));
#2379 = DIRECTION('',(0.,1.,0.));
#2380 = DIRECTION('',(1.,0.,0.));
#2381 = ADVANCED_FACE('',(#2382),#2393,.T.);
#2382 = FACE_BOUND('',#2383,.T.);
#2383 = EDGE_LOOP('',(#2384,#2385,#2391,#2392));
#2384 = ORIENTED_EDGE('',*,*,#2236,.F.);
#2385 = ORIENTED_EDGE('',*,*,#2386,.F.);
#2386 = EDGE_CURVE('',#2104,#2228,#2387,.T.);
#2387 = LINE('',#2388,#2389);
#2388 = CARTESIAN_POINT('',(0.745,-0.6,0.45));
#2389 = VECTOR('',#2390,1.);
#2390 = DIRECTION('',(0.,1.,0.));
#2391 = ORIENTED_EDGE('',*,*,#2112,.T.);
#2392 = ORIENTED_EDGE('',*,*,#2370,.T.);
#2393 = PLANE('',#2394);
#2394 = AXIS2_PLACEMENT_3D('',#2395,#2396,#2397);
#2395 = CARTESIAN_POINT('',(0.7,-0.6,0.45));
#2396 = DIRECTION('',(0.,0.,1.));
#2397 = DIRECTION('',(1.,0.,-0.));
#2398 = ADVANCED_FACE('',(#2399),#2410,.T.);
#2399 = FACE_BOUND('',#2400,.T.);
#2400 = EDGE_LOOP('',(#2401,#2402,#2403,#2404));
#2401 = ORIENTED_EDGE('',*,*,#2103,.T.);
#2402 = ORIENTED_EDGE('',*,*,#2386,.T.);
#2403 = ORIENTED_EDGE('',*,*,#2227,.F.);
#2404 = ORIENTED_EDGE('',*,*,#2405,.F.);
#2405 = EDGE_CURVE('',#1938,#2021,#2406,.T.);
#2406 = LINE('',#2407,#2408);
#2407 = CARTESIAN_POINT('',(0.7,-0.6,0.405));
#2408 = VECTOR('',#2409,1.);
#2409 = DIRECTION('',(0.,1.,0.));
#2410 = CYLINDRICAL_SURFACE('',#2411,4.5E-02);
#2411 = AXIS2_PLACEMENT_3D('',#2412,#2413,#2414);
#2412 = CARTESIAN_POINT('',(0.745,-0.6,0.405));
#2413 = DIRECTION('',(0.,1.,0.));
#2414 = DIRECTION('',(-1.,0.,0.));
#2415 = ADVANCED_FACE('',(#2416),#2427,.T.);
#2416 = FACE_BOUND('',#2417,.T.);
#2417 = EDGE_LOOP('',(#2418,#2419,#2420,#2421));
#2418 = ORIENTED_EDGE('',*,*,#2169,.F.);
#2419 = ORIENTED_EDGE('',*,*,#2405,.T.);
#2420 = ORIENTED_EDGE('',*,*,#2286,.T.);
#2421 = ORIENTED_EDGE('',*,*,#2422,.F.);
#2422 = EDGE_CURVE('',#2162,#2279,#2423,.T.);
#2423 = LINE('',#2424,#2425);
#2424 = CARTESIAN_POINT('',(0.7,-0.6,0.45));
#2425 = VECTOR('',#2426,1.);
#2426 = DIRECTION('',(0.,1.,0.));
#2427 = PLANE('',#2428);
#2428 = AXIS2_PLACEMENT_3D('',#2429,#2430,#2431);
#2429 = CARTESIAN_POINT('',(0.7,-0.6,0.405));
#2430 = DIRECTION('',(1.,0.,0.));
#2431 = DIRECTION('',(0.,0.,1.));
#2432 = ADVANCED_FACE('',(#2433),#2439,.T.);
#2433 = FACE_BOUND('',#2434,.T.);
#2434 = EDGE_LOOP('',(#2435,#2436,#2437,#2438));
#2435 = ORIENTED_EDGE('',*,*,#2193,.F.);
#2436 = ORIENTED_EDGE('',*,*,#2161,.T.);
#2437 = ORIENTED_EDGE('',*,*,#2422,.T.);
#2438 = ORIENTED_EDGE('',*,*,#2278,.F.);
#2439 = PLANE('',#2440);
#2440 = AXIS2_PLACEMENT_3D('',#2441,#2442,#2443);
#2441 = CARTESIAN_POINT('',(-0.7,-0.6,0.45));
#2442 = DIRECTION('',(0.,0.,1.));
#2443 = DIRECTION('',(1.,0.,-0.));
#2444 = ( GEOMETRIC_REPRESENTATION_CONTEXT(3) 
GLOBAL_UNCERTAINTY_ASSIGNED_CONTEXT((#2448)) 
GLOBAL_UNIT_ASSIGNED_CONTEXT((#2445,#2446,#2447)) REPRESENTATION_CONTEXT
('Context #1','3D Context with UNIT and UNCERTAINTY') );
#2445 = ( LENGTH_UNIT() NAMED_UNIT(*) SI_UNIT(.MILLI.,.METRE.) );
#2446 = ( NAMED_UNIT(*) PLANE_ANGLE_UNIT() SI_UNIT($,.RADIAN.) );
#2447 = ( NAMED_UNIT(*) SI_UNIT($,.STERADIAN.) SOLID_ANGLE_UNIT() );
#2448 = UNCERTAINTY_MEASURE_WITH_UNIT(LENGTH_MEASURE(1.E-07),#2445,
  'distance_accuracy_value','confusion accuracy');
#2449 = CONTEXT_DEPENDENT_SHAPE_REPRESENTATION(#2450,#2452);
#2450 = ( REPRESENTATION_RELATIONSHIP('','',#1653,#10) 
REPRESENTATION_RELATIONSHIP_WITH_TRANSFORMATION(#2451) 
SHAPE_REPRESENTATION_RELATIONSHIP() );
#2451 = ITEM_DEFINED_TRANSFORMATION('','',#11,#23);
#2452 = PRODUCT_DEFINITION_SHAPE('Placement','Placement of an item',
  #2453);
#2453 = NEXT_ASSEMBLY_USAGE_OCCURRENCE('3','R4','',#5,#1648,$);
#2454 = PRODUCT_RELATED_PRODUCT_CATEGORY('part',$,(#1650));
#2455 = SHAPE_DEFINITION_REPRESENTATION(#2456,#2462);
#2456 = PRODUCT_DEFINITION_SHAPE('','',#2457);
#2457 = PRODUCT_DEFINITION('design','',#2458,#2461);
#2458 = PRODUCT_DEFINITION_FORMATION('','',#2459);
#2459 = PRODUCT('TSOT-23','TSOT-23','',(#2460));
#2460 = PRODUCT_CONTEXT('',#2,'mechanical');
#2461 = PRODUCT_DEFINITION_CONTEXT('part definition',#2,'design');
#2462 = ADVANCED_BREP_SHAPE_REPRESENTATION('',(#11,#2463),#4598);
#2463 = MANIFOLD_SOLID_BREP('',#2464);
#2464 = CLOSED_SHELL('',(#2465,#2503,#2566,#2589,#2618,#2641,#2696,#2735
    ,#2758,#2781,#2798,#2821,#2909,#2925,#2955,#2986,#3017,#3048,#3065,
    #3082,#3113,#3143,#3166,#3189,#3206,#3251,#3305,#3328,#3351,#3374,
    #3413,#3451,#3495,#3587,#3612,#3696,#3713,#3798,#3823,#3900,#3985,
    #4010,#4087,#4104,#4123,#4169,#4185,#4201,#4218,#4230,#4247,#4264,
    #4281,#4298,#4315,#4332,#4349,#4361,#4378,#4395,#4412,#4429,#4446,
    #4463,#4475,#4492,#4509,#4526,#4543,#4560,#4577,#4589));
#2465 = ADVANCED_FACE('',(#2466),#2498,.F.);
#2466 = FACE_BOUND('',#2467,.F.);
#2467 = EDGE_LOOP('',(#2468,#2478,#2485,#2493));
#2468 = ORIENTED_EDGE('',*,*,#2469,.T.);
#2469 = EDGE_CURVE('',#2470,#2472,#2474,.T.);
#2470 = VERTEX_POINT('',#2471);
#2471 = CARTESIAN_POINT('',(-0.680405353927,1.400810707854,0.1));
#2472 = VERTEX_POINT('',#2473);
#2473 = CARTESIAN_POINT('',(0.680405353927,1.400810707854,0.1));
#2474 = LINE('',#2475,#2476);
#2475 = CARTESIAN_POINT('',(-0.680405353927,1.400810707854,0.1));
#2476 = VECTOR('',#2477,1.);
#2477 = DIRECTION('',(1.,1.110223024625E-16,0.));
#2478 = ORIENTED_EDGE('',*,*,#2479,.T.);
#2479 = EDGE_CURVE('',#2472,#2480,#2482,.T.);
#2480 = VERTEX_POINT('',#2481);
#2481 = CARTESIAN_POINT('',(0.705,1.45,0.45));
#2482 = B_SPLINE_CURVE_WITH_KNOTS('',1,(#2483,#2484),.UNSPECIFIED.,.F.,
  .F.,(2,2),(0.,1.),.PIECEWISE_BEZIER_KNOTS.);
#2483 = CARTESIAN_POINT('',(0.680405353927,1.400810707854,0.1));
#2484 = CARTESIAN_POINT('',(0.705,1.45,0.45));
#2485 = ORIENTED_EDGE('',*,*,#2486,.F.);
#2486 = EDGE_CURVE('',#2487,#2480,#2489,.T.);
#2487 = VERTEX_POINT('',#2488);
#2488 = CARTESIAN_POINT('',(-0.705,1.45,0.45));
#2489 = LINE('',#2490,#2491);
#2490 = CARTESIAN_POINT('',(-0.705,1.45,0.45));
#2491 = VECTOR('',#2492,1.);
#2492 = DIRECTION('',(1.,1.110223024625E-16,0.));
#2493 = ORIENTED_EDGE('',*,*,#2494,.F.);
#2494 = EDGE_CURVE('',#2470,#2487,#2495,.T.);
#2495 = B_SPLINE_CURVE_WITH_KNOTS('',1,(#2496,#2497),.UNSPECIFIED.,.F.,
  .F.,(2,2),(0.,1.),.PIECEWISE_BEZIER_KNOTS.);
#2496 = CARTESIAN_POINT('',(-0.680405353927,1.400810707854,0.1));
#2497 = CARTESIAN_POINT('',(-0.705,1.45,0.45));
#2498 = B_SPLINE_SURFACE_WITH_KNOTS('',1,1,(
    (#2499,#2500)
    ,(#2501,#2502
    )),.UNSPECIFIED.,.F.,.F.,.F.,(2,2),(2,2),(0.,1.41),(0.,1.),
  .PIECEWISE_BEZIER_KNOTS.);
#2499 = CARTESIAN_POINT('',(-0.680405353927,1.400810707854,0.1));
#2500 = CARTESIAN_POINT('',(-0.705,1.45,0.45));
#2501 = CARTESIAN_POINT('',(0.680405353927,1.400810707854,0.1));
#2502 = CARTESIAN_POINT('',(0.705,1.45,0.45));
#2503 = ADVANCED_FACE('',(#2504),#2561,.F.);
#2504 = FACE_BOUND('',#2505,.T.);
#2505 = EDGE_LOOP('',(#2506,#2507,#2515,#2523,#2531,#2539,#2547,#2555));
#2506 = ORIENTED_EDGE('',*,*,#2469,.T.);
#2507 = ORIENTED_EDGE('',*,*,#2508,.T.);
#2508 = EDGE_CURVE('',#2472,#2509,#2511,.T.);
#2509 = VERTEX_POINT('',#2510);
#2510 = CARTESIAN_POINT('',(0.750810707854,1.330405353927,0.1));
#2511 = LINE('',#2512,#2513);
#2512 = CARTESIAN_POINT('',(0.680405353927,1.400810707854,0.1));
#2513 = VECTOR('',#2514,1.);
#2514 = DIRECTION('',(0.707106781187,-0.707106781187,0.));
#2515 = ORIENTED_EDGE('',*,*,#2516,.T.);
#2516 = EDGE_CURVE('',#2509,#2517,#2519,.T.);
#2517 = VERTEX_POINT('',#2518);
#2518 = CARTESIAN_POINT('',(0.750810707854,-1.330405353927,0.1));
#2519 = LINE('',#2520,#2521);
#2520 = CARTESIAN_POINT('',(0.750810707854,1.330405353927,0.1));
#2521 = VECTOR('',#2522,1.);
#2522 = DIRECTION('',(1.110223024625E-16,-1.,0.));
#2523 = ORIENTED_EDGE('',*,*,#2524,.T.);
#2524 = EDGE_CURVE('',#2517,#2525,#2527,.T.);
#2525 = VERTEX_POINT('',#2526);
#2526 = CARTESIAN_POINT('',(0.680405353927,-1.400810707854,0.1));
#2527 = LINE('',#2528,#2529);
#2528 = CARTESIAN_POINT('',(0.750810707854,-1.330405353927,0.1));
#2529 = VECTOR('',#2530,1.);
#2530 = DIRECTION('',(-0.707106781187,-0.707106781187,0.));
#2531 = ORIENTED_EDGE('',*,*,#2532,.T.);
#2532 = EDGE_CURVE('',#2525,#2533,#2535,.T.);
#2533 = VERTEX_POINT('',#2534);
#2534 = CARTESIAN_POINT('',(-0.680405353927,-1.400810707854,0.1));
#2535 = LINE('',#2536,#2537);
#2536 = CARTESIAN_POINT('',(0.680405353927,-1.400810707854,0.1));
#2537 = VECTOR('',#2538,1.);
#2538 = DIRECTION('',(-1.,-1.110223024625E-16,0.));
#2539 = ORIENTED_EDGE('',*,*,#2540,.T.);
#2540 = EDGE_CURVE('',#2533,#2541,#2543,.T.);
#2541 = VERTEX_POINT('',#2542);
#2542 = CARTESIAN_POINT('',(-0.750810707854,-1.330405353927,0.1));
#2543 = LINE('',#2544,#2545);
#2544 = CARTESIAN_POINT('',(-0.680405353927,-1.400810707854,0.1));
#2545 = VECTOR('',#2546,1.);
#2546 = DIRECTION('',(-0.707106781187,0.707106781187,0.));
#2547 = ORIENTED_EDGE('',*,*,#2548,.T.);
#2548 = EDGE_CURVE('',#2541,#2549,#2551,.T.);
#2549 = VERTEX_POINT('',#2550);
#2550 = CARTESIAN_POINT('',(-0.750810707854,1.330405353927,0.1));
#2551 = LINE('',#2552,#2553);
#2552 = CARTESIAN_POINT('',(-0.750810707854,-1.330405353927,0.1));
#2553 = VECTOR('',#2554,1.);
#2554 = DIRECTION('',(-1.110223024625E-16,1.,0.));
#2555 = ORIENTED_EDGE('',*,*,#2556,.T.);
#2556 = EDGE_CURVE('',#2549,#2470,#2557,.T.);
#2557 = LINE('',#2558,#2559);
#2558 = CARTESIAN_POINT('',(-0.750810707854,1.330405353927,0.1));
#2559 = VECTOR('',#2560,1.);
#2560 = DIRECTION('',(0.707106781187,0.707106781187,0.));
#2561 = PLANE('',#2562);
#2562 = AXIS2_PLACEMENT_3D('',#2563,#2564,#2565);
#2563 = CARTESIAN_POINT('',(-0.680405353927,1.400810707854,0.1));
#2564 = DIRECTION('',(0.,0.,1.));
#2565 = DIRECTION('',(0.436909980015,-0.899505235873,0.));
#2566 = ADVANCED_FACE('',(#2567),#2584,.F.);
#2567 = FACE_BOUND('',#2568,.F.);
#2568 = EDGE_LOOP('',(#2569,#2570,#2577,#2583));
#2569 = ORIENTED_EDGE('',*,*,#2508,.T.);
#2570 = ORIENTED_EDGE('',*,*,#2571,.T.);
#2571 = EDGE_CURVE('',#2509,#2572,#2574,.T.);
#2572 = VERTEX_POINT('',#2573);
#2573 = CARTESIAN_POINT('',(0.8,1.355,0.45));
#2574 = B_SPLINE_CURVE_WITH_KNOTS('',1,(#2575,#2576),.UNSPECIFIED.,.F.,
  .F.,(2,2),(0.,1.),.PIECEWISE_BEZIER_KNOTS.);
#2575 = CARTESIAN_POINT('',(0.750810707854,1.330405353927,0.1));
#2576 = CARTESIAN_POINT('',(0.8,1.355,0.45));
#2577 = ORIENTED_EDGE('',*,*,#2578,.F.);
#2578 = EDGE_CURVE('',#2480,#2572,#2579,.T.);
#2579 = LINE('',#2580,#2581);
#2580 = CARTESIAN_POINT('',(0.705,1.45,0.45));
#2581 = VECTOR('',#2582,1.);
#2582 = DIRECTION('',(0.707106781187,-0.707106781187,0.));
#2583 = ORIENTED_EDGE('',*,*,#2479,.F.);
#2584 = B_SPLINE_SURFACE_WITH_KNOTS('',1,1,(
    (#2585,#2586)
    ,(#2587,#2588
    )),.UNSPECIFIED.,.F.,.F.,.F.,(2,2),(2,2),(0.,0.134350288425),(0.,1.)
  ,.PIECEWISE_BEZIER_KNOTS.);
#2585 = CARTESIAN_POINT('',(0.680405353927,1.400810707854,0.1));
#2586 = CARTESIAN_POINT('',(0.705,1.45,0.45));
#2587 = CARTESIAN_POINT('',(0.750810707854,1.330405353927,0.1));
#2588 = CARTESIAN_POINT('',(0.8,1.355,0.45));
#2589 = ADVANCED_FACE('',(#2590),#2613,.F.);
#2590 = FACE_BOUND('',#2591,.F.);
#2591 = EDGE_LOOP('',(#2592,#2593,#2600,#2608));
#2592 = ORIENTED_EDGE('',*,*,#2486,.T.);
#2593 = ORIENTED_EDGE('',*,*,#2594,.T.);
#2594 = EDGE_CURVE('',#2480,#2595,#2597,.T.);
#2595 = VERTEX_POINT('',#2596);
#2596 = CARTESIAN_POINT('',(0.705,1.45,0.6));
#2597 = B_SPLINE_CURVE_WITH_KNOTS('',1,(#2598,#2599),.UNSPECIFIED.,.F.,
  .F.,(2,2),(0.,1.),.PIECEWISE_BEZIER_KNOTS.);
#2598 = CARTESIAN_POINT('',(0.705,1.45,0.45));
#2599 = CARTESIAN_POINT('',(0.705,1.45,0.6));
#2600 = ORIENTED_EDGE('',*,*,#2601,.F.);
#2601 = EDGE_CURVE('',#2602,#2595,#2604,.T.);
#2602 = VERTEX_POINT('',#2603);
#2603 = CARTESIAN_POINT('',(-0.705,1.45,0.6));
#2604 = LINE('',#2605,#2606);
#2605 = CARTESIAN_POINT('',(-0.705,1.45,0.6));
#2606 = VECTOR('',#2607,1.);
#2607 = DIRECTION('',(1.,1.110223024625E-16,0.));
#2608 = ORIENTED_EDGE('',*,*,#2609,.F.);
#2609 = EDGE_CURVE('',#2487,#2602,#2610,.T.);
#2610 = B_SPLINE_CURVE_WITH_KNOTS('',1,(#2611,#2612),.UNSPECIFIED.,.F.,
  .F.,(2,2),(0.,1.),.PIECEWISE_BEZIER_KNOTS.);
#2611 = CARTESIAN_POINT('',(-0.705,1.45,0.45));
#2612 = CARTESIAN_POINT('',(-0.705,1.45,0.6));
#2613 = PLANE('',#2614);
#2614 = AXIS2_PLACEMENT_3D('',#2615,#2616,#2617);
#2615 = CARTESIAN_POINT('',(-0.705,1.45,0.6));
#2616 = DIRECTION('',(1.110223024625E-16,-1.,0.));
#2617 = DIRECTION('',(1.,1.110223024625E-16,0.));
#2618 = ADVANCED_FACE('',(#2619),#2636,.F.);
#2619 = FACE_BOUND('',#2620,.F.);
#2620 = EDGE_LOOP('',(#2621,#2622,#2623,#2631));
#2621 = ORIENTED_EDGE('',*,*,#2556,.T.);
#2622 = ORIENTED_EDGE('',*,*,#2494,.T.);
#2623 = ORIENTED_EDGE('',*,*,#2624,.F.);
#2624 = EDGE_CURVE('',#2625,#2487,#2627,.T.);
#2625 = VERTEX_POINT('',#2626);
#2626 = CARTESIAN_POINT('',(-0.8,1.355,0.45));
#2627 = LINE('',#2628,#2629);
#2628 = CARTESIAN_POINT('',(-0.8,1.355,0.45));
#2629 = VECTOR('',#2630,1.);
#2630 = DIRECTION('',(0.707106781187,0.707106781187,0.));
#2631 = ORIENTED_EDGE('',*,*,#2632,.F.);
#2632 = EDGE_CURVE('',#2549,#2625,#2633,.T.);
#2633 = B_SPLINE_CURVE_WITH_KNOTS('',1,(#2634,#2635),.UNSPECIFIED.,.F.,
  .F.,(2,2),(0.,1.),.PIECEWISE_BEZIER_KNOTS.);
#2634 = CARTESIAN_POINT('',(-0.750810707854,1.330405353927,0.1));
#2635 = CARTESIAN_POINT('',(-0.8,1.355,0.45));
#2636 = B_SPLINE_SURFACE_WITH_KNOTS('',1,1,(
    (#2637,#2638)
    ,(#2639,#2640
    )),.UNSPECIFIED.,.F.,.F.,.F.,(2,2),(2,2),(0.,0.134350288425),(0.,1.)
  ,.PIECEWISE_BEZIER_KNOTS.);
#2637 = CARTESIAN_POINT('',(-0.750810707854,1.330405353927,0.1));
#2638 = CARTESIAN_POINT('',(-0.8,1.355,0.45));
#2639 = CARTESIAN_POINT('',(-0.680405353927,1.400810707854,0.1));
#2640 = CARTESIAN_POINT('',(-0.705,1.45,0.45));
#2641 = ADVANCED_FACE('',(#2642),#2691,.F.);
#2642 = FACE_BOUND('',#2643,.F.);
#2643 = EDGE_LOOP('',(#2644,#2645,#2646,#2654,#2662,#2670,#2678,#2686));
#2644 = ORIENTED_EDGE('',*,*,#2548,.T.);
#2645 = ORIENTED_EDGE('',*,*,#2632,.T.);
#2646 = ORIENTED_EDGE('',*,*,#2647,.F.);
#2647 = EDGE_CURVE('',#2648,#2625,#2650,.T.);
#2648 = VERTEX_POINT('',#2649);
#2649 = CARTESIAN_POINT('',(-0.8,1.125,0.45));
#2650 = LINE('',#2651,#2652);
#2651 = CARTESIAN_POINT('',(-0.8,-1.355,0.45));
#2652 = VECTOR('',#2653,1.);
#2653 = DIRECTION('',(-1.110223024625E-16,1.,0.));
#2654 = ORIENTED_EDGE('',*,*,#2655,.F.);
#2655 = EDGE_CURVE('',#2656,#2648,#2658,.T.);
#2656 = VERTEX_POINT('',#2657);
#2657 = CARTESIAN_POINT('',(-0.8,0.775,0.45));
#2658 = LINE('',#2659,#2660);
#2659 = CARTESIAN_POINT('',(-0.8,-1.355,0.45));
#2660 = VECTOR('',#2661,1.);
#2661 = DIRECTION('',(-1.110223024625E-16,1.,0.));
#2662 = ORIENTED_EDGE('',*,*,#2663,.F.);
#2663 = EDGE_CURVE('',#2664,#2656,#2666,.T.);
#2664 = VERTEX_POINT('',#2665);
#2665 = CARTESIAN_POINT('',(-0.8,-0.775,0.45));
#2666 = LINE('',#2667,#2668);
#2667 = CARTESIAN_POINT('',(-0.8,-1.355,0.45));
#2668 = VECTOR('',#2669,1.);
#2669 = DIRECTION('',(-1.110223024625E-16,1.,0.));
#2670 = ORIENTED_EDGE('',*,*,#2671,.F.);
#2671 = EDGE_CURVE('',#2672,#2664,#2674,.T.);
#2672 = VERTEX_POINT('',#2673);
#2673 = CARTESIAN_POINT('',(-0.8,-1.125,0.45));
#2674 = LINE('',#2675,#2676);
#2675 = CARTESIAN_POINT('',(-0.8,-1.355,0.45));
#2676 = VECTOR('',#2677,1.);
#2677 = DIRECTION('',(-1.110223024625E-16,1.,0.));
#2678 = ORIENTED_EDGE('',*,*,#2679,.F.);
#2679 = EDGE_CURVE('',#2680,#2672,#2682,.T.);
#2680 = VERTEX_POINT('',#2681);
#2681 = CARTESIAN_POINT('',(-0.8,-1.355,0.45));
#2682 = LINE('',#2683,#2684);
#2683 = CARTESIAN_POINT('',(-0.8,-1.355,0.45));
#2684 = VECTOR('',#2685,1.);
#2685 = DIRECTION('',(-1.110223024625E-16,1.,0.));
#2686 = ORIENTED_EDGE('',*,*,#2687,.F.);
#2687 = EDGE_CURVE('',#2541,#2680,#2688,.T.);
#2688 = B_SPLINE_CURVE_WITH_KNOTS('',1,(#2689,#2690),.UNSPECIFIED.,.F.,
  .F.,(2,2),(0.,1.),.PIECEWISE_BEZIER_KNOTS.);
#2689 = CARTESIAN_POINT('',(-0.750810707854,-1.330405353927,0.1));
#2690 = CARTESIAN_POINT('',(-0.8,-1.355,0.45));
#2691 = B_SPLINE_SURFACE_WITH_KNOTS('',1,1,(
    (#2692,#2693)
    ,(#2694,#2695
    )),.UNSPECIFIED.,.F.,.F.,.F.,(2,2),(2,2),(0.,2.71),(0.,1.),
  .PIECEWISE_BEZIER_KNOTS.);
#2692 = CARTESIAN_POINT('',(-0.750810707854,-1.330405353927,0.1));
#2693 = CARTESIAN_POINT('',(-0.8,-1.355,0.45));
#2694 = CARTESIAN_POINT('',(-0.750810707854,1.330405353927,0.1));
#2695 = CARTESIAN_POINT('',(-0.8,1.355,0.45));
#2696 = ADVANCED_FACE('',(#2697),#2730,.F.);
#2697 = FACE_BOUND('',#2698,.F.);
#2698 = EDGE_LOOP('',(#2699,#2700,#2707,#2715,#2723,#2729));
#2699 = ORIENTED_EDGE('',*,*,#2516,.T.);
#2700 = ORIENTED_EDGE('',*,*,#2701,.T.);
#2701 = EDGE_CURVE('',#2517,#2702,#2704,.T.);
#2702 = VERTEX_POINT('',#2703);
#2703 = CARTESIAN_POINT('',(0.8,-1.355,0.45));
#2704 = B_SPLINE_CURVE_WITH_KNOTS('',1,(#2705,#2706),.UNSPECIFIED.,.F.,
  .F.,(2,2),(0.,1.),.PIECEWISE_BEZIER_KNOTS.);
#2705 = CARTESIAN_POINT('',(0.750810707854,-1.330405353927,0.1));
#2706 = CARTESIAN_POINT('',(0.8,-1.355,0.45));
#2707 = ORIENTED_EDGE('',*,*,#2708,.F.);
#2708 = EDGE_CURVE('',#2709,#2702,#2711,.T.);
#2709 = VERTEX_POINT('',#2710);
#2710 = CARTESIAN_POINT('',(0.8,-0.175,0.45));
#2711 = LINE('',#2712,#2713);
#2712 = CARTESIAN_POINT('',(0.8,1.355,0.45));
#2713 = VECTOR('',#2714,1.);
#2714 = DIRECTION('',(1.110223024625E-16,-1.,0.));
#2715 = ORIENTED_EDGE('',*,*,#2716,.F.);
#2716 = EDGE_CURVE('',#2717,#2709,#2719,.T.);
#2717 = VERTEX_POINT('',#2718);
#2718 = CARTESIAN_POINT('',(0.8,0.175,0.45));
#2719 = LINE('',#2720,#2721);
#2720 = CARTESIAN_POINT('',(0.8,1.355,0.45));
#2721 = VECTOR('',#2722,1.);
#2722 = DIRECTION('',(1.110223024625E-16,-1.,0.));
#2723 = ORIENTED_EDGE('',*,*,#2724,.F.);
#2724 = EDGE_CURVE('',#2572,#2717,#2725,.T.);
#2725 = LINE('',#2726,#2727);
#2726 = CARTESIAN_POINT('',(0.8,1.355,0.45));
#2727 = VECTOR('',#2728,1.);
#2728 = DIRECTION('',(1.110223024625E-16,-1.,0.));
#2729 = ORIENTED_EDGE('',*,*,#2571,.F.);
#2730 = B_SPLINE_SURFACE_WITH_KNOTS('',1,1,(
    (#2731,#2732)
    ,(#2733,#2734
    )),.UNSPECIFIED.,.F.,.F.,.F.,(2,2),(2,2),(0.,2.71),(0.,1.),
  .PIECEWISE_BEZIER_KNOTS.);
#2731 = CARTESIAN_POINT('',(0.750810707854,1.330405353927,0.1));
#2732 = CARTESIAN_POINT('',(0.8,1.355,0.45));
#2733 = CARTESIAN_POINT('',(0.750810707854,-1.330405353927,0.1));
#2734 = CARTESIAN_POINT('',(0.8,-1.355,0.45));
#2735 = ADVANCED_FACE('',(#2736),#2753,.F.);
#2736 = FACE_BOUND('',#2737,.F.);
#2737 = EDGE_LOOP('',(#2738,#2739,#2740,#2748));
#2738 = ORIENTED_EDGE('',*,*,#2540,.T.);
#2739 = ORIENTED_EDGE('',*,*,#2687,.T.);
#2740 = ORIENTED_EDGE('',*,*,#2741,.F.);
#2741 = EDGE_CURVE('',#2742,#2680,#2744,.T.);
#2742 = VERTEX_POINT('',#2743);
#2743 = CARTESIAN_POINT('',(-0.705,-1.45,0.45));
#2744 = LINE('',#2745,#2746);
#2745 = CARTESIAN_POINT('',(-0.705,-1.45,0.45));
#2746 = VECTOR('',#2747,1.);
#2747 = DIRECTION('',(-0.707106781187,0.707106781187,0.));
#2748 = ORIENTED_EDGE('',*,*,#2749,.F.);
#2749 = EDGE_CURVE('',#2533,#2742,#2750,.T.);
#2750 = B_SPLINE_CURVE_WITH_KNOTS('',1,(#2751,#2752),.UNSPECIFIED.,.F.,
  .F.,(2,2),(0.,1.),.PIECEWISE_BEZIER_KNOTS.);
#2751 = CARTESIAN_POINT('',(-0.680405353927,-1.400810707854,0.1));
#2752 = CARTESIAN_POINT('',(-0.705,-1.45,0.45));
#2753 = B_SPLINE_SURFACE_WITH_KNOTS('',1,1,(
    (#2754,#2755)
    ,(#2756,#2757
    )),.UNSPECIFIED.,.F.,.F.,.F.,(2,2),(2,2),(0.,0.134350288425),(0.,1.)
  ,.PIECEWISE_BEZIER_KNOTS.);
#2754 = CARTESIAN_POINT('',(-0.680405353927,-1.400810707854,0.1));
#2755 = CARTESIAN_POINT('',(-0.705,-1.45,0.45));
#2756 = CARTESIAN_POINT('',(-0.750810707854,-1.330405353927,0.1));
#2757 = CARTESIAN_POINT('',(-0.8,-1.355,0.45));
#2758 = ADVANCED_FACE('',(#2759),#2776,.F.);
#2759 = FACE_BOUND('',#2760,.F.);
#2760 = EDGE_LOOP('',(#2761,#2762,#2769,#2775));
#2761 = ORIENTED_EDGE('',*,*,#2524,.T.);
#2762 = ORIENTED_EDGE('',*,*,#2763,.T.);
#2763 = EDGE_CURVE('',#2525,#2764,#2766,.T.);
#2764 = VERTEX_POINT('',#2765);
#2765 = CARTESIAN_POINT('',(0.705,-1.45,0.45));
#2766 = B_SPLINE_CURVE_WITH_KNOTS('',1,(#2767,#2768),.UNSPECIFIED.,.F.,
  .F.,(2,2),(0.,1.),.PIECEWISE_BEZIER_KNOTS.);
#2767 = CARTESIAN_POINT('',(0.680405353927,-1.400810707854,0.1));
#2768 = CARTESIAN_POINT('',(0.705,-1.45,0.45));
#2769 = ORIENTED_EDGE('',*,*,#2770,.F.);
#2770 = EDGE_CURVE('',#2702,#2764,#2771,.T.);
#2771 = LINE('',#2772,#2773);
#2772 = CARTESIAN_POINT('',(0.8,-1.355,0.45));
#2773 = VECTOR('',#2774,1.);
#2774 = DIRECTION('',(-0.707106781187,-0.707106781187,0.));
#2775 = ORIENTED_EDGE('',*,*,#2701,.F.);
#2776 = B_SPLINE_SURFACE_WITH_KNOTS('',1,1,(
    (#2777,#2778)
    ,(#2779,#2780
    )),.UNSPECIFIED.,.F.,.F.,.F.,(2,2),(2,2),(0.,0.134350288425),(0.,1.)
  ,.PIECEWISE_BEZIER_KNOTS.);
#2777 = CARTESIAN_POINT('',(0.750810707854,-1.330405353927,0.1));
#2778 = CARTESIAN_POINT('',(0.8,-1.355,0.45));
#2779 = CARTESIAN_POINT('',(0.680405353927,-1.400810707854,0.1));
#2780 = CARTESIAN_POINT('',(0.705,-1.45,0.45));
#2781 = ADVANCED_FACE('',(#2782),#2793,.F.);
#2782 = FACE_BOUND('',#2783,.F.);
#2783 = EDGE_LOOP('',(#2784,#2785,#2786,#2792));
#2784 = ORIENTED_EDGE('',*,*,#2532,.T.);
#2785 = ORIENTED_EDGE('',*,*,#2749,.T.);
#2786 = ORIENTED_EDGE('',*,*,#2787,.F.);
#2787 = EDGE_CURVE('',#2764,#2742,#2788,.T.);
#2788 = LINE('',#2789,#2790);
#2789 = CARTESIAN_POINT('',(0.705,-1.45,0.45));
#2790 = VECTOR('',#2791,1.);
#2791 = DIRECTION('',(-1.,-1.110223024625E-16,0.));
#2792 = ORIENTED_EDGE('',*,*,#2763,.F.);
#2793 = B_SPLINE_SURFACE_WITH_KNOTS('',1,1,(
    (#2794,#2795)
    ,(#2796,#2797
    )),.UNSPECIFIED.,.F.,.F.,.F.,(2,2),(2,2),(0.,1.41),(0.,1.),
  .PIECEWISE_BEZIER_KNOTS.);
#2794 = CARTESIAN_POINT('',(0.680405353927,-1.400810707854,0.1));
#2795 = CARTESIAN_POINT('',(0.705,-1.45,0.45));
#2796 = CARTESIAN_POINT('',(-0.680405353927,-1.400810707854,0.1));
#2797 = CARTESIAN_POINT('',(-0.705,-1.45,0.45));
#2798 = ADVANCED_FACE('',(#2799),#2816,.F.);
#2799 = FACE_BOUND('',#2800,.F.);
#2800 = EDGE_LOOP('',(#2801,#2802,#2809,#2815));
#2801 = ORIENTED_EDGE('',*,*,#2578,.T.);
#2802 = ORIENTED_EDGE('',*,*,#2803,.T.);
#2803 = EDGE_CURVE('',#2572,#2804,#2806,.T.);
#2804 = VERTEX_POINT('',#2805);
#2805 = CARTESIAN_POINT('',(0.8,1.355,0.6));
#2806 = B_SPLINE_CURVE_WITH_KNOTS('',1,(#2807,#2808),.UNSPECIFIED.,.F.,
  .F.,(2,2),(0.,1.),.PIECEWISE_BEZIER_KNOTS.);
#2807 = CARTESIAN_POINT('',(0.8,1.355,0.45));
#2808 = CARTESIAN_POINT('',(0.8,1.355,0.6));
#2809 = ORIENTED_EDGE('',*,*,#2810,.F.);
#2810 = EDGE_CURVE('',#2595,#2804,#2811,.T.);
#2811 = LINE('',#2812,#2813);
#2812 = CARTESIAN_POINT('',(0.705,1.45,0.6));
#2813 = VECTOR('',#2814,1.);
#2814 = DIRECTION('',(0.707106781187,-0.707106781187,0.));
#2815 = ORIENTED_EDGE('',*,*,#2594,.F.);
#2816 = PLANE('',#2817);
#2817 = AXIS2_PLACEMENT_3D('',#2818,#2819,#2820);
#2818 = CARTESIAN_POINT('',(0.705,1.45,0.6));
#2819 = DIRECTION('',(-0.707106781187,-0.707106781187,0.));
#2820 = DIRECTION('',(0.707106781187,-0.707106781187,0.));
#2821 = ADVANCED_FACE('',(#2822),#2904,.F.);
#2822 = FACE_BOUND('',#2823,.F.);
#2823 = EDGE_LOOP('',(#2824,#2832,#2833,#2834,#2842,#2850,#2858,#2866,
    #2874,#2882,#2890,#2898));
#2824 = ORIENTED_EDGE('',*,*,#2825,.T.);
#2825 = EDGE_CURVE('',#2826,#2602,#2828,.T.);
#2826 = VERTEX_POINT('',#2827);
#2827 = CARTESIAN_POINT('',(-0.8,1.355,0.6));
#2828 = LINE('',#2829,#2830);
#2829 = CARTESIAN_POINT('',(-0.8,1.355,0.6));
#2830 = VECTOR('',#2831,1.);
#2831 = DIRECTION('',(0.707106781187,0.707106781187,0.));
#2832 = ORIENTED_EDGE('',*,*,#2601,.T.);
#2833 = ORIENTED_EDGE('',*,*,#2810,.T.);
#2834 = ORIENTED_EDGE('',*,*,#2835,.T.);
#2835 = EDGE_CURVE('',#2804,#2836,#2838,.T.);
#2836 = VERTEX_POINT('',#2837);
#2837 = CARTESIAN_POINT('',(0.8,0.175,0.6));
#2838 = LINE('',#2839,#2840);
#2839 = CARTESIAN_POINT('',(0.8,1.355,0.6));
#2840 = VECTOR('',#2841,1.);
#2841 = DIRECTION('',(1.110223024625E-16,-1.,0.));
#2842 = ORIENTED_EDGE('',*,*,#2843,.T.);
#2843 = EDGE_CURVE('',#2836,#2844,#2846,.T.);
#2844 = VERTEX_POINT('',#2845);
#2845 = CARTESIAN_POINT('',(0.775,0.175,0.6));
#2846 = LINE('',#2847,#2848);
#2847 = CARTESIAN_POINT('',(0.85,0.175,0.6));
#2848 = VECTOR('',#2849,1.);
#2849 = DIRECTION('',(-1.,-1.110223024625E-16,0.));
#2850 = ORIENTED_EDGE('',*,*,#2851,.F.);
#2851 = EDGE_CURVE('',#2852,#2844,#2854,.T.);
#2852 = VERTEX_POINT('',#2853);
#2853 = CARTESIAN_POINT('',(0.775,1.3425,0.6));
#2854 = LINE('',#2855,#2856);
#2855 = CARTESIAN_POINT('',(0.775,1.3425,0.6));
#2856 = VECTOR('',#2857,1.);
#2857 = DIRECTION('',(1.110223024625E-16,-1.,0.));
#2858 = ORIENTED_EDGE('',*,*,#2859,.F.);
#2859 = EDGE_CURVE('',#2860,#2852,#2862,.T.);
#2860 = VERTEX_POINT('',#2861);
#2861 = CARTESIAN_POINT('',(0.6925,1.425,0.6));
#2862 = LINE('',#2863,#2864);
#2863 = CARTESIAN_POINT('',(0.6925,1.425,0.6));
#2864 = VECTOR('',#2865,1.);
#2865 = DIRECTION('',(0.707106781187,-0.707106781187,0.));
#2866 = ORIENTED_EDGE('',*,*,#2867,.F.);
#2867 = EDGE_CURVE('',#2868,#2860,#2870,.T.);
#2868 = VERTEX_POINT('',#2869);
#2869 = CARTESIAN_POINT('',(-0.6925,1.425,0.6));
#2870 = LINE('',#2871,#2872);
#2871 = CARTESIAN_POINT('',(-0.6925,1.425,0.6));
#2872 = VECTOR('',#2873,1.);
#2873 = DIRECTION('',(1.,1.110223024625E-16,0.));
#2874 = ORIENTED_EDGE('',*,*,#2875,.F.);
#2875 = EDGE_CURVE('',#2876,#2868,#2878,.T.);
#2876 = VERTEX_POINT('',#2877);
#2877 = CARTESIAN_POINT('',(-0.775,1.3425,0.6));
#2878 = LINE('',#2879,#2880);
#2879 = CARTESIAN_POINT('',(-0.775,1.3425,0.6));
#2880 = VECTOR('',#2881,1.);
#2881 = DIRECTION('',(0.707106781187,0.707106781187,0.));
#2882 = ORIENTED_EDGE('',*,*,#2883,.F.);
#2883 = EDGE_CURVE('',#2884,#2876,#2886,.T.);
#2884 = VERTEX_POINT('',#2885);
#2885 = CARTESIAN_POINT('',(-0.775,1.125,0.6));
#2886 = LINE('',#2887,#2888);
#2887 = CARTESIAN_POINT('',(-0.775,-1.3425,0.6));
#2888 = VECTOR('',#2889,1.);
#2889 = DIRECTION('',(-1.110223024625E-16,1.,0.));
#2890 = ORIENTED_EDGE('',*,*,#2891,.F.);
#2891 = EDGE_CURVE('',#2892,#2884,#2894,.T.);
#2892 = VERTEX_POINT('',#2893);
#2893 = CARTESIAN_POINT('',(-0.8,1.125,0.6));
#2894 = LINE('',#2895,#2896);
#2895 = CARTESIAN_POINT('',(-0.85,1.125,0.6));
#2896 = VECTOR('',#2897,1.);
#2897 = DIRECTION('',(1.,-1.144237745222E-17,0.));
#2898 = ORIENTED_EDGE('',*,*,#2899,.T.);
#2899 = EDGE_CURVE('',#2892,#2826,#2900,.T.);
#2900 = LINE('',#2901,#2902);
#2901 = CARTESIAN_POINT('',(-0.8,-1.355,0.6));
#2902 = VECTOR('',#2903,1.);
#2903 = DIRECTION('',(-1.110223024625E-16,1.,0.));
#2904 = PLANE('',#2905);
#2905 = AXIS2_PLACEMENT_3D('',#2906,#2907,#2908);
#2906 = CARTESIAN_POINT('',(-2.091417030376E-16,1.4375,0.6));
#2907 = DIRECTION('',(2.888762391192E-17,8.634073551009E-28,-1.));
#2908 = DIRECTION('',(1.,1.51922136901E-16,2.888762391192E-17));
#2909 = ADVANCED_FACE('',(#2910),#2920,.F.);
#2910 = FACE_BOUND('',#2911,.F.);
#2911 = EDGE_LOOP('',(#2912,#2913,#2914,#2915));
#2912 = ORIENTED_EDGE('',*,*,#2624,.T.);
#2913 = ORIENTED_EDGE('',*,*,#2609,.T.);
#2914 = ORIENTED_EDGE('',*,*,#2825,.F.);
#2915 = ORIENTED_EDGE('',*,*,#2916,.F.);
#2916 = EDGE_CURVE('',#2625,#2826,#2917,.T.);
#2917 = B_SPLINE_CURVE_WITH_KNOTS('',1,(#2918,#2919),.UNSPECIFIED.,.F.,
  .F.,(2,2),(0.,1.),.PIECEWISE_BEZIER_KNOTS.);
#2918 = CARTESIAN_POINT('',(-0.8,1.355,0.45));
#2919 = CARTESIAN_POINT('',(-0.8,1.355,0.6));
#2920 = PLANE('',#2921);
#2921 = AXIS2_PLACEMENT_3D('',#2922,#2923,#2924);
#2922 = CARTESIAN_POINT('',(-0.8,1.355,0.6));
#2923 = DIRECTION('',(0.707106781187,-0.707106781187,0.));
#2924 = DIRECTION('',(0.707106781187,0.707106781187,0.));
#2925 = ADVANCED_FACE('',(#2926),#2950,.F.);
#2926 = FACE_BOUND('',#2927,.F.);
#2927 = EDGE_LOOP('',(#2928,#2935,#2936,#2944));
#2928 = ORIENTED_EDGE('',*,*,#2929,.F.);
#2929 = EDGE_CURVE('',#2680,#2930,#2932,.T.);
#2930 = VERTEX_POINT('',#2931);
#2931 = CARTESIAN_POINT('',(-0.8,-1.355,0.6));
#2932 = B_SPLINE_CURVE_WITH_KNOTS('',1,(#2933,#2934),.UNSPECIFIED.,.F.,
  .F.,(2,2),(0.,1.),.PIECEWISE_BEZIER_KNOTS.);
#2933 = CARTESIAN_POINT('',(-0.8,-1.355,0.45));
#2934 = CARTESIAN_POINT('',(-0.8,-1.355,0.6));
#2935 = ORIENTED_EDGE('',*,*,#2679,.T.);
#2936 = ORIENTED_EDGE('',*,*,#2937,.T.);
#2937 = EDGE_CURVE('',#2672,#2938,#2940,.T.);
#2938 = VERTEX_POINT('',#2939);
#2939 = CARTESIAN_POINT('',(-0.8,-1.125,0.6));
#2940 = LINE('',#2941,#2942);
#2941 = CARTESIAN_POINT('',(-0.8,-1.125,0.441412655976));
#2942 = VECTOR('',#2943,1.);
#2943 = DIRECTION('',(0.,0.,1.));
#2944 = ORIENTED_EDGE('',*,*,#2945,.F.);
#2945 = EDGE_CURVE('',#2930,#2938,#2946,.T.);
#2946 = LINE('',#2947,#2948);
#2947 = CARTESIAN_POINT('',(-0.8,-1.355,0.6));
#2948 = VECTOR('',#2949,1.);
#2949 = DIRECTION('',(-1.110223024625E-16,1.,0.));
#2950 = PLANE('',#2951);
#2951 = AXIS2_PLACEMENT_3D('',#2952,#2953,#2954);
#2952 = CARTESIAN_POINT('',(-0.8,-1.355,0.6));
#2953 = DIRECTION('',(1.,1.110223024625E-16,0.));
#2954 = DIRECTION('',(-1.110223024625E-16,1.,0.));
#2955 = ADVANCED_FACE('',(#2956),#2981,.F.);
#2956 = FACE_BOUND('',#2957,.F.);
#2957 = EDGE_LOOP('',(#2958,#2966,#2967,#2975));
#2958 = ORIENTED_EDGE('',*,*,#2959,.F.);
#2959 = EDGE_CURVE('',#2672,#2960,#2962,.T.);
#2960 = VERTEX_POINT('',#2961);
#2961 = CARTESIAN_POINT('',(-0.85,-1.125,0.45));
#2962 = LINE('',#2963,#2964);
#2963 = CARTESIAN_POINT('',(-0.75,-1.125,0.45));
#2964 = VECTOR('',#2965,1.);
#2965 = DIRECTION('',(-1.,1.144237745222E-17,0.));
#2966 = ORIENTED_EDGE('',*,*,#2671,.T.);
#2967 = ORIENTED_EDGE('',*,*,#2968,.T.);
#2968 = EDGE_CURVE('',#2664,#2969,#2971,.T.);
#2969 = VERTEX_POINT('',#2970);
#2970 = CARTESIAN_POINT('',(-0.85,-0.775,0.45));
#2971 = LINE('',#2972,#2973);
#2972 = CARTESIAN_POINT('',(-0.75,-0.775,0.45));
#2973 = VECTOR('',#2974,1.);
#2974 = DIRECTION('',(-1.,1.144237745222E-17,0.));
#2975 = ORIENTED_EDGE('',*,*,#2976,.F.);
#2976 = EDGE_CURVE('',#2960,#2969,#2977,.T.);
#2977 = LINE('',#2978,#2979);
#2978 = CARTESIAN_POINT('',(-0.85,-1.125,0.45));
#2979 = VECTOR('',#2980,1.);
#2980 = DIRECTION('',(1.144237745222E-17,1.,0.));
#2981 = PLANE('',#2982);
#2982 = AXIS2_PLACEMENT_3D('',#2983,#2984,#2985);
#2983 = CARTESIAN_POINT('',(-0.75,-1.125,0.45));
#2984 = DIRECTION('',(0.,0.,1.));
#2985 = DIRECTION('',(-1.,1.144237745222E-17,0.));
#2986 = ADVANCED_FACE('',(#2987),#3012,.F.);
#2987 = FACE_BOUND('',#2988,.F.);
#2988 = EDGE_LOOP('',(#2989,#2997,#2998,#3006));
#2989 = ORIENTED_EDGE('',*,*,#2990,.F.);
#2990 = EDGE_CURVE('',#2664,#2991,#2993,.T.);
#2991 = VERTEX_POINT('',#2992);
#2992 = CARTESIAN_POINT('',(-0.8,-0.775,0.6));
#2993 = LINE('',#2994,#2995);
#2994 = CARTESIAN_POINT('',(-0.8,-0.775,0.441412655976));
#2995 = VECTOR('',#2996,1.);
#2996 = DIRECTION('',(0.,0.,1.));
#2997 = ORIENTED_EDGE('',*,*,#2663,.T.);
#2998 = ORIENTED_EDGE('',*,*,#2999,.T.);
#2999 = EDGE_CURVE('',#2656,#3000,#3002,.T.);
#3000 = VERTEX_POINT('',#3001);
#3001 = CARTESIAN_POINT('',(-0.8,0.775,0.6));
#3002 = LINE('',#3003,#3004);
#3003 = CARTESIAN_POINT('',(-0.8,0.775,0.441412655976));
#3004 = VECTOR('',#3005,1.);
#3005 = DIRECTION('',(0.,0.,1.));
#3006 = ORIENTED_EDGE('',*,*,#3007,.F.);
#3007 = EDGE_CURVE('',#2991,#3000,#3008,.T.);
#3008 = LINE('',#3009,#3010);
#3009 = CARTESIAN_POINT('',(-0.8,-1.355,0.6));
#3010 = VECTOR('',#3011,1.);
#3011 = DIRECTION('',(-1.110223024625E-16,1.,0.));
#3012 = PLANE('',#3013);
#3013 = AXIS2_PLACEMENT_3D('',#3014,#3015,#3016);
#3014 = CARTESIAN_POINT('',(-0.8,-1.355,0.6));
#3015 = DIRECTION('',(1.,1.110223024625E-16,0.));
#3016 = DIRECTION('',(-1.110223024625E-16,1.,0.));
#3017 = ADVANCED_FACE('',(#3018),#3043,.F.);
#3018 = FACE_BOUND('',#3019,.F.);
#3019 = EDGE_LOOP('',(#3020,#3028,#3029,#3037));
#3020 = ORIENTED_EDGE('',*,*,#3021,.F.);
#3021 = EDGE_CURVE('',#2656,#3022,#3024,.T.);
#3022 = VERTEX_POINT('',#3023);
#3023 = CARTESIAN_POINT('',(-0.85,0.775,0.45));
#3024 = LINE('',#3025,#3026);
#3025 = CARTESIAN_POINT('',(-0.75,0.775,0.45));
#3026 = VECTOR('',#3027,1.);
#3027 = DIRECTION('',(-1.,1.144237745222E-17,0.));
#3028 = ORIENTED_EDGE('',*,*,#2655,.T.);
#3029 = ORIENTED_EDGE('',*,*,#3030,.T.);
#3030 = EDGE_CURVE('',#2648,#3031,#3033,.T.);
#3031 = VERTEX_POINT('',#3032);
#3032 = CARTESIAN_POINT('',(-0.85,1.125,0.45));
#3033 = LINE('',#3034,#3035);
#3034 = CARTESIAN_POINT('',(-0.75,1.125,0.45));
#3035 = VECTOR('',#3036,1.);
#3036 = DIRECTION('',(-1.,1.144237745222E-17,0.));
#3037 = ORIENTED_EDGE('',*,*,#3038,.F.);
#3038 = EDGE_CURVE('',#3022,#3031,#3039,.T.);
#3039 = LINE('',#3040,#3041);
#3040 = CARTESIAN_POINT('',(-0.85,0.775,0.45));
#3041 = VECTOR('',#3042,1.);
#3042 = DIRECTION('',(1.144237745222E-17,1.,0.));
#3043 = PLANE('',#3044);
#3044 = AXIS2_PLACEMENT_3D('',#3045,#3046,#3047);
#3045 = CARTESIAN_POINT('',(-0.75,0.775,0.45));
#3046 = DIRECTION('',(0.,0.,1.));
#3047 = DIRECTION('',(-1.,1.144237745222E-17,0.));
#3048 = ADVANCED_FACE('',(#3049),#3060,.F.);
#3049 = FACE_BOUND('',#3050,.F.);
#3050 = EDGE_LOOP('',(#3051,#3057,#3058,#3059));
#3051 = ORIENTED_EDGE('',*,*,#3052,.F.);
#3052 = EDGE_CURVE('',#2648,#2892,#3053,.T.);
#3053 = LINE('',#3054,#3055);
#3054 = CARTESIAN_POINT('',(-0.8,1.125,0.441412655976));
#3055 = VECTOR('',#3056,1.);
#3056 = DIRECTION('',(0.,0.,1.));
#3057 = ORIENTED_EDGE('',*,*,#2647,.T.);
#3058 = ORIENTED_EDGE('',*,*,#2916,.T.);
#3059 = ORIENTED_EDGE('',*,*,#2899,.F.);
#3060 = PLANE('',#3061);
#3061 = AXIS2_PLACEMENT_3D('',#3062,#3063,#3064);
#3062 = CARTESIAN_POINT('',(-0.8,-1.355,0.6));
#3063 = DIRECTION('',(1.,1.110223024625E-16,0.));
#3064 = DIRECTION('',(-1.110223024625E-16,1.,0.));
#3065 = ADVANCED_FACE('',(#3066),#3077,.F.);
#3066 = FACE_BOUND('',#3067,.F.);
#3067 = EDGE_LOOP('',(#3068,#3069,#3070,#3076));
#3068 = ORIENTED_EDGE('',*,*,#2803,.F.);
#3069 = ORIENTED_EDGE('',*,*,#2724,.T.);
#3070 = ORIENTED_EDGE('',*,*,#3071,.T.);
#3071 = EDGE_CURVE('',#2717,#2836,#3072,.T.);
#3072 = LINE('',#3073,#3074);
#3073 = CARTESIAN_POINT('',(0.8,0.175,0.441412655976));
#3074 = VECTOR('',#3075,1.);
#3075 = DIRECTION('',(0.,0.,1.));
#3076 = ORIENTED_EDGE('',*,*,#2835,.F.);
#3077 = PLANE('',#3078);
#3078 = AXIS2_PLACEMENT_3D('',#3079,#3080,#3081);
#3079 = CARTESIAN_POINT('',(0.8,1.355,0.6));
#3080 = DIRECTION('',(-1.,-1.110223024625E-16,0.));
#3081 = DIRECTION('',(1.110223024625E-16,-1.,0.));
#3082 = ADVANCED_FACE('',(#3083),#3108,.F.);
#3083 = FACE_BOUND('',#3084,.F.);
#3084 = EDGE_LOOP('',(#3085,#3093,#3094,#3102));
#3085 = ORIENTED_EDGE('',*,*,#3086,.F.);
#3086 = EDGE_CURVE('',#2717,#3087,#3089,.T.);
#3087 = VERTEX_POINT('',#3088);
#3088 = CARTESIAN_POINT('',(0.85,0.175,0.45));
#3089 = LINE('',#3090,#3091);
#3090 = CARTESIAN_POINT('',(0.75,0.175,0.45));
#3091 = VECTOR('',#3092,1.);
#3092 = DIRECTION('',(1.,1.110223024625E-16,0.));
#3093 = ORIENTED_EDGE('',*,*,#2716,.T.);
#3094 = ORIENTED_EDGE('',*,*,#3095,.T.);
#3095 = EDGE_CURVE('',#2709,#3096,#3098,.T.);
#3096 = VERTEX_POINT('',#3097);
#3097 = CARTESIAN_POINT('',(0.85,-0.175,0.45));
#3098 = LINE('',#3099,#3100);
#3099 = CARTESIAN_POINT('',(0.75,-0.175,0.45));
#3100 = VECTOR('',#3101,1.);
#3101 = DIRECTION('',(1.,1.110223024625E-16,0.));
#3102 = ORIENTED_EDGE('',*,*,#3103,.F.);
#3103 = EDGE_CURVE('',#3087,#3096,#3104,.T.);
#3104 = LINE('',#3105,#3106);
#3105 = CARTESIAN_POINT('',(0.85,0.175,0.45));
#3106 = VECTOR('',#3107,1.);
#3107 = DIRECTION('',(1.110223024625E-16,-1.,0.));
#3108 = PLANE('',#3109);
#3109 = AXIS2_PLACEMENT_3D('',#3110,#3111,#3112);
#3110 = CARTESIAN_POINT('',(0.75,0.175,0.45));
#3111 = DIRECTION('',(0.,0.,1.));
#3112 = DIRECTION('',(1.,1.110223024625E-16,-0.));
#3113 = ADVANCED_FACE('',(#3114),#3138,.F.);
#3114 = FACE_BOUND('',#3115,.F.);
#3115 = EDGE_LOOP('',(#3116,#3124,#3125,#3132));
#3116 = ORIENTED_EDGE('',*,*,#3117,.F.);
#3117 = EDGE_CURVE('',#2709,#3118,#3120,.T.);
#3118 = VERTEX_POINT('',#3119);
#3119 = CARTESIAN_POINT('',(0.8,-0.175,0.6));
#3120 = LINE('',#3121,#3122);
#3121 = CARTESIAN_POINT('',(0.8,-0.175,0.441412655976));
#3122 = VECTOR('',#3123,1.);
#3123 = DIRECTION('',(0.,0.,1.));
#3124 = ORIENTED_EDGE('',*,*,#2708,.T.);
#3125 = ORIENTED_EDGE('',*,*,#3126,.T.);
#3126 = EDGE_CURVE('',#2702,#3127,#3129,.T.);
#3127 = VERTEX_POINT('',#3128);
#3128 = CARTESIAN_POINT('',(0.8,-1.355,0.6));
#3129 = B_SPLINE_CURVE_WITH_KNOTS('',1,(#3130,#3131),.UNSPECIFIED.,.F.,
  .F.,(2,2),(0.,1.),.PIECEWISE_BEZIER_KNOTS.);
#3130 = CARTESIAN_POINT('',(0.8,-1.355,0.45));
#3131 = CARTESIAN_POINT('',(0.8,-1.355,0.6));
#3132 = ORIENTED_EDGE('',*,*,#3133,.F.);
#3133 = EDGE_CURVE('',#3118,#3127,#3134,.T.);
#3134 = LINE('',#3135,#3136);
#3135 = CARTESIAN_POINT('',(0.8,1.355,0.6));
#3136 = VECTOR('',#3137,1.);
#3137 = DIRECTION('',(1.110223024625E-16,-1.,0.));
#3138 = PLANE('',#3139);
#3139 = AXIS2_PLACEMENT_3D('',#3140,#3141,#3142);
#3140 = CARTESIAN_POINT('',(0.8,1.355,0.6));
#3141 = DIRECTION('',(-1.,-1.110223024625E-16,0.));
#3142 = DIRECTION('',(1.110223024625E-16,-1.,0.));
#3143 = ADVANCED_FACE('',(#3144),#3161,.F.);
#3144 = FACE_BOUND('',#3145,.F.);
#3145 = EDGE_LOOP('',(#3146,#3147,#3148,#3156));
#3146 = ORIENTED_EDGE('',*,*,#2741,.T.);
#3147 = ORIENTED_EDGE('',*,*,#2929,.T.);
#3148 = ORIENTED_EDGE('',*,*,#3149,.F.);
#3149 = EDGE_CURVE('',#3150,#2930,#3152,.T.);
#3150 = VERTEX_POINT('',#3151);
#3151 = CARTESIAN_POINT('',(-0.705,-1.45,0.6));
#3152 = LINE('',#3153,#3154);
#3153 = CARTESIAN_POINT('',(-0.705,-1.45,0.6));
#3154 = VECTOR('',#3155,1.);
#3155 = DIRECTION('',(-0.707106781187,0.707106781187,0.));
#3156 = ORIENTED_EDGE('',*,*,#3157,.F.);
#3157 = EDGE_CURVE('',#2742,#3150,#3158,.T.);
#3158 = B_SPLINE_CURVE_WITH_KNOTS('',1,(#3159,#3160),.UNSPECIFIED.,.F.,
  .F.,(2,2),(0.,1.),.PIECEWISE_BEZIER_KNOTS.);
#3159 = CARTESIAN_POINT('',(-0.705,-1.45,0.45));
#3160 = CARTESIAN_POINT('',(-0.705,-1.45,0.6));
#3161 = PLANE('',#3162);
#3162 = AXIS2_PLACEMENT_3D('',#3163,#3164,#3165);
#3163 = CARTESIAN_POINT('',(-0.705,-1.45,0.6));
#3164 = DIRECTION('',(0.707106781187,0.707106781187,0.));
#3165 = DIRECTION('',(-0.707106781187,0.707106781187,0.));
#3166 = ADVANCED_FACE('',(#3167),#3184,.F.);
#3167 = FACE_BOUND('',#3168,.F.);
#3168 = EDGE_LOOP('',(#3169,#3170,#3177,#3183));
#3169 = ORIENTED_EDGE('',*,*,#2770,.T.);
#3170 = ORIENTED_EDGE('',*,*,#3171,.T.);
#3171 = EDGE_CURVE('',#2764,#3172,#3174,.T.);
#3172 = VERTEX_POINT('',#3173);
#3173 = CARTESIAN_POINT('',(0.705,-1.45,0.6));
#3174 = B_SPLINE_CURVE_WITH_KNOTS('',1,(#3175,#3176),.UNSPECIFIED.,.F.,
  .F.,(2,2),(0.,1.),.PIECEWISE_BEZIER_KNOTS.);
#3175 = CARTESIAN_POINT('',(0.705,-1.45,0.45));
#3176 = CARTESIAN_POINT('',(0.705,-1.45,0.6));
#3177 = ORIENTED_EDGE('',*,*,#3178,.F.);
#3178 = EDGE_CURVE('',#3127,#3172,#3179,.T.);
#3179 = LINE('',#3180,#3181);
#3180 = CARTESIAN_POINT('',(0.8,-1.355,0.6));
#3181 = VECTOR('',#3182,1.);
#3182 = DIRECTION('',(-0.707106781187,-0.707106781187,0.));
#3183 = ORIENTED_EDGE('',*,*,#3126,.F.);
#3184 = PLANE('',#3185);
#3185 = AXIS2_PLACEMENT_3D('',#3186,#3187,#3188);
#3186 = CARTESIAN_POINT('',(0.8,-1.355,0.6));
#3187 = DIRECTION('',(-0.707106781187,0.707106781187,0.));
#3188 = DIRECTION('',(-0.707106781187,-0.707106781187,0.));
#3189 = ADVANCED_FACE('',(#3190),#3201,.F.);
#3190 = FACE_BOUND('',#3191,.F.);
#3191 = EDGE_LOOP('',(#3192,#3193,#3194,#3200));
#3192 = ORIENTED_EDGE('',*,*,#2787,.T.);
#3193 = ORIENTED_EDGE('',*,*,#3157,.T.);
#3194 = ORIENTED_EDGE('',*,*,#3195,.F.);
#3195 = EDGE_CURVE('',#3172,#3150,#3196,.T.);
#3196 = LINE('',#3197,#3198);
#3197 = CARTESIAN_POINT('',(0.705,-1.45,0.6));
#3198 = VECTOR('',#3199,1.);
#3199 = DIRECTION('',(-1.,-1.110223024625E-16,0.));
#3200 = ORIENTED_EDGE('',*,*,#3171,.F.);
#3201 = PLANE('',#3202);
#3202 = AXIS2_PLACEMENT_3D('',#3203,#3204,#3205);
#3203 = CARTESIAN_POINT('',(0.705,-1.45,0.6));
#3204 = DIRECTION('',(-1.110223024625E-16,1.,0.));
#3205 = DIRECTION('',(-1.,-1.110223024625E-16,0.));
#3206 = ADVANCED_FACE('',(#3207),#3246,.F.);
#3207 = FACE_BOUND('',#3208,.F.);
#3208 = EDGE_LOOP('',(#3209,#3217,#3225,#3231,#3232,#3240));
#3209 = ORIENTED_EDGE('',*,*,#3210,.F.);
#3210 = EDGE_CURVE('',#3211,#3000,#3213,.T.);
#3211 = VERTEX_POINT('',#3212);
#3212 = CARTESIAN_POINT('',(-0.85,0.775,0.6));
#3213 = LINE('',#3214,#3215);
#3214 = CARTESIAN_POINT('',(-0.85,0.775,0.6));
#3215 = VECTOR('',#3216,1.);
#3216 = DIRECTION('',(1.,-1.144237745222E-17,0.));
#3217 = ORIENTED_EDGE('',*,*,#3218,.T.);
#3218 = EDGE_CURVE('',#3211,#3219,#3221,.T.);
#3219 = VERTEX_POINT('',#3220);
#3220 = CARTESIAN_POINT('',(-0.85,1.125,0.6));
#3221 = LINE('',#3222,#3223);
#3222 = CARTESIAN_POINT('',(-0.85,0.775,0.6));
#3223 = VECTOR('',#3224,1.);
#3224 = DIRECTION('',(1.144237745222E-17,1.,0.));
#3225 = ORIENTED_EDGE('',*,*,#3226,.T.);
#3226 = EDGE_CURVE('',#3219,#2892,#3227,.T.);
#3227 = LINE('',#3228,#3229);
#3228 = CARTESIAN_POINT('',(-0.85,1.125,0.6));
#3229 = VECTOR('',#3230,1.);
#3230 = DIRECTION('',(1.,-1.144237745222E-17,0.));
#3231 = ORIENTED_EDGE('',*,*,#2891,.T.);
#3232 = ORIENTED_EDGE('',*,*,#3233,.F.);
#3233 = EDGE_CURVE('',#3234,#2884,#3236,.T.);
#3234 = VERTEX_POINT('',#3235);
#3235 = CARTESIAN_POINT('',(-0.775,0.775,0.6));
#3236 = LINE('',#3237,#3238);
#3237 = CARTESIAN_POINT('',(-0.775,-1.3425,0.6));
#3238 = VECTOR('',#3239,1.);
#3239 = DIRECTION('',(-1.110223024625E-16,1.,0.));
#3240 = ORIENTED_EDGE('',*,*,#3241,.F.);
#3241 = EDGE_CURVE('',#3000,#3234,#3242,.T.);
#3242 = LINE('',#3243,#3244);
#3243 = CARTESIAN_POINT('',(-0.85,0.775,0.6));
#3244 = VECTOR('',#3245,1.);
#3245 = DIRECTION('',(1.,-1.144237745222E-17,0.));
#3246 = PLANE('',#3247);
#3247 = AXIS2_PLACEMENT_3D('',#3248,#3249,#3250);
#3248 = CARTESIAN_POINT('',(-0.85,0.775,0.6));
#3249 = DIRECTION('',(0.,0.,-1.));
#3250 = DIRECTION('',(1.,-1.144237745222E-17,0.));
#3251 = ADVANCED_FACE('',(#3252),#3300,.F.);
#3252 = FACE_BOUND('',#3253,.F.);
#3253 = EDGE_LOOP('',(#3254,#3264,#3272,#3278,#3279,#3280,#3287,#3295));
#3254 = ORIENTED_EDGE('',*,*,#3255,.T.);
#3255 = EDGE_CURVE('',#3256,#3258,#3260,.T.);
#3256 = VERTEX_POINT('',#3257);
#3257 = CARTESIAN_POINT('',(-0.775,-1.3425,0.6));
#3258 = VERTEX_POINT('',#3259);
#3259 = CARTESIAN_POINT('',(-0.775,-1.125,0.6));
#3260 = LINE('',#3261,#3262);
#3261 = CARTESIAN_POINT('',(-0.775,-1.3425,0.6));
#3262 = VECTOR('',#3263,1.);
#3263 = DIRECTION('',(-1.110223024625E-16,1.,0.));
#3264 = ORIENTED_EDGE('',*,*,#3265,.T.);
#3265 = EDGE_CURVE('',#3258,#3266,#3268,.T.);
#3266 = VERTEX_POINT('',#3267);
#3267 = CARTESIAN_POINT('',(-0.775,-0.775,0.6));
#3268 = LINE('',#3269,#3270);
#3269 = CARTESIAN_POINT('',(-0.775,-1.3425,0.6));
#3270 = VECTOR('',#3271,1.);
#3271 = DIRECTION('',(-1.110223024625E-16,1.,0.));
#3272 = ORIENTED_EDGE('',*,*,#3273,.T.);
#3273 = EDGE_CURVE('',#3266,#3234,#3274,.T.);
#3274 = LINE('',#3275,#3276);
#3275 = CARTESIAN_POINT('',(-0.775,-1.3425,0.6));
#3276 = VECTOR('',#3277,1.);
#3277 = DIRECTION('',(-1.110223024625E-16,1.,0.));
#3278 = ORIENTED_EDGE('',*,*,#3233,.T.);
#3279 = ORIENTED_EDGE('',*,*,#2883,.T.);
#3280 = ORIENTED_EDGE('',*,*,#3281,.T.);
#3281 = EDGE_CURVE('',#2876,#3282,#3284,.T.);
#3282 = VERTEX_POINT('',#3283);
#3283 = CARTESIAN_POINT('',(-0.725810707854,1.317905353927,0.95));
#3284 = B_SPLINE_CURVE_WITH_KNOTS('',1,(#3285,#3286),.UNSPECIFIED.,.F.,
  .F.,(2,2),(0.,1.),.PIECEWISE_BEZIER_KNOTS.);
#3285 = CARTESIAN_POINT('',(-0.775,1.3425,0.6));
#3286 = CARTESIAN_POINT('',(-0.725810707854,1.317905353927,0.95));
#3287 = ORIENTED_EDGE('',*,*,#3288,.F.);
#3288 = EDGE_CURVE('',#3289,#3282,#3291,.T.);
#3289 = VERTEX_POINT('',#3290);
#3290 = CARTESIAN_POINT('',(-0.725810707854,-1.317905353927,0.95));
#3291 = LINE('',#3292,#3293);
#3292 = CARTESIAN_POINT('',(-0.725810707854,-1.317905353927,0.95));
#3293 = VECTOR('',#3294,1.);
#3294 = DIRECTION('',(-1.110223024625E-16,1.,0.));
#3295 = ORIENTED_EDGE('',*,*,#3296,.F.);
#3296 = EDGE_CURVE('',#3256,#3289,#3297,.T.);
#3297 = B_SPLINE_CURVE_WITH_KNOTS('',1,(#3298,#3299),.UNSPECIFIED.,.F.,
  .F.,(2,2),(0.,1.),.PIECEWISE_BEZIER_KNOTS.);
#3298 = CARTESIAN_POINT('',(-0.775,-1.3425,0.6));
#3299 = CARTESIAN_POINT('',(-0.725810707854,-1.317905353927,0.95));
#3300 = B_SPLINE_SURFACE_WITH_KNOTS('',1,1,(
    (#3301,#3302)
    ,(#3303,#3304
    )),.UNSPECIFIED.,.F.,.F.,.F.,(2,2),(2,2),(0.,2.685),(0.,1.),
  .PIECEWISE_BEZIER_KNOTS.);
#3301 = CARTESIAN_POINT('',(-0.775,-1.3425,0.6));
#3302 = CARTESIAN_POINT('',(-0.725810707854,-1.317905353927,0.95));
#3303 = CARTESIAN_POINT('',(-0.775,1.3425,0.6));
#3304 = CARTESIAN_POINT('',(-0.725810707854,1.317905353927,0.95));
#3305 = ADVANCED_FACE('',(#3306),#3323,.F.);
#3306 = FACE_BOUND('',#3307,.F.);
#3307 = EDGE_LOOP('',(#3308,#3309,#3316,#3322));
#3308 = ORIENTED_EDGE('',*,*,#2875,.T.);
#3309 = ORIENTED_EDGE('',*,*,#3310,.T.);
#3310 = EDGE_CURVE('',#2868,#3311,#3313,.T.);
#3311 = VERTEX_POINT('',#3312);
#3312 = CARTESIAN_POINT('',(-0.667905353927,1.375810707854,0.95));
#3313 = B_SPLINE_CURVE_WITH_KNOTS('',1,(#3314,#3315),.UNSPECIFIED.,.F.,
  .F.,(2,2),(0.,1.),.PIECEWISE_BEZIER_KNOTS.);
#3314 = CARTESIAN_POINT('',(-0.6925,1.425,0.6));
#3315 = CARTESIAN_POINT('',(-0.667905353927,1.375810707854,0.95));
#3316 = ORIENTED_EDGE('',*,*,#3317,.F.);
#3317 = EDGE_CURVE('',#3282,#3311,#3318,.T.);
#3318 = LINE('',#3319,#3320);
#3319 = CARTESIAN_POINT('',(-0.725810707854,1.317905353927,0.95));
#3320 = VECTOR('',#3321,1.);
#3321 = DIRECTION('',(0.707106781187,0.707106781187,0.));
#3322 = ORIENTED_EDGE('',*,*,#3281,.F.);
#3323 = B_SPLINE_SURFACE_WITH_KNOTS('',1,1,(
    (#3324,#3325)
    ,(#3326,#3327
    )),.UNSPECIFIED.,.F.,.F.,.F.,(2,2),(2,2),(0.,0.116672618896),(0.,1.)
  ,.PIECEWISE_BEZIER_KNOTS.);
#3324 = CARTESIAN_POINT('',(-0.775,1.3425,0.6));
#3325 = CARTESIAN_POINT('',(-0.725810707854,1.317905353927,0.95));
#3326 = CARTESIAN_POINT('',(-0.6925,1.425,0.6));
#3327 = CARTESIAN_POINT('',(-0.667905353927,1.375810707854,0.95));
#3328 = ADVANCED_FACE('',(#3329),#3346,.F.);
#3329 = FACE_BOUND('',#3330,.F.);
#3330 = EDGE_LOOP('',(#3331,#3332,#3339,#3345));
#3331 = ORIENTED_EDGE('',*,*,#2867,.T.);
#3332 = ORIENTED_EDGE('',*,*,#3333,.T.);
#3333 = EDGE_CURVE('',#2860,#3334,#3336,.T.);
#3334 = VERTEX_POINT('',#3335);
#3335 = CARTESIAN_POINT('',(0.667905353927,1.375810707854,0.95));
#3336 = B_SPLINE_CURVE_WITH_KNOTS('',1,(#3337,#3338),.UNSPECIFIED.,.F.,
  .F.,(2,2),(0.,1.),.PIECEWISE_BEZIER_KNOTS.);
#3337 = CARTESIAN_POINT('',(0.6925,1.425,0.6));
#3338 = CARTESIAN_POINT('',(0.667905353927,1.375810707854,0.95));
#3339 = ORIENTED_EDGE('',*,*,#3340,.F.);
#3340 = EDGE_CURVE('',#3311,#3334,#3341,.T.);
#3341 = LINE('',#3342,#3343);
#3342 = CARTESIAN_POINT('',(-0.667905353927,1.375810707854,0.95));
#3343 = VECTOR('',#3344,1.);
#3344 = DIRECTION('',(1.,1.110223024625E-16,0.));
#3345 = ORIENTED_EDGE('',*,*,#3310,.F.);
#3346 = B_SPLINE_SURFACE_WITH_KNOTS('',1,1,(
    (#3347,#3348)
    ,(#3349,#3350
    )),.UNSPECIFIED.,.F.,.F.,.F.,(2,2),(2,2),(0.,1.385),(0.,1.),
  .PIECEWISE_BEZIER_KNOTS.);
#3347 = CARTESIAN_POINT('',(-0.6925,1.425,0.6));
#3348 = CARTESIAN_POINT('',(-0.667905353927,1.375810707854,0.95));
#3349 = CARTESIAN_POINT('',(0.6925,1.425,0.6));
#3350 = CARTESIAN_POINT('',(0.667905353927,1.375810707854,0.95));
#3351 = ADVANCED_FACE('',(#3352),#3369,.F.);
#3352 = FACE_BOUND('',#3353,.F.);
#3353 = EDGE_LOOP('',(#3354,#3355,#3362,#3368));
#3354 = ORIENTED_EDGE('',*,*,#2859,.T.);
#3355 = ORIENTED_EDGE('',*,*,#3356,.T.);
#3356 = EDGE_CURVE('',#2852,#3357,#3359,.T.);
#3357 = VERTEX_POINT('',#3358);
#3358 = CARTESIAN_POINT('',(0.725810707854,1.317905353927,0.95));
#3359 = B_SPLINE_CURVE_WITH_KNOTS('',1,(#3360,#3361),.UNSPECIFIED.,.F.,
  .F.,(2,2),(0.,1.),.PIECEWISE_BEZIER_KNOTS.);
#3360 = CARTESIAN_POINT('',(0.775,1.3425,0.6));
#3361 = CARTESIAN_POINT('',(0.725810707854,1.317905353927,0.95));
#3362 = ORIENTED_EDGE('',*,*,#3363,.F.);
#3363 = EDGE_CURVE('',#3334,#3357,#3364,.T.);
#3364 = LINE('',#3365,#3366);
#3365 = CARTESIAN_POINT('',(0.667905353927,1.375810707854,0.95));
#3366 = VECTOR('',#3367,1.);
#3367 = DIRECTION('',(0.707106781187,-0.707106781187,0.));
#3368 = ORIENTED_EDGE('',*,*,#3333,.F.);
#3369 = B_SPLINE_SURFACE_WITH_KNOTS('',1,1,(
    (#3370,#3371)
    ,(#3372,#3373
    )),.UNSPECIFIED.,.F.,.F.,.F.,(2,2),(2,2),(0.,0.116672618896),(0.,1.)
  ,.PIECEWISE_BEZIER_KNOTS.);
#3370 = CARTESIAN_POINT('',(0.6925,1.425,0.6));
#3371 = CARTESIAN_POINT('',(0.667905353927,1.375810707854,0.95));
#3372 = CARTESIAN_POINT('',(0.775,1.3425,0.6));
#3373 = CARTESIAN_POINT('',(0.725810707854,1.317905353927,0.95));
#3374 = ADVANCED_FACE('',(#3375),#3408,.F.);
#3375 = FACE_BOUND('',#3376,.F.);
#3376 = EDGE_LOOP('',(#3377,#3378,#3386,#3394,#3401,#3407));
#3377 = ORIENTED_EDGE('',*,*,#2851,.T.);
#3378 = ORIENTED_EDGE('',*,*,#3379,.T.);
#3379 = EDGE_CURVE('',#2844,#3380,#3382,.T.);
#3380 = VERTEX_POINT('',#3381);
#3381 = CARTESIAN_POINT('',(0.775,-0.175,0.6));
#3382 = LINE('',#3383,#3384);
#3383 = CARTESIAN_POINT('',(0.775,1.3425,0.6));
#3384 = VECTOR('',#3385,1.);
#3385 = DIRECTION('',(1.110223024625E-16,-1.,0.));
#3386 = ORIENTED_EDGE('',*,*,#3387,.T.);
#3387 = EDGE_CURVE('',#3380,#3388,#3390,.T.);
#3388 = VERTEX_POINT('',#3389);
#3389 = CARTESIAN_POINT('',(0.775,-1.3425,0.6));
#3390 = LINE('',#3391,#3392);
#3391 = CARTESIAN_POINT('',(0.775,1.3425,0.6));
#3392 = VECTOR('',#3393,1.);
#3393 = DIRECTION('',(1.110223024625E-16,-1.,0.));
#3394 = ORIENTED_EDGE('',*,*,#3395,.T.);
#3395 = EDGE_CURVE('',#3388,#3396,#3398,.T.);
#3396 = VERTEX_POINT('',#3397);
#3397 = CARTESIAN_POINT('',(0.725810707854,-1.317905353927,0.95));
#3398 = B_SPLINE_CURVE_WITH_KNOTS('',1,(#3399,#3400),.UNSPECIFIED.,.F.,
  .F.,(2,2),(0.,1.),.PIECEWISE_BEZIER_KNOTS.);
#3399 = CARTESIAN_POINT('',(0.775,-1.3425,0.6));
#3400 = CARTESIAN_POINT('',(0.725810707854,-1.317905353927,0.95));
#3401 = ORIENTED_EDGE('',*,*,#3402,.F.);
#3402 = EDGE_CURVE('',#3357,#3396,#3403,.T.);
#3403 = LINE('',#3404,#3405);
#3404 = CARTESIAN_POINT('',(0.725810707854,1.317905353927,0.95));
#3405 = VECTOR('',#3406,1.);
#3406 = DIRECTION('',(1.110223024625E-16,-1.,0.));
#3407 = ORIENTED_EDGE('',*,*,#3356,.F.);
#3408 = B_SPLINE_SURFACE_WITH_KNOTS('',1,1,(
    (#3409,#3410)
    ,(#3411,#3412
    )),.UNSPECIFIED.,.F.,.F.,.F.,(2,2),(2,2),(0.,2.685),(0.,1.),
  .PIECEWISE_BEZIER_KNOTS.);
#3409 = CARTESIAN_POINT('',(0.775,1.3425,0.6));
#3410 = CARTESIAN_POINT('',(0.725810707854,1.317905353927,0.95));
#3411 = CARTESIAN_POINT('',(0.775,-1.3425,0.6));
#3412 = CARTESIAN_POINT('',(0.725810707854,-1.317905353927,0.95));
#3413 = ADVANCED_FACE('',(#3414),#3446,.F.);
#3414 = FACE_BOUND('',#3415,.F.);
#3415 = EDGE_LOOP('',(#3416,#3424,#3432,#3438,#3444,#3445));
#3416 = ORIENTED_EDGE('',*,*,#3417,.F.);
#3417 = EDGE_CURVE('',#3418,#2836,#3420,.T.);
#3418 = VERTEX_POINT('',#3419);
#3419 = CARTESIAN_POINT('',(0.85,0.175,0.6));
#3420 = LINE('',#3421,#3422);
#3421 = CARTESIAN_POINT('',(0.85,0.175,0.6));
#3422 = VECTOR('',#3423,1.);
#3423 = DIRECTION('',(-1.,-1.110223024625E-16,0.));
#3424 = ORIENTED_EDGE('',*,*,#3425,.T.);
#3425 = EDGE_CURVE('',#3418,#3426,#3428,.T.);
#3426 = VERTEX_POINT('',#3427);
#3427 = CARTESIAN_POINT('',(0.85,-0.175,0.6));
#3428 = LINE('',#3429,#3430);
#3429 = CARTESIAN_POINT('',(0.85,0.175,0.6));
#3430 = VECTOR('',#3431,1.);
#3431 = DIRECTION('',(1.110223024625E-16,-1.,0.));
#3432 = ORIENTED_EDGE('',*,*,#3433,.T.);
#3433 = EDGE_CURVE('',#3426,#3118,#3434,.T.);
#3434 = LINE('',#3435,#3436);
#3435 = CARTESIAN_POINT('',(0.85,-0.175,0.6));
#3436 = VECTOR('',#3437,1.);
#3437 = DIRECTION('',(-1.,-1.110223024625E-16,0.));
#3438 = ORIENTED_EDGE('',*,*,#3439,.T.);
#3439 = EDGE_CURVE('',#3118,#3380,#3440,.T.);
#3440 = LINE('',#3441,#3442);
#3441 = CARTESIAN_POINT('',(0.85,-0.175,0.6));
#3442 = VECTOR('',#3443,1.);
#3443 = DIRECTION('',(-1.,-1.110223024625E-16,0.));
#3444 = ORIENTED_EDGE('',*,*,#3379,.F.);
#3445 = ORIENTED_EDGE('',*,*,#2843,.F.);
#3446 = PLANE('',#3447);
#3447 = AXIS2_PLACEMENT_3D('',#3448,#3449,#3450);
#3448 = CARTESIAN_POINT('',(0.85,0.175,0.6));
#3449 = DIRECTION('',(0.,0.,-1.));
#3450 = DIRECTION('',(-1.,-1.110223024625E-16,-0.));
#3451 = ADVANCED_FACE('',(#3452),#3490,.F.);
#3452 = FACE_BOUND('',#3453,.F.);
#3453 = EDGE_LOOP('',(#3454,#3455,#3456,#3457,#3458,#3459,#3460,#3466,
    #3467,#3475,#3483,#3489));
#3454 = ORIENTED_EDGE('',*,*,#3439,.F.);
#3455 = ORIENTED_EDGE('',*,*,#3133,.T.);
#3456 = ORIENTED_EDGE('',*,*,#3178,.T.);
#3457 = ORIENTED_EDGE('',*,*,#3195,.T.);
#3458 = ORIENTED_EDGE('',*,*,#3149,.T.);
#3459 = ORIENTED_EDGE('',*,*,#2945,.T.);
#3460 = ORIENTED_EDGE('',*,*,#3461,.T.);
#3461 = EDGE_CURVE('',#2938,#3258,#3462,.T.);
#3462 = LINE('',#3463,#3464);
#3463 = CARTESIAN_POINT('',(-0.85,-1.125,0.6));
#3464 = VECTOR('',#3465,1.);
#3465 = DIRECTION('',(1.,-1.144237745222E-17,0.));
#3466 = ORIENTED_EDGE('',*,*,#3255,.F.);
#3467 = ORIENTED_EDGE('',*,*,#3468,.F.);
#3468 = EDGE_CURVE('',#3469,#3256,#3471,.T.);
#3469 = VERTEX_POINT('',#3470);
#3470 = CARTESIAN_POINT('',(-0.6925,-1.425,0.6));
#3471 = LINE('',#3472,#3473);
#3472 = CARTESIAN_POINT('',(-0.6925,-1.425,0.6));
#3473 = VECTOR('',#3474,1.);
#3474 = DIRECTION('',(-0.707106781187,0.707106781187,0.));
#3475 = ORIENTED_EDGE('',*,*,#3476,.F.);
#3476 = EDGE_CURVE('',#3477,#3469,#3479,.T.);
#3477 = VERTEX_POINT('',#3478);
#3478 = CARTESIAN_POINT('',(0.6925,-1.425,0.6));
#3479 = LINE('',#3480,#3481);
#3480 = CARTESIAN_POINT('',(0.6925,-1.425,0.6));
#3481 = VECTOR('',#3482,1.);
#3482 = DIRECTION('',(-1.,-1.110223024625E-16,0.));
#3483 = ORIENTED_EDGE('',*,*,#3484,.F.);
#3484 = EDGE_CURVE('',#3388,#3477,#3485,.T.);
#3485 = LINE('',#3486,#3487);
#3486 = CARTESIAN_POINT('',(0.775,-1.3425,0.6));
#3487 = VECTOR('',#3488,1.);
#3488 = DIRECTION('',(-0.707106781187,-0.707106781187,0.));
#3489 = ORIENTED_EDGE('',*,*,#3387,.F.);
#3490 = PLANE('',#3491);
#3491 = AXIS2_PLACEMENT_3D('',#3492,#3493,#3494);
#3492 = CARTESIAN_POINT('',(-2.091417030376E-16,1.4375,0.6));
#3493 = DIRECTION('',(2.888762391192E-17,8.634073551009E-28,-1.));
#3494 = DIRECTION('',(1.,1.51922136901E-16,2.888762391192E-17));
#3495 = ADVANCED_FACE('',(#3496),#3582,.F.);
#3496 = FACE_BOUND('',#3497,.F.);
#3497 = EDGE_LOOP('',(#3498,#3499,#3500,#3509,#3517,#3526,#3534,#3542,
    #3550,#3559,#3567,#3576));
#3498 = ORIENTED_EDGE('',*,*,#2937,.F.);
#3499 = ORIENTED_EDGE('',*,*,#2959,.T.);
#3500 = ORIENTED_EDGE('',*,*,#3501,.T.);
#3501 = EDGE_CURVE('',#2960,#3502,#3504,.T.);
#3502 = VERTEX_POINT('',#3503);
#3503 = CARTESIAN_POINT('',(-0.948480775301,-1.125,0.367364817767));
#3504 = CIRCLE('',#3505,0.1);
#3505 = AXIS2_PLACEMENT_3D('',#3506,#3507,#3508);
#3506 = CARTESIAN_POINT('',(-0.85,-1.125,0.35));
#3507 = DIRECTION('',(-1.144237745222E-17,-1.,0.));
#3508 = DIRECTION('',(0.,0.,1.));
#3509 = ORIENTED_EDGE('',*,*,#3510,.T.);
#3510 = EDGE_CURVE('',#3502,#3511,#3513,.T.);
#3511 = VERTEX_POINT('',#3512);
#3512 = CARTESIAN_POINT('',(-0.971430759818,-1.125,0.206587955583));
#3513 = LINE('',#3514,#3515);
#3514 = CARTESIAN_POINT('',(-0.948480775301,-1.125,0.367364817767));
#3515 = VECTOR('',#3516,1.);
#3516 = DIRECTION('',(-0.14131190243,1.616944126098E-18,-0.989965123745)
  );
#3517 = ORIENTED_EDGE('',*,*,#3518,.T.);
#3518 = EDGE_CURVE('',#3511,#3519,#3521,.T.);
#3519 = VERTEX_POINT('',#3520);
#3520 = CARTESIAN_POINT('',(-1.217632698071,-1.125,5.551115123126E-17));
#3521 = CIRCLE('',#3522,0.25);
#3522 = AXIS2_PLACEMENT_3D('',#3523,#3524,#3525);
#3523 = CARTESIAN_POINT('',(-1.217632698071,-1.125,0.25));
#3524 = DIRECTION('',(1.144237745222E-17,1.,3.851859888774E-34));
#3525 = DIRECTION('',(0.984807753012,-1.126854202784E-17,-0.173648177667
    ));
#3526 = ORIENTED_EDGE('',*,*,#3527,.T.);
#3527 = EDGE_CURVE('',#3519,#3528,#3530,.T.);
#3528 = VERTEX_POINT('',#3529);
#3529 = CARTESIAN_POINT('',(-1.4,-1.125,5.551115123126E-17));
#3530 = LINE('',#3531,#3532);
#3531 = CARTESIAN_POINT('',(-1.217632698071,-1.125,5.551115123126E-17));
#3532 = VECTOR('',#3533,1.);
#3533 = DIRECTION('',(-1.,1.144237745222E-17,0.));
#3534 = ORIENTED_EDGE('',*,*,#3535,.T.);
#3535 = EDGE_CURVE('',#3528,#3536,#3538,.T.);
#3536 = VERTEX_POINT('',#3537);
#3537 = CARTESIAN_POINT('',(-1.4,-1.125,0.15));
#3538 = LINE('',#3539,#3540);
#3539 = CARTESIAN_POINT('',(-1.4,-1.125,5.551115123126E-17));
#3540 = VECTOR('',#3541,1.);
#3541 = DIRECTION('',(0.,0.,1.));
#3542 = ORIENTED_EDGE('',*,*,#3543,.T.);
#3543 = EDGE_CURVE('',#3536,#3544,#3546,.T.);
#3544 = VERTEX_POINT('',#3545);
#3545 = CARTESIAN_POINT('',(-1.217632698071,-1.125,0.15));
#3546 = LINE('',#3547,#3548);
#3547 = CARTESIAN_POINT('',(-1.4,-1.125,0.15));
#3548 = VECTOR('',#3549,1.);
#3549 = DIRECTION('',(1.,-1.144237745222E-17,0.));
#3550 = ORIENTED_EDGE('',*,*,#3551,.T.);
#3551 = EDGE_CURVE('',#3544,#3552,#3554,.T.);
#3552 = VERTEX_POINT('',#3553);
#3553 = CARTESIAN_POINT('',(-1.11915192277,-1.125,0.232635182233));
#3554 = CIRCLE('',#3555,0.1);
#3555 = AXIS2_PLACEMENT_3D('',#3556,#3557,#3558);
#3556 = CARTESIAN_POINT('',(-1.217632698071,-1.125,0.25));
#3557 = DIRECTION('',(-1.144237745222E-17,-1.,1.094764425254E-47));
#3558 = DIRECTION('',(-2.22044604925E-15,2.540718180781E-32,-1.));
#3559 = ORIENTED_EDGE('',*,*,#3560,.T.);
#3560 = EDGE_CURVE('',#3552,#3561,#3563,.T.);
#3561 = VERTEX_POINT('',#3562);
#3562 = CARTESIAN_POINT('',(-1.096201938253,-1.125,0.393412044417));
#3563 = LINE('',#3564,#3565);
#3564 = CARTESIAN_POINT('',(-1.11915192277,-1.125,0.232635182233));
#3565 = VECTOR('',#3566,1.);
#3566 = DIRECTION('',(0.14131190243,-1.616944126098E-18,0.989965123745)
  );
#3567 = ORIENTED_EDGE('',*,*,#3568,.T.);
#3568 = EDGE_CURVE('',#3561,#3569,#3571,.T.);
#3569 = VERTEX_POINT('',#3570);
#3570 = CARTESIAN_POINT('',(-0.85,-1.125,0.6));
#3571 = CIRCLE('',#3572,0.25);
#3572 = AXIS2_PLACEMENT_3D('',#3573,#3574,#3575);
#3573 = CARTESIAN_POINT('',(-0.85,-1.125,0.35));
#3574 = DIRECTION('',(1.144237745222E-17,1.,0.));
#3575 = DIRECTION('',(-0.984807753012,1.126854202784E-17,0.173648177667)
  );
#3576 = ORIENTED_EDGE('',*,*,#3577,.T.);
#3577 = EDGE_CURVE('',#3569,#2938,#3578,.T.);
#3578 = LINE('',#3579,#3580);
#3579 = CARTESIAN_POINT('',(-0.85,-1.125,0.6));
#3580 = VECTOR('',#3581,1.);
#3581 = DIRECTION('',(1.,-1.144237745222E-17,0.));
#3582 = PLANE('',#3583);
#3583 = AXIS2_PLACEMENT_3D('',#3584,#3585,#3586);
#3584 = CARTESIAN_POINT('',(-1.064349127789,-1.125,0.282825311951));
#3585 = DIRECTION('',(1.144237745222E-17,1.,0.));
#3586 = DIRECTION('',(0.,-0.,1.));
#3587 = ADVANCED_FACE('',(#3588),#3607,.F.);
#3588 = FACE_BOUND('',#3589,.F.);
#3589 = EDGE_LOOP('',(#3590,#3591,#3600,#3606));
#3590 = ORIENTED_EDGE('',*,*,#2976,.T.);
#3591 = ORIENTED_EDGE('',*,*,#3592,.T.);
#3592 = EDGE_CURVE('',#2969,#3593,#3595,.T.);
#3593 = VERTEX_POINT('',#3594);
#3594 = CARTESIAN_POINT('',(-0.948480775301,-0.775,0.367364817767));
#3595 = CIRCLE('',#3596,0.1);
#3596 = AXIS2_PLACEMENT_3D('',#3597,#3598,#3599);
#3597 = CARTESIAN_POINT('',(-0.85,-0.775,0.35));
#3598 = DIRECTION('',(-1.144237745222E-17,-1.,0.));
#3599 = DIRECTION('',(0.,0.,1.));
#3600 = ORIENTED_EDGE('',*,*,#3601,.F.);
#3601 = EDGE_CURVE('',#3502,#3593,#3602,.T.);
#3602 = LINE('',#3603,#3604);
#3603 = CARTESIAN_POINT('',(-0.948480775301,-1.125,0.367364817767));
#3604 = VECTOR('',#3605,1.);
#3605 = DIRECTION('',(1.144237745222E-17,1.,0.));
#3606 = ORIENTED_EDGE('',*,*,#3501,.F.);
#3607 = CYLINDRICAL_SURFACE('',#3608,0.1);
#3608 = AXIS2_PLACEMENT_3D('',#3609,#3610,#3611);
#3609 = CARTESIAN_POINT('',(-0.85,-1.125,0.35));
#3610 = DIRECTION('',(-1.144237745222E-17,-1.,0.));
#3611 = DIRECTION('',(0.,0.,1.));
#3612 = ADVANCED_FACE('',(#3613),#3691,.T.);
#3613 = FACE_BOUND('',#3614,.T.);
#3614 = EDGE_LOOP('',(#3615,#3616,#3617,#3618,#3626,#3635,#3643,#3651,
    #3659,#3668,#3676,#3685));
#3615 = ORIENTED_EDGE('',*,*,#2990,.F.);
#3616 = ORIENTED_EDGE('',*,*,#2968,.T.);
#3617 = ORIENTED_EDGE('',*,*,#3592,.T.);
#3618 = ORIENTED_EDGE('',*,*,#3619,.T.);
#3619 = EDGE_CURVE('',#3593,#3620,#3622,.T.);
#3620 = VERTEX_POINT('',#3621);
#3621 = CARTESIAN_POINT('',(-0.971430759818,-0.775,0.206587955583));
#3622 = LINE('',#3623,#3624);
#3623 = CARTESIAN_POINT('',(-0.948480775301,-0.775,0.367364817767));
#3624 = VECTOR('',#3625,1.);
#3625 = DIRECTION('',(-0.14131190243,1.616944126098E-18,-0.989965123745)
  );
#3626 = ORIENTED_EDGE('',*,*,#3627,.T.);
#3627 = EDGE_CURVE('',#3620,#3628,#3630,.T.);
#3628 = VERTEX_POINT('',#3629);
#3629 = CARTESIAN_POINT('',(-1.217632698071,-0.775,5.551115123126E-17));
#3630 = CIRCLE('',#3631,0.25);
#3631 = AXIS2_PLACEMENT_3D('',#3632,#3633,#3634);
#3632 = CARTESIAN_POINT('',(-1.217632698071,-0.775,0.25));
#3633 = DIRECTION('',(1.144237745222E-17,1.,3.851859888774E-34));
#3634 = DIRECTION('',(0.984807753012,-1.126854202784E-17,-0.173648177667
    ));
#3635 = ORIENTED_EDGE('',*,*,#3636,.T.);
#3636 = EDGE_CURVE('',#3628,#3637,#3639,.T.);
#3637 = VERTEX_POINT('',#3638);
#3638 = CARTESIAN_POINT('',(-1.4,-0.775,5.551115123126E-17));
#3639 = LINE('',#3640,#3641);
#3640 = CARTESIAN_POINT('',(-1.217632698071,-0.775,5.551115123126E-17));
#3641 = VECTOR('',#3642,1.);
#3642 = DIRECTION('',(-1.,1.144237745222E-17,0.));
#3643 = ORIENTED_EDGE('',*,*,#3644,.T.);
#3644 = EDGE_CURVE('',#3637,#3645,#3647,.T.);
#3645 = VERTEX_POINT('',#3646);
#3646 = CARTESIAN_POINT('',(-1.4,-0.775,0.15));
#3647 = LINE('',#3648,#3649);
#3648 = CARTESIAN_POINT('',(-1.4,-0.775,5.551115123126E-17));
#3649 = VECTOR('',#3650,1.);
#3650 = DIRECTION('',(0.,0.,1.));
#3651 = ORIENTED_EDGE('',*,*,#3652,.T.);
#3652 = EDGE_CURVE('',#3645,#3653,#3655,.T.);
#3653 = VERTEX_POINT('',#3654);
#3654 = CARTESIAN_POINT('',(-1.217632698071,-0.775,0.15));
#3655 = LINE('',#3656,#3657);
#3656 = CARTESIAN_POINT('',(-1.4,-0.775,0.15));
#3657 = VECTOR('',#3658,1.);
#3658 = DIRECTION('',(1.,-1.144237745222E-17,0.));
#3659 = ORIENTED_EDGE('',*,*,#3660,.T.);
#3660 = EDGE_CURVE('',#3653,#3661,#3663,.T.);
#3661 = VERTEX_POINT('',#3662);
#3662 = CARTESIAN_POINT('',(-1.11915192277,-0.775,0.232635182233));
#3663 = CIRCLE('',#3664,0.1);
#3664 = AXIS2_PLACEMENT_3D('',#3665,#3666,#3667);
#3665 = CARTESIAN_POINT('',(-1.217632698071,-0.775,0.25));
#3666 = DIRECTION('',(-1.144237745222E-17,-1.,1.094764425254E-47));
#3667 = DIRECTION('',(-2.22044604925E-15,2.540718180781E-32,-1.));
#3668 = ORIENTED_EDGE('',*,*,#3669,.T.);
#3669 = EDGE_CURVE('',#3661,#3670,#3672,.T.);
#3670 = VERTEX_POINT('',#3671);
#3671 = CARTESIAN_POINT('',(-1.096201938253,-0.775,0.393412044417));
#3672 = LINE('',#3673,#3674);
#3673 = CARTESIAN_POINT('',(-1.11915192277,-0.775,0.232635182233));
#3674 = VECTOR('',#3675,1.);
#3675 = DIRECTION('',(0.14131190243,-1.616944126098E-18,0.989965123745)
  );
#3676 = ORIENTED_EDGE('',*,*,#3677,.T.);
#3677 = EDGE_CURVE('',#3670,#3678,#3680,.T.);
#3678 = VERTEX_POINT('',#3679);
#3679 = CARTESIAN_POINT('',(-0.85,-0.775,0.6));
#3680 = CIRCLE('',#3681,0.25);
#3681 = AXIS2_PLACEMENT_3D('',#3682,#3683,#3684);
#3682 = CARTESIAN_POINT('',(-0.85,-0.775,0.35));
#3683 = DIRECTION('',(1.144237745222E-17,1.,0.));
#3684 = DIRECTION('',(-0.984807753012,1.126854202784E-17,0.173648177667)
  );
#3685 = ORIENTED_EDGE('',*,*,#3686,.T.);
#3686 = EDGE_CURVE('',#3678,#2991,#3687,.T.);
#3687 = LINE('',#3688,#3689);
#3688 = CARTESIAN_POINT('',(-0.85,-0.775,0.6));
#3689 = VECTOR('',#3690,1.);
#3690 = DIRECTION('',(1.,-1.144237745222E-17,0.));
#3691 = PLANE('',#3692);
#3692 = AXIS2_PLACEMENT_3D('',#3693,#3694,#3695);
#3693 = CARTESIAN_POINT('',(-1.064349127789,-0.775,0.282825311951));
#3694 = DIRECTION('',(1.144237745222E-17,1.,0.));
#3695 = DIRECTION('',(0.,-0.,1.));
#3696 = ADVANCED_FACE('',(#3697),#3708,.F.);
#3697 = FACE_BOUND('',#3698,.F.);
#3698 = EDGE_LOOP('',(#3699,#3700,#3701,#3702));
#3699 = ORIENTED_EDGE('',*,*,#3007,.T.);
#3700 = ORIENTED_EDGE('',*,*,#3241,.T.);
#3701 = ORIENTED_EDGE('',*,*,#3273,.F.);
#3702 = ORIENTED_EDGE('',*,*,#3703,.F.);
#3703 = EDGE_CURVE('',#2991,#3266,#3704,.T.);
#3704 = LINE('',#3705,#3706);
#3705 = CARTESIAN_POINT('',(-0.85,-0.775,0.6));
#3706 = VECTOR('',#3707,1.);
#3707 = DIRECTION('',(1.,-1.144237745222E-17,0.));
#3708 = PLANE('',#3709);
#3709 = AXIS2_PLACEMENT_3D('',#3710,#3711,#3712);
#3710 = CARTESIAN_POINT('',(-2.091417030376E-16,1.4375,0.6));
#3711 = DIRECTION('',(2.888762391192E-17,8.634073551009E-28,-1.));
#3712 = DIRECTION('',(1.,1.51922136901E-16,2.888762391192E-17));
#3713 = ADVANCED_FACE('',(#3714),#3793,.F.);
#3714 = FACE_BOUND('',#3715,.F.);
#3715 = EDGE_LOOP('',(#3716,#3717,#3718,#3727,#3735,#3744,#3752,#3760,
    #3768,#3777,#3785,#3792));
#3716 = ORIENTED_EDGE('',*,*,#2999,.F.);
#3717 = ORIENTED_EDGE('',*,*,#3021,.T.);
#3718 = ORIENTED_EDGE('',*,*,#3719,.T.);
#3719 = EDGE_CURVE('',#3022,#3720,#3722,.T.);
#3720 = VERTEX_POINT('',#3721);
#3721 = CARTESIAN_POINT('',(-0.948480775301,0.775,0.367364817767));
#3722 = CIRCLE('',#3723,0.1);
#3723 = AXIS2_PLACEMENT_3D('',#3724,#3725,#3726);
#3724 = CARTESIAN_POINT('',(-0.85,0.775,0.35));
#3725 = DIRECTION('',(-1.144237745222E-17,-1.,0.));
#3726 = DIRECTION('',(0.,0.,1.));
#3727 = ORIENTED_EDGE('',*,*,#3728,.T.);
#3728 = EDGE_CURVE('',#3720,#3729,#3731,.T.);
#3729 = VERTEX_POINT('',#3730);
#3730 = CARTESIAN_POINT('',(-0.971430759818,0.775,0.206587955583));
#3731 = LINE('',#3732,#3733);
#3732 = CARTESIAN_POINT('',(-0.948480775301,0.775,0.367364817767));
#3733 = VECTOR('',#3734,1.);
#3734 = DIRECTION('',(-0.14131190243,1.616944126098E-18,-0.989965123745)
  );
#3735 = ORIENTED_EDGE('',*,*,#3736,.T.);
#3736 = EDGE_CURVE('',#3729,#3737,#3739,.T.);
#3737 = VERTEX_POINT('',#3738);
#3738 = CARTESIAN_POINT('',(-1.217632698071,0.775,5.551115123126E-17));
#3739 = CIRCLE('',#3740,0.25);
#3740 = AXIS2_PLACEMENT_3D('',#3741,#3742,#3743);
#3741 = CARTESIAN_POINT('',(-1.217632698071,0.775,0.25));
#3742 = DIRECTION('',(1.144237745222E-17,1.,3.851859888774E-34));
#3743 = DIRECTION('',(0.984807753012,-1.126854202784E-17,-0.173648177667
    ));
#3744 = ORIENTED_EDGE('',*,*,#3745,.T.);
#3745 = EDGE_CURVE('',#3737,#3746,#3748,.T.);
#3746 = VERTEX_POINT('',#3747);
#3747 = CARTESIAN_POINT('',(-1.4,0.775,5.551115123126E-17));
#3748 = LINE('',#3749,#3750);
#3749 = CARTESIAN_POINT('',(-1.217632698071,0.775,5.551115123126E-17));
#3750 = VECTOR('',#3751,1.);
#3751 = DIRECTION('',(-1.,1.144237745222E-17,0.));
#3752 = ORIENTED_EDGE('',*,*,#3753,.T.);
#3753 = EDGE_CURVE('',#3746,#3754,#3756,.T.);
#3754 = VERTEX_POINT('',#3755);
#3755 = CARTESIAN_POINT('',(-1.4,0.775,0.15));
#3756 = LINE('',#3757,#3758);
#3757 = CARTESIAN_POINT('',(-1.4,0.775,5.551115123126E-17));
#3758 = VECTOR('',#3759,1.);
#3759 = DIRECTION('',(0.,0.,1.));
#3760 = ORIENTED_EDGE('',*,*,#3761,.T.);
#3761 = EDGE_CURVE('',#3754,#3762,#3764,.T.);
#3762 = VERTEX_POINT('',#3763);
#3763 = CARTESIAN_POINT('',(-1.217632698071,0.775,0.15));
#3764 = LINE('',#3765,#3766);
#3765 = CARTESIAN_POINT('',(-1.4,0.775,0.15));
#3766 = VECTOR('',#3767,1.);
#3767 = DIRECTION('',(1.,-1.144237745222E-17,0.));
#3768 = ORIENTED_EDGE('',*,*,#3769,.T.);
#3769 = EDGE_CURVE('',#3762,#3770,#3772,.T.);
#3770 = VERTEX_POINT('',#3771);
#3771 = CARTESIAN_POINT('',(-1.11915192277,0.775,0.232635182233));
#3772 = CIRCLE('',#3773,0.1);
#3773 = AXIS2_PLACEMENT_3D('',#3774,#3775,#3776);
#3774 = CARTESIAN_POINT('',(-1.217632698071,0.775,0.25));
#3775 = DIRECTION('',(-1.144237745222E-17,-1.,1.094764425254E-47));
#3776 = DIRECTION('',(-2.22044604925E-15,2.540718180781E-32,-1.));
#3777 = ORIENTED_EDGE('',*,*,#3778,.T.);
#3778 = EDGE_CURVE('',#3770,#3779,#3781,.T.);
#3779 = VERTEX_POINT('',#3780);
#3780 = CARTESIAN_POINT('',(-1.096201938253,0.775,0.393412044417));
#3781 = LINE('',#3782,#3783);
#3782 = CARTESIAN_POINT('',(-1.11915192277,0.775,0.232635182233));
#3783 = VECTOR('',#3784,1.);
#3784 = DIRECTION('',(0.14131190243,-1.616944126098E-18,0.989965123745)
  );
#3785 = ORIENTED_EDGE('',*,*,#3786,.T.);
#3786 = EDGE_CURVE('',#3779,#3211,#3787,.T.);
#3787 = CIRCLE('',#3788,0.25);
#3788 = AXIS2_PLACEMENT_3D('',#3789,#3790,#3791);
#3789 = CARTESIAN_POINT('',(-0.85,0.775,0.35));
#3790 = DIRECTION('',(1.144237745222E-17,1.,0.));
#3791 = DIRECTION('',(-0.984807753012,1.126854202784E-17,0.173648177667)
  );
#3792 = ORIENTED_EDGE('',*,*,#3210,.T.);
#3793 = PLANE('',#3794);
#3794 = AXIS2_PLACEMENT_3D('',#3795,#3796,#3797);
#3795 = CARTESIAN_POINT('',(-1.064349127789,0.775,0.282825311951));
#3796 = DIRECTION('',(1.144237745222E-17,1.,0.));
#3797 = DIRECTION('',(0.,-0.,1.));
#3798 = ADVANCED_FACE('',(#3799),#3818,.F.);
#3799 = FACE_BOUND('',#3800,.F.);
#3800 = EDGE_LOOP('',(#3801,#3802,#3811,#3817));
#3801 = ORIENTED_EDGE('',*,*,#3038,.T.);
#3802 = ORIENTED_EDGE('',*,*,#3803,.T.);
#3803 = EDGE_CURVE('',#3031,#3804,#3806,.T.);
#3804 = VERTEX_POINT('',#3805);
#3805 = CARTESIAN_POINT('',(-0.948480775301,1.125,0.367364817767));
#3806 = CIRCLE('',#3807,0.1);
#3807 = AXIS2_PLACEMENT_3D('',#3808,#3809,#3810);
#3808 = CARTESIAN_POINT('',(-0.85,1.125,0.35));
#3809 = DIRECTION('',(-1.144237745222E-17,-1.,0.));
#3810 = DIRECTION('',(0.,0.,1.));
#3811 = ORIENTED_EDGE('',*,*,#3812,.F.);
#3812 = EDGE_CURVE('',#3720,#3804,#3813,.T.);
#3813 = LINE('',#3814,#3815);
#3814 = CARTESIAN_POINT('',(-0.948480775301,0.775,0.367364817767));
#3815 = VECTOR('',#3816,1.);
#3816 = DIRECTION('',(1.144237745222E-17,1.,0.));
#3817 = ORIENTED_EDGE('',*,*,#3719,.F.);
#3818 = CYLINDRICAL_SURFACE('',#3819,0.1);
#3819 = AXIS2_PLACEMENT_3D('',#3820,#3821,#3822);
#3820 = CARTESIAN_POINT('',(-0.85,0.775,0.35));
#3821 = DIRECTION('',(-1.144237745222E-17,-1.,0.));
#3822 = DIRECTION('',(0.,0.,1.));
#3823 = ADVANCED_FACE('',(#3824),#3895,.T.);
#3824 = FACE_BOUND('',#3825,.T.);
#3825 = EDGE_LOOP('',(#3826,#3827,#3828,#3829,#3837,#3846,#3854,#3862,
    #3870,#3879,#3887,#3894));
#3826 = ORIENTED_EDGE('',*,*,#3052,.F.);
#3827 = ORIENTED_EDGE('',*,*,#3030,.T.);
#3828 = ORIENTED_EDGE('',*,*,#3803,.T.);
#3829 = ORIENTED_EDGE('',*,*,#3830,.T.);
#3830 = EDGE_CURVE('',#3804,#3831,#3833,.T.);
#3831 = VERTEX_POINT('',#3832);
#3832 = CARTESIAN_POINT('',(-0.971430759818,1.125,0.206587955583));
#3833 = LINE('',#3834,#3835);
#3834 = CARTESIAN_POINT('',(-0.948480775301,1.125,0.367364817767));
#3835 = VECTOR('',#3836,1.);
#3836 = DIRECTION('',(-0.14131190243,1.616944126098E-18,-0.989965123745)
  );
#3837 = ORIENTED_EDGE('',*,*,#3838,.T.);
#3838 = EDGE_CURVE('',#3831,#3839,#3841,.T.);
#3839 = VERTEX_POINT('',#3840);
#3840 = CARTESIAN_POINT('',(-1.217632698071,1.125,5.551115123126E-17));
#3841 = CIRCLE('',#3842,0.25);
#3842 = AXIS2_PLACEMENT_3D('',#3843,#3844,#3845);
#3843 = CARTESIAN_POINT('',(-1.217632698071,1.125,0.25));
#3844 = DIRECTION('',(1.144237745222E-17,1.,3.851859888774E-34));
#3845 = DIRECTION('',(0.984807753012,-1.126854202784E-17,-0.173648177667
    ));
#3846 = ORIENTED_EDGE('',*,*,#3847,.T.);
#3847 = EDGE_CURVE('',#3839,#3848,#3850,.T.);
#3848 = VERTEX_POINT('',#3849);
#3849 = CARTESIAN_POINT('',(-1.4,1.125,5.551115123126E-17));
#3850 = LINE('',#3851,#3852);
#3851 = CARTESIAN_POINT('',(-1.217632698071,1.125,5.551115123126E-17));
#3852 = VECTOR('',#3853,1.);
#3853 = DIRECTION('',(-1.,1.144237745222E-17,0.));
#3854 = ORIENTED_EDGE('',*,*,#3855,.T.);
#3855 = EDGE_CURVE('',#3848,#3856,#3858,.T.);
#3856 = VERTEX_POINT('',#3857);
#3857 = CARTESIAN_POINT('',(-1.4,1.125,0.15));
#3858 = LINE('',#3859,#3860);
#3859 = CARTESIAN_POINT('',(-1.4,1.125,5.551115123126E-17));
#3860 = VECTOR('',#3861,1.);
#3861 = DIRECTION('',(0.,0.,1.));
#3862 = ORIENTED_EDGE('',*,*,#3863,.T.);
#3863 = EDGE_CURVE('',#3856,#3864,#3866,.T.);
#3864 = VERTEX_POINT('',#3865);
#3865 = CARTESIAN_POINT('',(-1.217632698071,1.125,0.15));
#3866 = LINE('',#3867,#3868);
#3867 = CARTESIAN_POINT('',(-1.4,1.125,0.15));
#3868 = VECTOR('',#3869,1.);
#3869 = DIRECTION('',(1.,-1.144237745222E-17,0.));
#3870 = ORIENTED_EDGE('',*,*,#3871,.T.);
#3871 = EDGE_CURVE('',#3864,#3872,#3874,.T.);
#3872 = VERTEX_POINT('',#3873);
#3873 = CARTESIAN_POINT('',(-1.11915192277,1.125,0.232635182233));
#3874 = CIRCLE('',#3875,0.1);
#3875 = AXIS2_PLACEMENT_3D('',#3876,#3877,#3878);
#3876 = CARTESIAN_POINT('',(-1.217632698071,1.125,0.25));
#3877 = DIRECTION('',(-1.144237745222E-17,-1.,1.094764425254E-47));
#3878 = DIRECTION('',(-2.22044604925E-15,2.540718180781E-32,-1.));
#3879 = ORIENTED_EDGE('',*,*,#3880,.T.);
#3880 = EDGE_CURVE('',#3872,#3881,#3883,.T.);
#3881 = VERTEX_POINT('',#3882);
#3882 = CARTESIAN_POINT('',(-1.096201938253,1.125,0.393412044417));
#3883 = LINE('',#3884,#3885);
#3884 = CARTESIAN_POINT('',(-1.11915192277,1.125,0.232635182233));
#3885 = VECTOR('',#3886,1.);
#3886 = DIRECTION('',(0.14131190243,-1.616944126098E-18,0.989965123745)
  );
#3887 = ORIENTED_EDGE('',*,*,#3888,.T.);
#3888 = EDGE_CURVE('',#3881,#3219,#3889,.T.);
#3889 = CIRCLE('',#3890,0.25);
#3890 = AXIS2_PLACEMENT_3D('',#3891,#3892,#3893);
#3891 = CARTESIAN_POINT('',(-0.85,1.125,0.35));
#3892 = DIRECTION('',(1.144237745222E-17,1.,0.));
#3893 = DIRECTION('',(-0.984807753012,1.126854202784E-17,0.173648177667)
  );
#3894 = ORIENTED_EDGE('',*,*,#3226,.T.);
#3895 = PLANE('',#3896);
#3896 = AXIS2_PLACEMENT_3D('',#3897,#3898,#3899);
#3897 = CARTESIAN_POINT('',(-1.064349127789,1.125,0.282825311951));
#3898 = DIRECTION('',(1.144237745222E-17,1.,0.));
#3899 = DIRECTION('',(0.,-0.,1.));
#3900 = ADVANCED_FACE('',(#3901),#3980,.F.);
#3901 = FACE_BOUND('',#3902,.F.);
#3902 = EDGE_LOOP('',(#3903,#3904,#3905,#3914,#3922,#3931,#3939,#3947,
    #3955,#3964,#3972,#3979));
#3903 = ORIENTED_EDGE('',*,*,#3071,.F.);
#3904 = ORIENTED_EDGE('',*,*,#3086,.T.);
#3905 = ORIENTED_EDGE('',*,*,#3906,.T.);
#3906 = EDGE_CURVE('',#3087,#3907,#3909,.T.);
#3907 = VERTEX_POINT('',#3908);
#3908 = CARTESIAN_POINT('',(0.948480775301,0.175,0.367364817767));
#3909 = CIRCLE('',#3910,0.1);
#3910 = AXIS2_PLACEMENT_3D('',#3911,#3912,#3913);
#3911 = CARTESIAN_POINT('',(0.85,0.175,0.35));
#3912 = DIRECTION('',(-1.110223024625E-16,1.,0.));
#3913 = DIRECTION('',(0.,0.,1.));
#3914 = ORIENTED_EDGE('',*,*,#3915,.T.);
#3915 = EDGE_CURVE('',#3907,#3916,#3918,.T.);
#3916 = VERTEX_POINT('',#3917);
#3917 = CARTESIAN_POINT('',(0.971430759818,0.175,0.206587955583));
#3918 = LINE('',#3919,#3920);
#3919 = CARTESIAN_POINT('',(0.948480775301,0.175,0.367364817767));
#3920 = VECTOR('',#3921,1.);
#3921 = DIRECTION('',(0.14131190243,1.568877277316E-17,-0.989965123745)
  );
#3922 = ORIENTED_EDGE('',*,*,#3923,.T.);
#3923 = EDGE_CURVE('',#3916,#3924,#3926,.T.);
#3924 = VERTEX_POINT('',#3925);
#3925 = CARTESIAN_POINT('',(1.217632698071,0.175,5.551115123126E-17));
#3926 = CIRCLE('',#3927,0.25);
#3927 = AXIS2_PLACEMENT_3D('',#3928,#3929,#3930);
#3928 = CARTESIAN_POINT('',(1.217632698071,0.175,0.25));
#3929 = DIRECTION('',(1.110223024625E-16,-1.,0.));
#3930 = DIRECTION('',(-0.984807753012,-1.093356242223E-16,
    -0.173648177667));
#3931 = ORIENTED_EDGE('',*,*,#3932,.T.);
#3932 = EDGE_CURVE('',#3924,#3933,#3935,.T.);
#3933 = VERTEX_POINT('',#3934);
#3934 = CARTESIAN_POINT('',(1.4,0.175,5.551115123126E-17));
#3935 = LINE('',#3936,#3937);
#3936 = CARTESIAN_POINT('',(1.217632698071,0.175,5.551115123126E-17));
#3937 = VECTOR('',#3938,1.);
#3938 = DIRECTION('',(1.,1.110223024625E-16,0.));
#3939 = ORIENTED_EDGE('',*,*,#3940,.T.);
#3940 = EDGE_CURVE('',#3933,#3941,#3943,.T.);
#3941 = VERTEX_POINT('',#3942);
#3942 = CARTESIAN_POINT('',(1.4,0.175,0.15));
#3943 = LINE('',#3944,#3945);
#3944 = CARTESIAN_POINT('',(1.4,0.175,5.551115123126E-17));
#3945 = VECTOR('',#3946,1.);
#3946 = DIRECTION('',(0.,0.,1.));
#3947 = ORIENTED_EDGE('',*,*,#3948,.T.);
#3948 = EDGE_CURVE('',#3941,#3949,#3951,.T.);
#3949 = VERTEX_POINT('',#3950);
#3950 = CARTESIAN_POINT('',(1.217632698071,0.175,0.15));
#3951 = LINE('',#3952,#3953);
#3952 = CARTESIAN_POINT('',(1.4,0.175,0.15));
#3953 = VECTOR('',#3954,1.);
#3954 = DIRECTION('',(-1.,-1.110223024625E-16,0.));
#3955 = ORIENTED_EDGE('',*,*,#3956,.T.);
#3956 = EDGE_CURVE('',#3949,#3957,#3959,.T.);
#3957 = VERTEX_POINT('',#3958);
#3958 = CARTESIAN_POINT('',(1.11915192277,0.175,0.232635182233));
#3959 = CIRCLE('',#3960,0.1);
#3960 = AXIS2_PLACEMENT_3D('',#3961,#3962,#3963);
#3961 = CARTESIAN_POINT('',(1.217632698071,0.175,0.25));
#3962 = DIRECTION('',(-1.110223024625E-16,1.,0.));
#3963 = DIRECTION('',(2.22044604925E-15,2.465190328815E-31,-1.));
#3964 = ORIENTED_EDGE('',*,*,#3965,.T.);
#3965 = EDGE_CURVE('',#3957,#3966,#3968,.T.);
#3966 = VERTEX_POINT('',#3967);
#3967 = CARTESIAN_POINT('',(1.096201938253,0.175,0.393412044417));
#3968 = LINE('',#3969,#3970);
#3969 = CARTESIAN_POINT('',(1.11915192277,0.175,0.232635182233));
#3970 = VECTOR('',#3971,1.);
#3971 = DIRECTION('',(-0.14131190243,-1.568877277316E-17,0.989965123745)
  );
#3972 = ORIENTED_EDGE('',*,*,#3973,.T.);
#3973 = EDGE_CURVE('',#3966,#3418,#3974,.T.);
#3974 = CIRCLE('',#3975,0.25);
#3975 = AXIS2_PLACEMENT_3D('',#3976,#3977,#3978);
#3976 = CARTESIAN_POINT('',(0.85,0.175,0.35));
#3977 = DIRECTION('',(1.110223024625E-16,-1.,0.));
#3978 = DIRECTION('',(0.984807753012,1.093356242223E-16,0.173648177667)
  );
#3979 = ORIENTED_EDGE('',*,*,#3417,.T.);
#3980 = PLANE('',#3981);
#3981 = AXIS2_PLACEMENT_3D('',#3982,#3983,#3984);
#3982 = CARTESIAN_POINT('',(1.064349127789,0.175,0.282825311951));
#3983 = DIRECTION('',(1.110223024625E-16,-1.,0.));
#3984 = DIRECTION('',(0.,0.,1.));
#3985 = ADVANCED_FACE('',(#3986),#4005,.F.);
#3986 = FACE_BOUND('',#3987,.F.);
#3987 = EDGE_LOOP('',(#3988,#3989,#3998,#4004));
#3988 = ORIENTED_EDGE('',*,*,#3103,.T.);
#3989 = ORIENTED_EDGE('',*,*,#3990,.T.);
#3990 = EDGE_CURVE('',#3096,#3991,#3993,.T.);
#3991 = VERTEX_POINT('',#3992);
#3992 = CARTESIAN_POINT('',(0.948480775301,-0.175,0.367364817767));
#3993 = CIRCLE('',#3994,0.1);
#3994 = AXIS2_PLACEMENT_3D('',#3995,#3996,#3997);
#3995 = CARTESIAN_POINT('',(0.85,-0.175,0.35));
#3996 = DIRECTION('',(-1.110223024625E-16,1.,0.));
#3997 = DIRECTION('',(0.,0.,1.));
#3998 = ORIENTED_EDGE('',*,*,#3999,.F.);
#3999 = EDGE_CURVE('',#3907,#3991,#4000,.T.);
#4000 = LINE('',#4001,#4002);
#4001 = CARTESIAN_POINT('',(0.948480775301,0.175,0.367364817767));
#4002 = VECTOR('',#4003,1.);
#4003 = DIRECTION('',(1.110223024625E-16,-1.,0.));
#4004 = ORIENTED_EDGE('',*,*,#3906,.F.);
#4005 = CYLINDRICAL_SURFACE('',#4006,0.1);
#4006 = AXIS2_PLACEMENT_3D('',#4007,#4008,#4009);
#4007 = CARTESIAN_POINT('',(0.85,0.175,0.35));
#4008 = DIRECTION('',(-1.110223024625E-16,1.,0.));
#4009 = DIRECTION('',(0.,0.,1.));
#4010 = ADVANCED_FACE('',(#4011),#4082,.T.);
#4011 = FACE_BOUND('',#4012,.T.);
#4012 = EDGE_LOOP('',(#4013,#4014,#4015,#4016,#4024,#4033,#4041,#4049,
    #4057,#4066,#4074,#4081));
#4013 = ORIENTED_EDGE('',*,*,#3117,.F.);
#4014 = ORIENTED_EDGE('',*,*,#3095,.T.);
#4015 = ORIENTED_EDGE('',*,*,#3990,.T.);
#4016 = ORIENTED_EDGE('',*,*,#4017,.T.);
#4017 = EDGE_CURVE('',#3991,#4018,#4020,.T.);
#4018 = VERTEX_POINT('',#4019);
#4019 = CARTESIAN_POINT('',(0.971430759818,-0.175,0.206587955583));
#4020 = LINE('',#4021,#4022);
#4021 = CARTESIAN_POINT('',(0.948480775301,-0.175,0.367364817767));
#4022 = VECTOR('',#4023,1.);
#4023 = DIRECTION('',(0.14131190243,1.568877277316E-17,-0.989965123745)
  );
#4024 = ORIENTED_EDGE('',*,*,#4025,.T.);
#4025 = EDGE_CURVE('',#4018,#4026,#4028,.T.);
#4026 = VERTEX_POINT('',#4027);
#4027 = CARTESIAN_POINT('',(1.217632698071,-0.175,5.551115123126E-17));
#4028 = CIRCLE('',#4029,0.25);
#4029 = AXIS2_PLACEMENT_3D('',#4030,#4031,#4032);
#4030 = CARTESIAN_POINT('',(1.217632698071,-0.175,0.25));
#4031 = DIRECTION('',(1.110223024625E-16,-1.,0.));
#4032 = DIRECTION('',(-0.984807753012,-1.093356242223E-16,
    -0.173648177667));
#4033 = ORIENTED_EDGE('',*,*,#4034,.T.);
#4034 = EDGE_CURVE('',#4026,#4035,#4037,.T.);
#4035 = VERTEX_POINT('',#4036);
#4036 = CARTESIAN_POINT('',(1.4,-0.175,5.551115123126E-17));
#4037 = LINE('',#4038,#4039);
#4038 = CARTESIAN_POINT('',(1.217632698071,-0.175,5.551115123126E-17));
#4039 = VECTOR('',#4040,1.);
#4040 = DIRECTION('',(1.,1.110223024625E-16,0.));
#4041 = ORIENTED_EDGE('',*,*,#4042,.T.);
#4042 = EDGE_CURVE('',#4035,#4043,#4045,.T.);
#4043 = VERTEX_POINT('',#4044);
#4044 = CARTESIAN_POINT('',(1.4,-0.175,0.15));
#4045 = LINE('',#4046,#4047);
#4046 = CARTESIAN_POINT('',(1.4,-0.175,5.551115123126E-17));
#4047 = VECTOR('',#4048,1.);
#4048 = DIRECTION('',(0.,0.,1.));
#4049 = ORIENTED_EDGE('',*,*,#4050,.T.);
#4050 = EDGE_CURVE('',#4043,#4051,#4053,.T.);
#4051 = VERTEX_POINT('',#4052);
#4052 = CARTESIAN_POINT('',(1.217632698071,-0.175,0.15));
#4053 = LINE('',#4054,#4055);
#4054 = CARTESIAN_POINT('',(1.4,-0.175,0.15));
#4055 = VECTOR('',#4056,1.);
#4056 = DIRECTION('',(-1.,-1.110223024625E-16,0.));
#4057 = ORIENTED_EDGE('',*,*,#4058,.T.);
#4058 = EDGE_CURVE('',#4051,#4059,#4061,.T.);
#4059 = VERTEX_POINT('',#4060);
#4060 = CARTESIAN_POINT('',(1.11915192277,-0.175,0.232635182233));
#4061 = CIRCLE('',#4062,0.1);
#4062 = AXIS2_PLACEMENT_3D('',#4063,#4064,#4065);
#4063 = CARTESIAN_POINT('',(1.217632698071,-0.175,0.25));
#4064 = DIRECTION('',(-1.110223024625E-16,1.,0.));
#4065 = DIRECTION('',(2.22044604925E-15,2.465190328815E-31,-1.));
#4066 = ORIENTED_EDGE('',*,*,#4067,.T.);
#4067 = EDGE_CURVE('',#4059,#4068,#4070,.T.);
#4068 = VERTEX_POINT('',#4069);
#4069 = CARTESIAN_POINT('',(1.096201938253,-0.175,0.393412044417));
#4070 = LINE('',#4071,#4072);
#4071 = CARTESIAN_POINT('',(1.11915192277,-0.175,0.232635182233));
#4072 = VECTOR('',#4073,1.);
#4073 = DIRECTION('',(-0.14131190243,-1.568877277316E-17,0.989965123745)
  );
#4074 = ORIENTED_EDGE('',*,*,#4075,.T.);
#4075 = EDGE_CURVE('',#4068,#3426,#4076,.T.);
#4076 = CIRCLE('',#4077,0.25);
#4077 = AXIS2_PLACEMENT_3D('',#4078,#4079,#4080);
#4078 = CARTESIAN_POINT('',(0.85,-0.175,0.35));
#4079 = DIRECTION('',(1.110223024625E-16,-1.,0.));
#4080 = DIRECTION('',(0.984807753012,1.093356242223E-16,0.173648177667)
  );
#4081 = ORIENTED_EDGE('',*,*,#3433,.T.);
#4082 = PLANE('',#4083);
#4083 = AXIS2_PLACEMENT_3D('',#4084,#4085,#4086);
#4084 = CARTESIAN_POINT('',(1.064349127789,-0.175,0.282825311951));
#4085 = DIRECTION('',(1.110223024625E-16,-1.,0.));
#4086 = DIRECTION('',(0.,0.,1.));
#4087 = ADVANCED_FACE('',(#4088),#4099,.T.);
#4088 = FACE_BOUND('',#4089,.T.);
#4089 = EDGE_LOOP('',(#4090,#4091,#4092,#4093));
#4090 = ORIENTED_EDGE('',*,*,#3786,.T.);
#4091 = ORIENTED_EDGE('',*,*,#3218,.T.);
#4092 = ORIENTED_EDGE('',*,*,#3888,.F.);
#4093 = ORIENTED_EDGE('',*,*,#4094,.F.);
#4094 = EDGE_CURVE('',#3779,#3881,#4095,.T.);
#4095 = LINE('',#4096,#4097);
#4096 = CARTESIAN_POINT('',(-1.096201938253,0.775,0.393412044417));
#4097 = VECTOR('',#4098,1.);
#4098 = DIRECTION('',(1.144237745222E-17,1.,0.));
#4099 = CYLINDRICAL_SURFACE('',#4100,0.25);
#4100 = AXIS2_PLACEMENT_3D('',#4101,#4102,#4103);
#4101 = CARTESIAN_POINT('',(-0.85,0.775,0.35));
#4102 = DIRECTION('',(-1.144237745222E-17,-1.,0.));
#4103 = DIRECTION('',(-0.984807753012,1.126854202784E-17,0.173648177667)
  );
#4104 = ADVANCED_FACE('',(#4105),#4118,.F.);
#4105 = FACE_BOUND('',#4106,.F.);
#4106 = EDGE_LOOP('',(#4107,#4108,#4114,#4115,#4116,#4117));
#4107 = ORIENTED_EDGE('',*,*,#3577,.F.);
#4108 = ORIENTED_EDGE('',*,*,#4109,.T.);
#4109 = EDGE_CURVE('',#3569,#3678,#4110,.T.);
#4110 = LINE('',#4111,#4112);
#4111 = CARTESIAN_POINT('',(-0.85,-1.125,0.6));
#4112 = VECTOR('',#4113,1.);
#4113 = DIRECTION('',(1.144237745222E-17,1.,0.));
#4114 = ORIENTED_EDGE('',*,*,#3686,.T.);
#4115 = ORIENTED_EDGE('',*,*,#3703,.T.);
#4116 = ORIENTED_EDGE('',*,*,#3265,.F.);
#4117 = ORIENTED_EDGE('',*,*,#3461,.F.);
#4118 = PLANE('',#4119);
#4119 = AXIS2_PLACEMENT_3D('',#4120,#4121,#4122);
#4120 = CARTESIAN_POINT('',(-0.85,-1.125,0.6));
#4121 = DIRECTION('',(0.,0.,-1.));
#4122 = DIRECTION('',(1.,-1.144237745222E-17,0.));
#4123 = ADVANCED_FACE('',(#4124,#4153),#4164,.T.);
#4124 = FACE_BOUND('',#4125,.T.);
#4125 = EDGE_LOOP('',(#4126,#4127,#4128,#4129,#4137,#4145,#4151,#4152));
#4126 = ORIENTED_EDGE('',*,*,#3340,.F.);
#4127 = ORIENTED_EDGE('',*,*,#3317,.F.);
#4128 = ORIENTED_EDGE('',*,*,#3288,.F.);
#4129 = ORIENTED_EDGE('',*,*,#4130,.F.);
#4130 = EDGE_CURVE('',#4131,#3289,#4133,.T.);
#4131 = VERTEX_POINT('',#4132);
#4132 = CARTESIAN_POINT('',(-0.667905353927,-1.375810707854,0.95));
#4133 = LINE('',#4134,#4135);
#4134 = CARTESIAN_POINT('',(-0.667905353927,-1.375810707854,0.95));
#4135 = VECTOR('',#4136,1.);
#4136 = DIRECTION('',(-0.707106781187,0.707106781187,0.));
#4137 = ORIENTED_EDGE('',*,*,#4138,.F.);
#4138 = EDGE_CURVE('',#4139,#4131,#4141,.T.);
#4139 = VERTEX_POINT('',#4140);
#4140 = CARTESIAN_POINT('',(0.667905353927,-1.375810707854,0.95));
#4141 = LINE('',#4142,#4143);
#4142 = CARTESIAN_POINT('',(0.667905353927,-1.375810707854,0.95));
#4143 = VECTOR('',#4144,1.);
#4144 = DIRECTION('',(-1.,-1.110223024625E-16,0.));
#4145 = ORIENTED_EDGE('',*,*,#4146,.F.);
#4146 = EDGE_CURVE('',#3396,#4139,#4147,.T.);
#4147 = LINE('',#4148,#4149);
#4148 = CARTESIAN_POINT('',(0.725810707854,-1.317905353927,0.95));
#4149 = VECTOR('',#4150,1.);
#4150 = DIRECTION('',(-0.707106781187,-0.707106781187,0.));
#4151 = ORIENTED_EDGE('',*,*,#3402,.F.);
#4152 = ORIENTED_EDGE('',*,*,#3363,.F.);
#4153 = FACE_BOUND('',#4154,.T.);
#4154 = EDGE_LOOP('',(#4155));
#4155 = ORIENTED_EDGE('',*,*,#4156,.T.);
#4156 = EDGE_CURVE('',#4157,#4157,#4159,.T.);
#4157 = VERTEX_POINT('',#4158);
#4158 = CARTESIAN_POINT('',(-0.525810707854,1.125810707854,0.95));
#4159 = CIRCLE('',#4160,5.E-02);
#4160 = AXIS2_PLACEMENT_3D('',#4161,#4162,#4163);
#4161 = CARTESIAN_POINT('',(-0.525810707854,1.175810707854,0.95));
#4162 = DIRECTION('',(0.,-0.,-1.));
#4163 = DIRECTION('',(1.110223024625E-16,-1.,0.));
#4164 = PLANE('',#4165);
#4165 = AXIS2_PLACEMENT_3D('',#4166,#4167,#4168);
#4166 = CARTESIAN_POINT('',(-0.667905353927,1.375810707854,0.95));
#4167 = DIRECTION('',(0.,0.,1.));
#4168 = DIRECTION('',(0.436721133329,-0.89959693847,0.));
#4169 = ADVANCED_FACE('',(#4170),#4180,.F.);
#4170 = FACE_BOUND('',#4171,.F.);
#4171 = EDGE_LOOP('',(#4172,#4173,#4174,#4175));
#4172 = ORIENTED_EDGE('',*,*,#3468,.T.);
#4173 = ORIENTED_EDGE('',*,*,#3296,.T.);
#4174 = ORIENTED_EDGE('',*,*,#4130,.F.);
#4175 = ORIENTED_EDGE('',*,*,#4176,.F.);
#4176 = EDGE_CURVE('',#3469,#4131,#4177,.T.);
#4177 = B_SPLINE_CURVE_WITH_KNOTS('',1,(#4178,#4179),.UNSPECIFIED.,.F.,
  .F.,(2,2),(0.,1.),.PIECEWISE_BEZIER_KNOTS.);
#4178 = CARTESIAN_POINT('',(-0.6925,-1.425,0.6));
#4179 = CARTESIAN_POINT('',(-0.667905353927,-1.375810707854,0.95));
#4180 = B_SPLINE_SURFACE_WITH_KNOTS('',1,1,(
    (#4181,#4182)
    ,(#4183,#4184
    )),.UNSPECIFIED.,.F.,.F.,.F.,(2,2),(2,2),(0.,0.116672618896),(0.,1.)
  ,.PIECEWISE_BEZIER_KNOTS.);
#4181 = CARTESIAN_POINT('',(-0.6925,-1.425,0.6));
#4182 = CARTESIAN_POINT('',(-0.667905353927,-1.375810707854,0.95));
#4183 = CARTESIAN_POINT('',(-0.775,-1.3425,0.6));
#4184 = CARTESIAN_POINT('',(-0.725810707854,-1.317905353927,0.95));
#4185 = ADVANCED_FACE('',(#4186),#4196,.F.);
#4186 = FACE_BOUND('',#4187,.F.);
#4187 = EDGE_LOOP('',(#4188,#4189,#4194,#4195));
#4188 = ORIENTED_EDGE('',*,*,#3484,.T.);
#4189 = ORIENTED_EDGE('',*,*,#4190,.T.);
#4190 = EDGE_CURVE('',#3477,#4139,#4191,.T.);
#4191 = B_SPLINE_CURVE_WITH_KNOTS('',1,(#4192,#4193),.UNSPECIFIED.,.F.,
  .F.,(2,2),(0.,1.),.PIECEWISE_BEZIER_KNOTS.);
#4192 = CARTESIAN_POINT('',(0.6925,-1.425,0.6));
#4193 = CARTESIAN_POINT('',(0.667905353927,-1.375810707854,0.95));
#4194 = ORIENTED_EDGE('',*,*,#4146,.F.);
#4195 = ORIENTED_EDGE('',*,*,#3395,.F.);
#4196 = B_SPLINE_SURFACE_WITH_KNOTS('',1,1,(
    (#4197,#4198)
    ,(#4199,#4200
    )),.UNSPECIFIED.,.F.,.F.,.F.,(2,2),(2,2),(0.,0.116672618896),(0.,1.)
  ,.PIECEWISE_BEZIER_KNOTS.);
#4197 = CARTESIAN_POINT('',(0.775,-1.3425,0.6));
#4198 = CARTESIAN_POINT('',(0.725810707854,-1.317905353927,0.95));
#4199 = CARTESIAN_POINT('',(0.6925,-1.425,0.6));
#4200 = CARTESIAN_POINT('',(0.667905353927,-1.375810707854,0.95));
#4201 = ADVANCED_FACE('',(#4202),#4213,.T.);
#4202 = FACE_BOUND('',#4203,.T.);
#4203 = EDGE_LOOP('',(#4204,#4205,#4206,#4207));
#4204 = ORIENTED_EDGE('',*,*,#3973,.T.);
#4205 = ORIENTED_EDGE('',*,*,#3425,.T.);
#4206 = ORIENTED_EDGE('',*,*,#4075,.F.);
#4207 = ORIENTED_EDGE('',*,*,#4208,.F.);
#4208 = EDGE_CURVE('',#3966,#4068,#4209,.T.);
#4209 = LINE('',#4210,#4211);
#4210 = CARTESIAN_POINT('',(1.096201938253,0.175,0.393412044417));
#4211 = VECTOR('',#4212,1.);
#4212 = DIRECTION('',(1.110223024625E-16,-1.,0.));
#4213 = CYLINDRICAL_SURFACE('',#4214,0.25);
#4214 = AXIS2_PLACEMENT_3D('',#4215,#4216,#4217);
#4215 = CARTESIAN_POINT('',(0.85,0.175,0.35));
#4216 = DIRECTION('',(-1.110223024625E-16,1.,0.));
#4217 = DIRECTION('',(0.984807753012,1.093356242223E-16,0.173648177667)
  );
#4218 = ADVANCED_FACE('',(#4219),#4225,.F.);
#4219 = FACE_BOUND('',#4220,.F.);
#4220 = EDGE_LOOP('',(#4221,#4222,#4223,#4224));
#4221 = ORIENTED_EDGE('',*,*,#3476,.T.);
#4222 = ORIENTED_EDGE('',*,*,#4176,.T.);
#4223 = ORIENTED_EDGE('',*,*,#4138,.F.);
#4224 = ORIENTED_EDGE('',*,*,#4190,.F.);
#4225 = B_SPLINE_SURFACE_WITH_KNOTS('',1,1,(
    (#4226,#4227)
    ,(#4228,#4229
    )),.UNSPECIFIED.,.F.,.F.,.F.,(2,2),(2,2),(0.,1.385),(0.,1.),
  .PIECEWISE_BEZIER_KNOTS.);
#4226 = CARTESIAN_POINT('',(0.6925,-1.425,0.6));
#4227 = CARTESIAN_POINT('',(0.667905353927,-1.375810707854,0.95));
#4228 = CARTESIAN_POINT('',(-0.6925,-1.425,0.6));
#4229 = CARTESIAN_POINT('',(-0.667905353927,-1.375810707854,0.95));
#4230 = ADVANCED_FACE('',(#4231),#4242,.T.);
#4231 = FACE_BOUND('',#4232,.T.);
#4232 = EDGE_LOOP('',(#4233,#4234,#4235,#4236));
#4233 = ORIENTED_EDGE('',*,*,#3568,.T.);
#4234 = ORIENTED_EDGE('',*,*,#4109,.T.);
#4235 = ORIENTED_EDGE('',*,*,#3677,.F.);
#4236 = ORIENTED_EDGE('',*,*,#4237,.F.);
#4237 = EDGE_CURVE('',#3561,#3670,#4238,.T.);
#4238 = LINE('',#4239,#4240);
#4239 = CARTESIAN_POINT('',(-1.096201938253,-1.125,0.393412044417));
#4240 = VECTOR('',#4241,1.);
#4241 = DIRECTION('',(1.144237745222E-17,1.,0.));
#4242 = CYLINDRICAL_SURFACE('',#4243,0.25);
#4243 = AXIS2_PLACEMENT_3D('',#4244,#4245,#4246);
#4244 = CARTESIAN_POINT('',(-0.85,-1.125,0.35));
#4245 = DIRECTION('',(-1.144237745222E-17,-1.,0.));
#4246 = DIRECTION('',(-0.984807753012,1.126854202784E-17,0.173648177667)
  );
#4247 = ADVANCED_FACE('',(#4248),#4259,.F.);
#4248 = FACE_BOUND('',#4249,.F.);
#4249 = EDGE_LOOP('',(#4250,#4256,#4257,#4258));
#4250 = ORIENTED_EDGE('',*,*,#4251,.T.);
#4251 = EDGE_CURVE('',#3552,#3661,#4252,.T.);
#4252 = LINE('',#4253,#4254);
#4253 = CARTESIAN_POINT('',(-1.11915192277,-1.125,0.232635182233));
#4254 = VECTOR('',#4255,1.);
#4255 = DIRECTION('',(1.144237745222E-17,1.,0.));
#4256 = ORIENTED_EDGE('',*,*,#3669,.T.);
#4257 = ORIENTED_EDGE('',*,*,#4237,.F.);
#4258 = ORIENTED_EDGE('',*,*,#3560,.F.);
#4259 = PLANE('',#4260);
#4260 = AXIS2_PLACEMENT_3D('',#4261,#4262,#4263);
#4261 = CARTESIAN_POINT('',(-1.11915192277,-1.125,0.232635182233));
#4262 = DIRECTION('',(0.989965123745,-1.132755461042E-17,-0.14131190243)
  );
#4263 = DIRECTION('',(0.14131190243,-1.616944126098E-18,0.989965123745)
  );
#4264 = ADVANCED_FACE('',(#4265),#4276,.F.);
#4265 = FACE_BOUND('',#4266,.F.);
#4266 = EDGE_LOOP('',(#4267,#4273,#4274,#4275));
#4267 = ORIENTED_EDGE('',*,*,#4268,.T.);
#4268 = EDGE_CURVE('',#3544,#3653,#4269,.T.);
#4269 = LINE('',#4270,#4271);
#4270 = CARTESIAN_POINT('',(-1.217632698071,-1.125,0.15));
#4271 = VECTOR('',#4272,1.);
#4272 = DIRECTION('',(1.144237745222E-17,1.,0.));
#4273 = ORIENTED_EDGE('',*,*,#3660,.T.);
#4274 = ORIENTED_EDGE('',*,*,#4251,.F.);
#4275 = ORIENTED_EDGE('',*,*,#3551,.F.);
#4276 = CYLINDRICAL_SURFACE('',#4277,0.1);
#4277 = AXIS2_PLACEMENT_3D('',#4278,#4279,#4280);
#4278 = CARTESIAN_POINT('',(-1.217632698071,-1.125,0.25));
#4279 = DIRECTION('',(-1.144237745222E-17,-1.,0.));
#4280 = DIRECTION('',(-2.22044604925E-15,2.540718180781E-32,-1.));
#4281 = ADVANCED_FACE('',(#4282),#4293,.F.);
#4282 = FACE_BOUND('',#4283,.F.);
#4283 = EDGE_LOOP('',(#4284,#4290,#4291,#4292));
#4284 = ORIENTED_EDGE('',*,*,#4285,.T.);
#4285 = EDGE_CURVE('',#3536,#3645,#4286,.T.);
#4286 = LINE('',#4287,#4288);
#4287 = CARTESIAN_POINT('',(-1.4,-1.125,0.15));
#4288 = VECTOR('',#4289,1.);
#4289 = DIRECTION('',(1.144237745222E-17,1.,0.));
#4290 = ORIENTED_EDGE('',*,*,#3652,.T.);
#4291 = ORIENTED_EDGE('',*,*,#4268,.F.);
#4292 = ORIENTED_EDGE('',*,*,#3543,.F.);
#4293 = PLANE('',#4294);
#4294 = AXIS2_PLACEMENT_3D('',#4295,#4296,#4297);
#4295 = CARTESIAN_POINT('',(-1.4,-1.125,0.15));
#4296 = DIRECTION('',(0.,0.,-1.));
#4297 = DIRECTION('',(1.,-1.144237745222E-17,0.));
#4298 = ADVANCED_FACE('',(#4299),#4310,.F.);
#4299 = FACE_BOUND('',#4300,.F.);
#4300 = EDGE_LOOP('',(#4301,#4307,#4308,#4309));
#4301 = ORIENTED_EDGE('',*,*,#4302,.T.);
#4302 = EDGE_CURVE('',#3528,#3637,#4303,.T.);
#4303 = LINE('',#4304,#4305);
#4304 = CARTESIAN_POINT('',(-1.4,-1.125,5.551115123126E-17));
#4305 = VECTOR('',#4306,1.);
#4306 = DIRECTION('',(1.144237745222E-17,1.,0.));
#4307 = ORIENTED_EDGE('',*,*,#3644,.T.);
#4308 = ORIENTED_EDGE('',*,*,#4285,.F.);
#4309 = ORIENTED_EDGE('',*,*,#3535,.F.);
#4310 = PLANE('',#4311);
#4311 = AXIS2_PLACEMENT_3D('',#4312,#4313,#4314);
#4312 = CARTESIAN_POINT('',(-1.4,-1.125,5.551115123126E-17));
#4313 = DIRECTION('',(1.,-1.144237745222E-17,0.));
#4314 = DIRECTION('',(0.,0.,1.));
#4315 = ADVANCED_FACE('',(#4316),#4327,.F.);
#4316 = FACE_BOUND('',#4317,.F.);
#4317 = EDGE_LOOP('',(#4318,#4324,#4325,#4326));
#4318 = ORIENTED_EDGE('',*,*,#4319,.T.);
#4319 = EDGE_CURVE('',#3519,#3628,#4320,.T.);
#4320 = LINE('',#4321,#4322);
#4321 = CARTESIAN_POINT('',(-1.217632698071,-1.125,5.551115123126E-17));
#4322 = VECTOR('',#4323,1.);
#4323 = DIRECTION('',(1.144237745222E-17,1.,0.));
#4324 = ORIENTED_EDGE('',*,*,#3636,.T.);
#4325 = ORIENTED_EDGE('',*,*,#4302,.F.);
#4326 = ORIENTED_EDGE('',*,*,#3527,.F.);
#4327 = PLANE('',#4328);
#4328 = AXIS2_PLACEMENT_3D('',#4329,#4330,#4331);
#4329 = CARTESIAN_POINT('',(-1.217632698071,-1.125,5.551115123126E-17));
#4330 = DIRECTION('',(0.,0.,1.));
#4331 = DIRECTION('',(-1.,1.144237745222E-17,0.));
#4332 = ADVANCED_FACE('',(#4333),#4344,.T.);
#4333 = FACE_BOUND('',#4334,.T.);
#4334 = EDGE_LOOP('',(#4335,#4336,#4337,#4338));
#4335 = ORIENTED_EDGE('',*,*,#3518,.T.);
#4336 = ORIENTED_EDGE('',*,*,#4319,.T.);
#4337 = ORIENTED_EDGE('',*,*,#3627,.F.);
#4338 = ORIENTED_EDGE('',*,*,#4339,.F.);
#4339 = EDGE_CURVE('',#3511,#3620,#4340,.T.);
#4340 = LINE('',#4341,#4342);
#4341 = CARTESIAN_POINT('',(-0.971430759818,-1.125,0.206587955583));
#4342 = VECTOR('',#4343,1.);
#4343 = DIRECTION('',(1.144237745222E-17,1.,0.));
#4344 = CYLINDRICAL_SURFACE('',#4345,0.25);
#4345 = AXIS2_PLACEMENT_3D('',#4346,#4347,#4348);
#4346 = CARTESIAN_POINT('',(-1.217632698071,-1.125,0.25));
#4347 = DIRECTION('',(-1.144237745222E-17,-1.,0.));
#4348 = DIRECTION('',(0.984807753012,-1.126854202784E-17,-0.173648177667
    ));
#4349 = ADVANCED_FACE('',(#4350),#4356,.F.);
#4350 = FACE_BOUND('',#4351,.F.);
#4351 = EDGE_LOOP('',(#4352,#4353,#4354,#4355));
#4352 = ORIENTED_EDGE('',*,*,#3601,.T.);
#4353 = ORIENTED_EDGE('',*,*,#3619,.T.);
#4354 = ORIENTED_EDGE('',*,*,#4339,.F.);
#4355 = ORIENTED_EDGE('',*,*,#3510,.F.);
#4356 = PLANE('',#4357);
#4357 = AXIS2_PLACEMENT_3D('',#4358,#4359,#4360);
#4358 = CARTESIAN_POINT('',(-0.948480775301,-1.125,0.367364817767));
#4359 = DIRECTION('',(-0.989965123745,1.132755461042E-17,0.14131190243)
  );
#4360 = DIRECTION('',(-0.14131190243,1.616944126098E-18,-0.989965123745)
  );
#4361 = ADVANCED_FACE('',(#4362),#4373,.F.);
#4362 = FACE_BOUND('',#4363,.F.);
#4363 = EDGE_LOOP('',(#4364,#4370,#4371,#4372));
#4364 = ORIENTED_EDGE('',*,*,#4365,.T.);
#4365 = EDGE_CURVE('',#3770,#3872,#4366,.T.);
#4366 = LINE('',#4367,#4368);
#4367 = CARTESIAN_POINT('',(-1.11915192277,0.775,0.232635182233));
#4368 = VECTOR('',#4369,1.);
#4369 = DIRECTION('',(1.144237745222E-17,1.,0.));
#4370 = ORIENTED_EDGE('',*,*,#3880,.T.);
#4371 = ORIENTED_EDGE('',*,*,#4094,.F.);
#4372 = ORIENTED_EDGE('',*,*,#3778,.F.);
#4373 = PLANE('',#4374);
#4374 = AXIS2_PLACEMENT_3D('',#4375,#4376,#4377);
#4375 = CARTESIAN_POINT('',(-1.11915192277,0.775,0.232635182233));
#4376 = DIRECTION('',(0.989965123745,-1.132755461042E-17,-0.14131190243)
  );
#4377 = DIRECTION('',(0.14131190243,-1.616944126098E-18,0.989965123745)
  );
#4378 = ADVANCED_FACE('',(#4379),#4390,.F.);
#4379 = FACE_BOUND('',#4380,.F.);
#4380 = EDGE_LOOP('',(#4381,#4387,#4388,#4389));
#4381 = ORIENTED_EDGE('',*,*,#4382,.T.);
#4382 = EDGE_CURVE('',#3762,#3864,#4383,.T.);
#4383 = LINE('',#4384,#4385);
#4384 = CARTESIAN_POINT('',(-1.217632698071,0.775,0.15));
#4385 = VECTOR('',#4386,1.);
#4386 = DIRECTION('',(1.144237745222E-17,1.,0.));
#4387 = ORIENTED_EDGE('',*,*,#3871,.T.);
#4388 = ORIENTED_EDGE('',*,*,#4365,.F.);
#4389 = ORIENTED_EDGE('',*,*,#3769,.F.);
#4390 = CYLINDRICAL_SURFACE('',#4391,0.1);
#4391 = AXIS2_PLACEMENT_3D('',#4392,#4393,#4394);
#4392 = CARTESIAN_POINT('',(-1.217632698071,0.775,0.25));
#4393 = DIRECTION('',(-1.144237745222E-17,-1.,0.));
#4394 = DIRECTION('',(-2.22044604925E-15,2.540718180781E-32,-1.));
#4395 = ADVANCED_FACE('',(#4396),#4407,.F.);
#4396 = FACE_BOUND('',#4397,.F.);
#4397 = EDGE_LOOP('',(#4398,#4404,#4405,#4406));
#4398 = ORIENTED_EDGE('',*,*,#4399,.T.);
#4399 = EDGE_CURVE('',#3754,#3856,#4400,.T.);
#4400 = LINE('',#4401,#4402);
#4401 = CARTESIAN_POINT('',(-1.4,0.775,0.15));
#4402 = VECTOR('',#4403,1.);
#4403 = DIRECTION('',(1.144237745222E-17,1.,0.));
#4404 = ORIENTED_EDGE('',*,*,#3863,.T.);
#4405 = ORIENTED_EDGE('',*,*,#4382,.F.);
#4406 = ORIENTED_EDGE('',*,*,#3761,.F.);
#4407 = PLANE('',#4408);
#4408 = AXIS2_PLACEMENT_3D('',#4409,#4410,#4411);
#4409 = CARTESIAN_POINT('',(-1.4,0.775,0.15));
#4410 = DIRECTION('',(0.,0.,-1.));
#4411 = DIRECTION('',(1.,-1.144237745222E-17,0.));
#4412 = ADVANCED_FACE('',(#4413),#4424,.F.);
#4413 = FACE_BOUND('',#4414,.F.);
#4414 = EDGE_LOOP('',(#4415,#4421,#4422,#4423));
#4415 = ORIENTED_EDGE('',*,*,#4416,.T.);
#4416 = EDGE_CURVE('',#3746,#3848,#4417,.T.);
#4417 = LINE('',#4418,#4419);
#4418 = CARTESIAN_POINT('',(-1.4,0.775,5.551115123126E-17));
#4419 = VECTOR('',#4420,1.);
#4420 = DIRECTION('',(1.144237745222E-17,1.,0.));
#4421 = ORIENTED_EDGE('',*,*,#3855,.T.);
#4422 = ORIENTED_EDGE('',*,*,#4399,.F.);
#4423 = ORIENTED_EDGE('',*,*,#3753,.F.);
#4424 = PLANE('',#4425);
#4425 = AXIS2_PLACEMENT_3D('',#4426,#4427,#4428);
#4426 = CARTESIAN_POINT('',(-1.4,0.775,5.551115123126E-17));
#4427 = DIRECTION('',(1.,-1.144237745222E-17,0.));
#4428 = DIRECTION('',(0.,0.,1.));
#4429 = ADVANCED_FACE('',(#4430),#4441,.F.);
#4430 = FACE_BOUND('',#4431,.F.);
#4431 = EDGE_LOOP('',(#4432,#4438,#4439,#4440));
#4432 = ORIENTED_EDGE('',*,*,#4433,.T.);
#4433 = EDGE_CURVE('',#3737,#3839,#4434,.T.);
#4434 = LINE('',#4435,#4436);
#4435 = CARTESIAN_POINT('',(-1.217632698071,0.775,5.551115123126E-17));
#4436 = VECTOR('',#4437,1.);
#4437 = DIRECTION('',(1.144237745222E-17,1.,0.));
#4438 = ORIENTED_EDGE('',*,*,#3847,.T.);
#4439 = ORIENTED_EDGE('',*,*,#4416,.F.);
#4440 = ORIENTED_EDGE('',*,*,#3745,.F.);
#4441 = PLANE('',#4442);
#4442 = AXIS2_PLACEMENT_3D('',#4443,#4444,#4445);
#4443 = CARTESIAN_POINT('',(-1.217632698071,0.775,5.551115123126E-17));
#4444 = DIRECTION('',(0.,0.,1.));
#4445 = DIRECTION('',(-1.,1.144237745222E-17,0.));
#4446 = ADVANCED_FACE('',(#4447),#4458,.T.);
#4447 = FACE_BOUND('',#4448,.T.);
#4448 = EDGE_LOOP('',(#4449,#4450,#4451,#4452));
#4449 = ORIENTED_EDGE('',*,*,#3736,.T.);
#4450 = ORIENTED_EDGE('',*,*,#4433,.T.);
#4451 = ORIENTED_EDGE('',*,*,#3838,.F.);
#4452 = ORIENTED_EDGE('',*,*,#4453,.F.);
#4453 = EDGE_CURVE('',#3729,#3831,#4454,.T.);
#4454 = LINE('',#4455,#4456);
#4455 = CARTESIAN_POINT('',(-0.971430759818,0.775,0.206587955583));
#4456 = VECTOR('',#4457,1.);
#4457 = DIRECTION('',(1.144237745222E-17,1.,0.));
#4458 = CYLINDRICAL_SURFACE('',#4459,0.25);
#4459 = AXIS2_PLACEMENT_3D('',#4460,#4461,#4462);
#4460 = CARTESIAN_POINT('',(-1.217632698071,0.775,0.25));
#4461 = DIRECTION('',(-1.144237745222E-17,-1.,0.));
#4462 = DIRECTION('',(0.984807753012,-1.126854202784E-17,-0.173648177667
    ));
#4463 = ADVANCED_FACE('',(#4464),#4470,.F.);
#4464 = FACE_BOUND('',#4465,.F.);
#4465 = EDGE_LOOP('',(#4466,#4467,#4468,#4469));
#4466 = ORIENTED_EDGE('',*,*,#3812,.T.);
#4467 = ORIENTED_EDGE('',*,*,#3830,.T.);
#4468 = ORIENTED_EDGE('',*,*,#4453,.F.);
#4469 = ORIENTED_EDGE('',*,*,#3728,.F.);
#4470 = PLANE('',#4471);
#4471 = AXIS2_PLACEMENT_3D('',#4472,#4473,#4474);
#4472 = CARTESIAN_POINT('',(-0.948480775301,0.775,0.367364817767));
#4473 = DIRECTION('',(-0.989965123745,1.132755461042E-17,0.14131190243)
  );
#4474 = DIRECTION('',(-0.14131190243,1.616944126098E-18,-0.989965123745)
  );
#4475 = ADVANCED_FACE('',(#4476),#4487,.F.);
#4476 = FACE_BOUND('',#4477,.F.);
#4477 = EDGE_LOOP('',(#4478,#4484,#4485,#4486));
#4478 = ORIENTED_EDGE('',*,*,#4479,.T.);
#4479 = EDGE_CURVE('',#3957,#4059,#4480,.T.);
#4480 = LINE('',#4481,#4482);
#4481 = CARTESIAN_POINT('',(1.11915192277,0.175,0.232635182233));
#4482 = VECTOR('',#4483,1.);
#4483 = DIRECTION('',(1.110223024625E-16,-1.,0.));
#4484 = ORIENTED_EDGE('',*,*,#4067,.T.);
#4485 = ORIENTED_EDGE('',*,*,#4208,.F.);
#4486 = ORIENTED_EDGE('',*,*,#3965,.F.);
#4487 = PLANE('',#4488);
#4488 = AXIS2_PLACEMENT_3D('',#4489,#4490,#4491);
#4489 = CARTESIAN_POINT('',(1.11915192277,0.175,0.232635182233));
#4490 = DIRECTION('',(-0.989965123745,-1.099082073958E-16,-0.14131190243
    ));
#4491 = DIRECTION('',(-0.14131190243,-1.568877277316E-17,0.989965123745)
  );
#4492 = ADVANCED_FACE('',(#4493),#4504,.F.);
#4493 = FACE_BOUND('',#4494,.F.);
#4494 = EDGE_LOOP('',(#4495,#4501,#4502,#4503));
#4495 = ORIENTED_EDGE('',*,*,#4496,.T.);
#4496 = EDGE_CURVE('',#3949,#4051,#4497,.T.);
#4497 = LINE('',#4498,#4499);
#4498 = CARTESIAN_POINT('',(1.217632698071,0.175,0.15));
#4499 = VECTOR('',#4500,1.);
#4500 = DIRECTION('',(1.110223024625E-16,-1.,0.));
#4501 = ORIENTED_EDGE('',*,*,#4058,.T.);
#4502 = ORIENTED_EDGE('',*,*,#4479,.F.);
#4503 = ORIENTED_EDGE('',*,*,#3956,.F.);
#4504 = CYLINDRICAL_SURFACE('',#4505,0.1);
#4505 = AXIS2_PLACEMENT_3D('',#4506,#4507,#4508);
#4506 = CARTESIAN_POINT('',(1.217632698071,0.175,0.25));
#4507 = DIRECTION('',(-1.110223024625E-16,1.,0.));
#4508 = DIRECTION('',(2.22044604925E-15,2.465190328815E-31,-1.));
#4509 = ADVANCED_FACE('',(#4510),#4521,.F.);
#4510 = FACE_BOUND('',#4511,.F.);
#4511 = EDGE_LOOP('',(#4512,#4518,#4519,#4520));
#4512 = ORIENTED_EDGE('',*,*,#4513,.T.);
#4513 = EDGE_CURVE('',#3941,#4043,#4514,.T.);
#4514 = LINE('',#4515,#4516);
#4515 = CARTESIAN_POINT('',(1.4,0.175,0.15));
#4516 = VECTOR('',#4517,1.);
#4517 = DIRECTION('',(1.110223024625E-16,-1.,0.));
#4518 = ORIENTED_EDGE('',*,*,#4050,.T.);
#4519 = ORIENTED_EDGE('',*,*,#4496,.F.);
#4520 = ORIENTED_EDGE('',*,*,#3948,.F.);
#4521 = PLANE('',#4522);
#4522 = AXIS2_PLACEMENT_3D('',#4523,#4524,#4525);
#4523 = CARTESIAN_POINT('',(1.4,0.175,0.15));
#4524 = DIRECTION('',(0.,0.,-1.));
#4525 = DIRECTION('',(-1.,-1.110223024625E-16,-0.));
#4526 = ADVANCED_FACE('',(#4527),#4538,.F.);
#4527 = FACE_BOUND('',#4528,.F.);
#4528 = EDGE_LOOP('',(#4529,#4535,#4536,#4537));
#4529 = ORIENTED_EDGE('',*,*,#4530,.T.);
#4530 = EDGE_CURVE('',#3933,#4035,#4531,.T.);
#4531 = LINE('',#4532,#4533);
#4532 = CARTESIAN_POINT('',(1.4,0.175,5.551115123126E-17));
#4533 = VECTOR('',#4534,1.);
#4534 = DIRECTION('',(1.110223024625E-16,-1.,0.));
#4535 = ORIENTED_EDGE('',*,*,#4042,.T.);
#4536 = ORIENTED_EDGE('',*,*,#4513,.F.);
#4537 = ORIENTED_EDGE('',*,*,#3940,.F.);
#4538 = PLANE('',#4539);
#4539 = AXIS2_PLACEMENT_3D('',#4540,#4541,#4542);
#4540 = CARTESIAN_POINT('',(1.4,0.175,5.551115123126E-17));
#4541 = DIRECTION('',(-1.,-1.110223024625E-16,0.));
#4542 = DIRECTION('',(0.,0.,1.));
#4543 = ADVANCED_FACE('',(#4544),#4555,.F.);
#4544 = FACE_BOUND('',#4545,.F.);
#4545 = EDGE_LOOP('',(#4546,#4552,#4553,#4554));
#4546 = ORIENTED_EDGE('',*,*,#4547,.T.);
#4547 = EDGE_CURVE('',#3924,#4026,#4548,.T.);
#4548 = LINE('',#4549,#4550);
#4549 = CARTESIAN_POINT('',(1.217632698071,0.175,5.551115123126E-17));
#4550 = VECTOR('',#4551,1.);
#4551 = DIRECTION('',(1.110223024625E-16,-1.,0.));
#4552 = ORIENTED_EDGE('',*,*,#4034,.T.);
#4553 = ORIENTED_EDGE('',*,*,#4530,.F.);
#4554 = ORIENTED_EDGE('',*,*,#3932,.F.);
#4555 = PLANE('',#4556);
#4556 = AXIS2_PLACEMENT_3D('',#4557,#4558,#4559);
#4557 = CARTESIAN_POINT('',(1.217632698071,0.175,5.551115123126E-17));
#4558 = DIRECTION('',(0.,0.,1.));
#4559 = DIRECTION('',(1.,1.110223024625E-16,-0.));
#4560 = ADVANCED_FACE('',(#4561),#4572,.T.);
#4561 = FACE_BOUND('',#4562,.T.);
#4562 = EDGE_LOOP('',(#4563,#4564,#4565,#4566));
#4563 = ORIENTED_EDGE('',*,*,#3923,.T.);
#4564 = ORIENTED_EDGE('',*,*,#4547,.T.);
#4565 = ORIENTED_EDGE('',*,*,#4025,.F.);
#4566 = ORIENTED_EDGE('',*,*,#4567,.F.);
#4567 = EDGE_CURVE('',#3916,#4018,#4568,.T.);
#4568 = LINE('',#4569,#4570);
#4569 = CARTESIAN_POINT('',(0.971430759818,0.175,0.206587955583));
#4570 = VECTOR('',#4571,1.);
#4571 = DIRECTION('',(1.110223024625E-16,-1.,0.));
#4572 = CYLINDRICAL_SURFACE('',#4573,0.25);
#4573 = AXIS2_PLACEMENT_3D('',#4574,#4575,#4576);
#4574 = CARTESIAN_POINT('',(1.217632698071,0.175,0.25));
#4575 = DIRECTION('',(-1.110223024625E-16,1.,0.));
#4576 = DIRECTION('',(-0.984807753012,-1.093356242223E-16,
    -0.173648177667));
#4577 = ADVANCED_FACE('',(#4578),#4584,.F.);
#4578 = FACE_BOUND('',#4579,.F.);
#4579 = EDGE_LOOP('',(#4580,#4581,#4582,#4583));
#4580 = ORIENTED_EDGE('',*,*,#3999,.T.);
#4581 = ORIENTED_EDGE('',*,*,#4017,.T.);
#4582 = ORIENTED_EDGE('',*,*,#4567,.F.);
#4583 = ORIENTED_EDGE('',*,*,#3915,.F.);
#4584 = PLANE('',#4585);
#4585 = AXIS2_PLACEMENT_3D('',#4586,#4587,#4588);
#4586 = CARTESIAN_POINT('',(0.948480775301,0.175,0.367364817767));
#4587 = DIRECTION('',(0.989965123745,1.099082073958E-16,0.14131190243));
#4588 = DIRECTION('',(0.14131190243,1.568877277316E-17,-0.989965123745)
  );
#4589 = ADVANCED_FACE('',(#4590),#4593,.F.);
#4590 = FACE_BOUND('',#4591,.T.);
#4591 = EDGE_LOOP('',(#4592));
#4592 = ORIENTED_EDGE('',*,*,#4156,.F.);
#4593 = PLANE('',#4594);
#4594 = AXIS2_PLACEMENT_3D('',#4595,#4596,#4597);
#4595 = CARTESIAN_POINT('',(-0.525810707854,1.175810707854,0.95));
#4596 = DIRECTION('',(0.,0.,-1.));
#4597 = DIRECTION('',(1.110223024625E-16,-1.,0.));
#4598 = ( GEOMETRIC_REPRESENTATION_CONTEXT(3) 
GLOBAL_UNCERTAINTY_ASSIGNED_CONTEXT((#4602)) 
GLOBAL_UNIT_ASSIGNED_CONTEXT((#4599,#4600,#4601)) REPRESENTATION_CONTEXT
('Context #1','3D Context with UNIT and UNCERTAINTY') );
#4599 = ( LENGTH_UNIT() NAMED_UNIT(*) SI_UNIT(.MILLI.,.METRE.) );
#4600 = ( NAMED_UNIT(*) PLANE_ANGLE_UNIT() SI_UNIT($,.RADIAN.) );
#4601 = ( NAMED_UNIT(*) SI_UNIT($,.STERADIAN.) SOLID_ANGLE_UNIT() );
#4602 = UNCERTAINTY_MEASURE_WITH_UNIT(LENGTH_MEASURE(1.E-07),#4599,
  'distance_accuracy_value','confusion accuracy');
#4603 = CONTEXT_DEPENDENT_SHAPE_REPRESENTATION(#4604,#4606);
#4604 = ( REPRESENTATION_RELATIONSHIP('','',#2462,#10) 
REPRESENTATION_RELATIONSHIP_WITH_TRANSFORMATION(#4605) 
SHAPE_REPRESENTATION_RELATIONSHIP() );
#4605 = ITEM_DEFINED_TRANSFORMATION('','',#11,#27);
#4606 = PRODUCT_DEFINITION_SHAPE('Placement','Placement of an item',
  #4607);
#4607 = NEXT_ASSEMBLY_USAGE_OCCURRENCE('4','Q2','',#5,#2457,$);
#4608 = PRODUCT_RELATED_PRODUCT_CATEGORY('part',$,(#2459));
#4609 = SHAPE_DEFINITION_REPRESENTATION(#4610,#4616);
#4610 = PRODUCT_DEFINITION_SHAPE('','',#4611);
#4611 = PRODUCT_DEFINITION('design','',#4612,#4615);
#4612 = PRODUCT_DEFINITION_FORMATION('','',#4613);
#4613 = PRODUCT('C_0402_1005Metric','C_0402_1005Metric','',(#4614));
#4614 = PRODUCT_CONTEXT('',#2,'mechanical');
#4615 = PRODUCT_DEFINITION_CONTEXT('part definition',#2,'design');
#4616 = ADVANCED_BREP_SHAPE_REPRESENTATION('',(#11,#4617),#5471);
#4617 = MANIFOLD_SOLID_BREP('',#4618);
#4618 = CLOSED_SHELL('',(#4619,#4695,#4726,#4751,#4776,#4800,#4824,#4849
    ,#4874,#4891,#4977,#5009,#5033,#5058,#5082,#5107,#5131,#5156,#5173,
    #5259,#5290,#5315,#5340,#5364,#5388,#5413,#5438,#5455));
#4619 = ADVANCED_FACE('',(#4620),#4690,.F.);
#4620 = FACE_BOUND('',#4621,.F.);
#4621 = EDGE_LOOP('',(#4622,#4632,#4641,#4649,#4658,#4666,#4675,#4683));
#4622 = ORIENTED_EDGE('',*,*,#4623,.F.);
#4623 = EDGE_CURVE('',#4624,#4626,#4628,.T.);
#4624 = VERTEX_POINT('',#4625);
#4625 = CARTESIAN_POINT('',(-0.5,-0.25,2.E-02));
#4626 = VERTEX_POINT('',#4627);
#4627 = CARTESIAN_POINT('',(-0.5,-0.25,0.48));
#4628 = LINE('',#4629,#4630);
#4629 = CARTESIAN_POINT('',(-0.5,-0.25,0.));
#4630 = VECTOR('',#4631,1.);
#4631 = DIRECTION('',(0.,0.,1.));
#4632 = ORIENTED_EDGE('',*,*,#4633,.T.);
#4633 = EDGE_CURVE('',#4624,#4634,#4636,.T.);
#4634 = VERTEX_POINT('',#4635);
#4635 = CARTESIAN_POINT('',(-0.5,-0.23,0.));
#4636 = CIRCLE('',#4637,2.E-02);
#4637 = AXIS2_PLACEMENT_3D('',#4638,#4639,#4640);
#4638 = CARTESIAN_POINT('',(-0.5,-0.23,2.E-02));
#4639 = DIRECTION('',(1.,0.,-0.));
#4640 = DIRECTION('',(0.,0.,1.));
#4641 = ORIENTED_EDGE('',*,*,#4642,.T.);
#4642 = EDGE_CURVE('',#4634,#4643,#4645,.T.);
#4643 = VERTEX_POINT('',#4644);
#4644 = CARTESIAN_POINT('',(-0.5,0.23,0.));
#4645 = LINE('',#4646,#4647);
#4646 = CARTESIAN_POINT('',(-0.5,-0.25,0.));
#4647 = VECTOR('',#4648,1.);
#4648 = DIRECTION('',(0.,1.,0.));
#4649 = ORIENTED_EDGE('',*,*,#4650,.F.);
#4650 = EDGE_CURVE('',#4651,#4643,#4653,.T.);
#4651 = VERTEX_POINT('',#4652);
#4652 = CARTESIAN_POINT('',(-0.5,0.25,2.E-02));
#4653 = CIRCLE('',#4654,2.E-02);
#4654 = AXIS2_PLACEMENT_3D('',#4655,#4656,#4657);
#4655 = CARTESIAN_POINT('',(-0.5,0.23,2.E-02));
#4656 = DIRECTION('',(-1.,0.,0.));
#4657 = DIRECTION('',(0.,0.,1.));
#4658 = ORIENTED_EDGE('',*,*,#4659,.T.);
#4659 = EDGE_CURVE('',#4651,#4660,#4662,.T.);
#4660 = VERTEX_POINT('',#4661);
#4661 = CARTESIAN_POINT('',(-0.5,0.25,0.48));
#4662 = LINE('',#4663,#4664);
#4663 = CARTESIAN_POINT('',(-0.5,0.25,0.));
#4664 = VECTOR('',#4665,1.);
#4665 = DIRECTION('',(0.,0.,1.));
#4666 = ORIENTED_EDGE('',*,*,#4667,.T.);
#4667 = EDGE_CURVE('',#4660,#4668,#4670,.T.);
#4668 = VERTEX_POINT('',#4669);
#4669 = CARTESIAN_POINT('',(-0.5,0.23,0.5));
#4670 = CIRCLE('',#4671,2.E-02);
#4671 = AXIS2_PLACEMENT_3D('',#4672,#4673,#4674);
#4672 = CARTESIAN_POINT('',(-0.5,0.23,0.48));
#4673 = DIRECTION('',(1.,0.,-0.));
#4674 = DIRECTION('',(0.,0.,1.));
#4675 = ORIENTED_EDGE('',*,*,#4676,.F.);
#4676 = EDGE_CURVE('',#4677,#4668,#4679,.T.);
#4677 = VERTEX_POINT('',#4678);
#4678 = CARTESIAN_POINT('',(-0.5,-0.23,0.5));
#4679 = LINE('',#4680,#4681);
#4680 = CARTESIAN_POINT('',(-0.5,-0.25,0.5));
#4681 = VECTOR('',#4682,1.);
#4682 = DIRECTION('',(0.,1.,0.));
#4683 = ORIENTED_EDGE('',*,*,#4684,.F.);
#4684 = EDGE_CURVE('',#4626,#4677,#4685,.T.);
#4685 = CIRCLE('',#4686,2.E-02);
#4686 = AXIS2_PLACEMENT_3D('',#4687,#4688,#4689);
#4687 = CARTESIAN_POINT('',(-0.5,-0.23,0.48));
#4688 = DIRECTION('',(-1.,0.,0.));
#4689 = DIRECTION('',(0.,0.,1.));
#4690 = PLANE('',#4691);
#4691 = AXIS2_PLACEMENT_3D('',#4692,#4693,#4694);
#4692 = CARTESIAN_POINT('',(-0.5,-0.25,0.));
#4693 = DIRECTION('',(1.,0.,0.));
#4694 = DIRECTION('',(0.,0.,1.));
#4695 = ADVANCED_FACE('',(#4696),#4721,.F.);
#4696 = FACE_BOUND('',#4697,.F.);
#4697 = EDGE_LOOP('',(#4698,#4708,#4714,#4715));
#4698 = ORIENTED_EDGE('',*,*,#4699,.F.);
#4699 = EDGE_CURVE('',#4700,#4702,#4704,.T.);
#4700 = VERTEX_POINT('',#4701);
#4701 = CARTESIAN_POINT('',(-0.3,-0.25,2.E-02));
#4702 = VERTEX_POINT('',#4703);
#4703 = CARTESIAN_POINT('',(-0.3,-0.25,0.48));
#4704 = LINE('',#4705,#4706);
#4705 = CARTESIAN_POINT('',(-0.3,-0.25,0.));
#4706 = VECTOR('',#4707,1.);
#4707 = DIRECTION('',(0.,0.,1.));
#4708 = ORIENTED_EDGE('',*,*,#4709,.F.);
#4709 = EDGE_CURVE('',#4624,#4700,#4710,.T.);
#4710 = LINE('',#4711,#4712);
#4711 = CARTESIAN_POINT('',(-0.5,-0.25,2.E-02));
#4712 = VECTOR('',#4713,1.);
#4713 = DIRECTION('',(1.,0.,0.));
#4714 = ORIENTED_EDGE('',*,*,#4623,.T.);
#4715 = ORIENTED_EDGE('',*,*,#4716,.T.);
#4716 = EDGE_CURVE('',#4626,#4702,#4717,.T.);
#4717 = LINE('',#4718,#4719);
#4718 = CARTESIAN_POINT('',(-0.5,-0.25,0.48));
#4719 = VECTOR('',#4720,1.);
#4720 = DIRECTION('',(1.,0.,0.));
#4721 = PLANE('',#4722);
#4722 = AXIS2_PLACEMENT_3D('',#4723,#4724,#4725);
#4723 = CARTESIAN_POINT('',(-0.5,-0.25,0.));
#4724 = DIRECTION('',(0.,1.,0.));
#4725 = DIRECTION('',(0.,-0.,1.));
#4726 = ADVANCED_FACE('',(#4727),#4746,.T.);
#4727 = FACE_BOUND('',#4728,.T.);
#4728 = EDGE_LOOP('',(#4729,#4730,#4738,#4745));
#4729 = ORIENTED_EDGE('',*,*,#4633,.T.);
#4730 = ORIENTED_EDGE('',*,*,#4731,.T.);
#4731 = EDGE_CURVE('',#4634,#4732,#4734,.T.);
#4732 = VERTEX_POINT('',#4733);
#4733 = CARTESIAN_POINT('',(-0.3,-0.23,0.));
#4734 = LINE('',#4735,#4736);
#4735 = CARTESIAN_POINT('',(-0.5,-0.23,0.));
#4736 = VECTOR('',#4737,1.);
#4737 = DIRECTION('',(1.,0.,0.));
#4738 = ORIENTED_EDGE('',*,*,#4739,.F.);
#4739 = EDGE_CURVE('',#4700,#4732,#4740,.T.);
#4740 = CIRCLE('',#4741,2.E-02);
#4741 = AXIS2_PLACEMENT_3D('',#4742,#4743,#4744);
#4742 = CARTESIAN_POINT('',(-0.3,-0.23,2.E-02));
#4743 = DIRECTION('',(1.,0.,-0.));
#4744 = DIRECTION('',(0.,0.,1.));
#4745 = ORIENTED_EDGE('',*,*,#4709,.F.);
#4746 = CYLINDRICAL_SURFACE('',#4747,2.E-02);
#4747 = AXIS2_PLACEMENT_3D('',#4748,#4749,#4750);
#4748 = CARTESIAN_POINT('',(-0.5,-0.23,2.E-02));
#4749 = DIRECTION('',(1.,0.,0.));
#4750 = DIRECTION('',(0.,-1.,0.));
#4751 = ADVANCED_FACE('',(#4752),#4771,.T.);
#4752 = FACE_BOUND('',#4753,.T.);
#4753 = EDGE_LOOP('',(#4754,#4755,#4764,#4770));
#4754 = ORIENTED_EDGE('',*,*,#4716,.T.);
#4755 = ORIENTED_EDGE('',*,*,#4756,.T.);
#4756 = EDGE_CURVE('',#4702,#4757,#4759,.T.);
#4757 = VERTEX_POINT('',#4758);
#4758 = CARTESIAN_POINT('',(-0.3,-0.23,0.5));
#4759 = CIRCLE('',#4760,2.E-02);
#4760 = AXIS2_PLACEMENT_3D('',#4761,#4762,#4763);
#4761 = CARTESIAN_POINT('',(-0.3,-0.23,0.48));
#4762 = DIRECTION('',(-1.,0.,0.));
#4763 = DIRECTION('',(0.,0.,1.));
#4764 = ORIENTED_EDGE('',*,*,#4765,.F.);
#4765 = EDGE_CURVE('',#4677,#4757,#4766,.T.);
#4766 = LINE('',#4767,#4768);
#4767 = CARTESIAN_POINT('',(-0.5,-0.23,0.5));
#4768 = VECTOR('',#4769,1.);
#4769 = DIRECTION('',(1.,0.,0.));
#4770 = ORIENTED_EDGE('',*,*,#4684,.F.);
#4771 = CYLINDRICAL_SURFACE('',#4772,2.E-02);
#4772 = AXIS2_PLACEMENT_3D('',#4773,#4774,#4775);
#4773 = CARTESIAN_POINT('',(-0.5,-0.23,0.48));
#4774 = DIRECTION('',(1.,0.,0.));
#4775 = DIRECTION('',(0.,-1.,0.));
#4776 = ADVANCED_FACE('',(#4777),#4795,.F.);
#4777 = FACE_BOUND('',#4778,.F.);
#4778 = EDGE_LOOP('',(#4779,#4780,#4781,#4789));
#4779 = ORIENTED_EDGE('',*,*,#4642,.F.);
#4780 = ORIENTED_EDGE('',*,*,#4731,.T.);
#4781 = ORIENTED_EDGE('',*,*,#4782,.T.);
#4782 = EDGE_CURVE('',#4732,#4783,#4785,.T.);
#4783 = VERTEX_POINT('',#4784);
#4784 = CARTESIAN_POINT('',(-0.3,0.23,0.));
#4785 = LINE('',#4786,#4787);
#4786 = CARTESIAN_POINT('',(-0.3,-0.25,0.));
#4787 = VECTOR('',#4788,1.);
#4788 = DIRECTION('',(0.,1.,0.));
#4789 = ORIENTED_EDGE('',*,*,#4790,.F.);
#4790 = EDGE_CURVE('',#4643,#4783,#4791,.T.);
#4791 = LINE('',#4792,#4793);
#4792 = CARTESIAN_POINT('',(-0.5,0.23,0.));
#4793 = VECTOR('',#4794,1.);
#4794 = DIRECTION('',(1.,0.,0.));
#4795 = PLANE('',#4796);
#4796 = AXIS2_PLACEMENT_3D('',#4797,#4798,#4799);
#4797 = CARTESIAN_POINT('',(-0.5,-0.25,0.));
#4798 = DIRECTION('',(0.,0.,1.));
#4799 = DIRECTION('',(1.,0.,-0.));
#4800 = ADVANCED_FACE('',(#4801),#4819,.T.);
#4801 = FACE_BOUND('',#4802,.T.);
#4802 = EDGE_LOOP('',(#4803,#4804,#4805,#4813));
#4803 = ORIENTED_EDGE('',*,*,#4676,.F.);
#4804 = ORIENTED_EDGE('',*,*,#4765,.T.);
#4805 = ORIENTED_EDGE('',*,*,#4806,.T.);
#4806 = EDGE_CURVE('',#4757,#4807,#4809,.T.);
#4807 = VERTEX_POINT('',#4808);
#4808 = CARTESIAN_POINT('',(-0.3,0.23,0.5));
#4809 = LINE('',#4810,#4811);
#4810 = CARTESIAN_POINT('',(-0.3,-0.25,0.5));
#4811 = VECTOR('',#4812,1.);
#4812 = DIRECTION('',(0.,1.,0.));
#4813 = ORIENTED_EDGE('',*,*,#4814,.F.);
#4814 = EDGE_CURVE('',#4668,#4807,#4815,.T.);
#4815 = LINE('',#4816,#4817);
#4816 = CARTESIAN_POINT('',(-0.5,0.23,0.5));
#4817 = VECTOR('',#4818,1.);
#4818 = DIRECTION('',(1.,0.,0.));
#4819 = PLANE('',#4820);
#4820 = AXIS2_PLACEMENT_3D('',#4821,#4822,#4823);
#4821 = CARTESIAN_POINT('',(-0.5,-0.25,0.5));
#4822 = DIRECTION('',(0.,0.,1.));
#4823 = DIRECTION('',(1.,0.,-0.));
#4824 = ADVANCED_FACE('',(#4825),#4844,.T.);
#4825 = FACE_BOUND('',#4826,.T.);
#4826 = EDGE_LOOP('',(#4827,#4835,#4842,#4843));
#4827 = ORIENTED_EDGE('',*,*,#4828,.T.);
#4828 = EDGE_CURVE('',#4651,#4829,#4831,.T.);
#4829 = VERTEX_POINT('',#4830);
#4830 = CARTESIAN_POINT('',(-0.3,0.25,2.E-02));
#4831 = LINE('',#4832,#4833);
#4832 = CARTESIAN_POINT('',(-0.5,0.25,2.E-02));
#4833 = VECTOR('',#4834,1.);
#4834 = DIRECTION('',(1.,0.,0.));
#4835 = ORIENTED_EDGE('',*,*,#4836,.T.);
#4836 = EDGE_CURVE('',#4829,#4783,#4837,.T.);
#4837 = CIRCLE('',#4838,2.E-02);
#4838 = AXIS2_PLACEMENT_3D('',#4839,#4840,#4841);
#4839 = CARTESIAN_POINT('',(-0.3,0.23,2.E-02));
#4840 = DIRECTION('',(-1.,0.,0.));
#4841 = DIRECTION('',(0.,0.,1.));
#4842 = ORIENTED_EDGE('',*,*,#4790,.F.);
#4843 = ORIENTED_EDGE('',*,*,#4650,.F.);
#4844 = CYLINDRICAL_SURFACE('',#4845,2.E-02);
#4845 = AXIS2_PLACEMENT_3D('',#4846,#4847,#4848);
#4846 = CARTESIAN_POINT('',(-0.5,0.23,2.E-02));
#4847 = DIRECTION('',(1.,0.,0.));
#4848 = DIRECTION('',(-0.,1.,0.));
#4849 = ADVANCED_FACE('',(#4850),#4869,.T.);
#4850 = FACE_BOUND('',#4851,.T.);
#4851 = EDGE_LOOP('',(#4852,#4853,#4854,#4863));
#4852 = ORIENTED_EDGE('',*,*,#4667,.T.);
#4853 = ORIENTED_EDGE('',*,*,#4814,.T.);
#4854 = ORIENTED_EDGE('',*,*,#4855,.F.);
#4855 = EDGE_CURVE('',#4856,#4807,#4858,.T.);
#4856 = VERTEX_POINT('',#4857);
#4857 = CARTESIAN_POINT('',(-0.3,0.25,0.48));
#4858 = CIRCLE('',#4859,2.E-02);
#4859 = AXIS2_PLACEMENT_3D('',#4860,#4861,#4862);
#4860 = CARTESIAN_POINT('',(-0.3,0.23,0.48));
#4861 = DIRECTION('',(1.,0.,-0.));
#4862 = DIRECTION('',(0.,0.,1.));
#4863 = ORIENTED_EDGE('',*,*,#4864,.F.);
#4864 = EDGE_CURVE('',#4660,#4856,#4865,.T.);
#4865 = LINE('',#4866,#4867);
#4866 = CARTESIAN_POINT('',(-0.5,0.25,0.48));
#4867 = VECTOR('',#4868,1.);
#4868 = DIRECTION('',(1.,0.,0.));
#4869 = CYLINDRICAL_SURFACE('',#4870,2.E-02);
#4870 = AXIS2_PLACEMENT_3D('',#4871,#4872,#4873);
#4871 = CARTESIAN_POINT('',(-0.5,0.23,0.48));
#4872 = DIRECTION('',(1.,0.,0.));
#4873 = DIRECTION('',(-0.,1.,0.));
#4874 = ADVANCED_FACE('',(#4875),#4886,.T.);
#4875 = FACE_BOUND('',#4876,.T.);
#4876 = EDGE_LOOP('',(#4877,#4883,#4884,#4885));
#4877 = ORIENTED_EDGE('',*,*,#4878,.F.);
#4878 = EDGE_CURVE('',#4829,#4856,#4879,.T.);
#4879 = LINE('',#4880,#4881);
#4880 = CARTESIAN_POINT('',(-0.3,0.25,0.));
#4881 = VECTOR('',#4882,1.);
#4882 = DIRECTION('',(0.,0.,1.));
#4883 = ORIENTED_EDGE('',*,*,#4828,.F.);
#4884 = ORIENTED_EDGE('',*,*,#4659,.T.);
#4885 = ORIENTED_EDGE('',*,*,#4864,.T.);
#4886 = PLANE('',#4887);
#4887 = AXIS2_PLACEMENT_3D('',#4888,#4889,#4890);
#4888 = CARTESIAN_POINT('',(-0.5,0.25,0.));
#4889 = DIRECTION('',(0.,1.,0.));
#4890 = DIRECTION('',(0.,-0.,1.));
#4891 = ADVANCED_FACE('',(#4892,#4902),#4972,.T.);
#4892 = FACE_BOUND('',#4893,.T.);
#4893 = EDGE_LOOP('',(#4894,#4895,#4896,#4897,#4898,#4899,#4900,#4901));
#4894 = ORIENTED_EDGE('',*,*,#4699,.F.);
#4895 = ORIENTED_EDGE('',*,*,#4739,.T.);
#4896 = ORIENTED_EDGE('',*,*,#4782,.T.);
#4897 = ORIENTED_EDGE('',*,*,#4836,.F.);
#4898 = ORIENTED_EDGE('',*,*,#4878,.T.);
#4899 = ORIENTED_EDGE('',*,*,#4855,.T.);
#4900 = ORIENTED_EDGE('',*,*,#4806,.F.);
#4901 = ORIENTED_EDGE('',*,*,#4756,.F.);
#4902 = FACE_BOUND('',#4903,.T.);
#4903 = EDGE_LOOP('',(#4904,#4915,#4923,#4932,#4940,#4949,#4957,#4966));
#4904 = ORIENTED_EDGE('',*,*,#4905,.F.);
#4905 = EDGE_CURVE('',#4906,#4908,#4910,.T.);
#4906 = VERTEX_POINT('',#4907);
#4907 = CARTESIAN_POINT('',(-0.3,-0.23,4.E-02));
#4908 = VERTEX_POINT('',#4909);
#4909 = CARTESIAN_POINT('',(-0.3,-0.21,2.E-02));
#4910 = CIRCLE('',#4911,2.E-02);
#4911 = AXIS2_PLACEMENT_3D('',#4912,#4913,#4914);
#4912 = CARTESIAN_POINT('',(-0.3,-0.21,4.E-02));
#4913 = DIRECTION('',(1.,0.,-0.));
#4914 = DIRECTION('',(0.,0.,1.));
#4915 = ORIENTED_EDGE('',*,*,#4916,.T.);
#4916 = EDGE_CURVE('',#4906,#4917,#4919,.T.);
#4917 = VERTEX_POINT('',#4918);
#4918 = CARTESIAN_POINT('',(-0.3,-0.23,0.46));
#4919 = LINE('',#4920,#4921);
#4920 = CARTESIAN_POINT('',(-0.3,-0.23,2.E-02));
#4921 = VECTOR('',#4922,1.);
#4922 = DIRECTION('',(0.,0.,1.));
#4923 = ORIENTED_EDGE('',*,*,#4924,.T.);
#4924 = EDGE_CURVE('',#4917,#4925,#4927,.T.);
#4925 = VERTEX_POINT('',#4926);
#4926 = CARTESIAN_POINT('',(-0.3,-0.21,0.48));
#4927 = CIRCLE('',#4928,2.E-02);
#4928 = AXIS2_PLACEMENT_3D('',#4929,#4930,#4931);
#4929 = CARTESIAN_POINT('',(-0.3,-0.21,0.46));
#4930 = DIRECTION('',(-1.,0.,0.));
#4931 = DIRECTION('',(0.,0.,1.));
#4932 = ORIENTED_EDGE('',*,*,#4933,.T.);
#4933 = EDGE_CURVE('',#4925,#4934,#4936,.T.);
#4934 = VERTEX_POINT('',#4935);
#4935 = CARTESIAN_POINT('',(-0.3,0.21,0.48));
#4936 = LINE('',#4937,#4938);
#4937 = CARTESIAN_POINT('',(-0.3,-0.23,0.48));
#4938 = VECTOR('',#4939,1.);
#4939 = DIRECTION('',(0.,1.,0.));
#4940 = ORIENTED_EDGE('',*,*,#4941,.F.);
#4941 = EDGE_CURVE('',#4942,#4934,#4944,.T.);
#4942 = VERTEX_POINT('',#4943);
#4943 = CARTESIAN_POINT('',(-0.3,0.23,0.46));
#4944 = CIRCLE('',#4945,2.E-02);
#4945 = AXIS2_PLACEMENT_3D('',#4946,#4947,#4948);
#4946 = CARTESIAN_POINT('',(-0.3,0.21,0.46));
#4947 = DIRECTION('',(1.,0.,-0.));
#4948 = DIRECTION('',(0.,0.,1.));
#4949 = ORIENTED_EDGE('',*,*,#4950,.F.);
#4950 = EDGE_CURVE('',#4951,#4942,#4953,.T.);
#4951 = VERTEX_POINT('',#4952);
#4952 = CARTESIAN_POINT('',(-0.3,0.23,4.E-02));
#4953 = LINE('',#4954,#4955);
#4954 = CARTESIAN_POINT('',(-0.3,0.23,2.E-02));
#4955 = VECTOR('',#4956,1.);
#4956 = DIRECTION('',(0.,0.,1.));
#4957 = ORIENTED_EDGE('',*,*,#4958,.T.);
#4958 = EDGE_CURVE('',#4951,#4959,#4961,.T.);
#4959 = VERTEX_POINT('',#4960);
#4960 = CARTESIAN_POINT('',(-0.3,0.21,2.E-02));
#4961 = CIRCLE('',#4962,2.E-02);
#4962 = AXIS2_PLACEMENT_3D('',#4963,#4964,#4965);
#4963 = CARTESIAN_POINT('',(-0.3,0.21,4.E-02));
#4964 = DIRECTION('',(-1.,0.,0.));
#4965 = DIRECTION('',(0.,0.,1.));
#4966 = ORIENTED_EDGE('',*,*,#4967,.F.);
#4967 = EDGE_CURVE('',#4908,#4959,#4968,.T.);
#4968 = LINE('',#4969,#4970);
#4969 = CARTESIAN_POINT('',(-0.3,-0.23,2.E-02));
#4970 = VECTOR('',#4971,1.);
#4971 = DIRECTION('',(0.,1.,0.));
#4972 = PLANE('',#4973);
#4973 = AXIS2_PLACEMENT_3D('',#4974,#4975,#4976);
#4974 = CARTESIAN_POINT('',(-0.3,-0.25,0.));
#4975 = DIRECTION('',(1.,0.,0.));
#4976 = DIRECTION('',(0.,0.,1.));
#4977 = ADVANCED_FACE('',(#4978),#5004,.T.);
#4978 = FACE_BOUND('',#4979,.T.);
#4979 = EDGE_LOOP('',(#4980,#4981,#4989,#4998));
#4980 = ORIENTED_EDGE('',*,*,#4905,.T.);
#4981 = ORIENTED_EDGE('',*,*,#4982,.T.);
#4982 = EDGE_CURVE('',#4908,#4983,#4985,.T.);
#4983 = VERTEX_POINT('',#4984);
#4984 = CARTESIAN_POINT('',(0.3,-0.21,2.E-02));
#4985 = LINE('',#4986,#4987);
#4986 = CARTESIAN_POINT('',(-0.3,-0.21,2.E-02));
#4987 = VECTOR('',#4988,1.);
#4988 = DIRECTION('',(1.,0.,0.));
#4989 = ORIENTED_EDGE('',*,*,#4990,.F.);
#4990 = EDGE_CURVE('',#4991,#4983,#4993,.T.);
#4991 = VERTEX_POINT('',#4992);
#4992 = CARTESIAN_POINT('',(0.3,-0.23,4.E-02));
#4993 = CIRCLE('',#4994,2.E-02);
#4994 = AXIS2_PLACEMENT_3D('',#4995,#4996,#4997);
#4995 = CARTESIAN_POINT('',(0.3,-0.21,4.E-02));
#4996 = DIRECTION('',(1.,0.,-0.));
#4997 = DIRECTION('',(0.,0.,1.));
#4998 = ORIENTED_EDGE('',*,*,#4999,.F.);
#4999 = EDGE_CURVE('',#4906,#4991,#5000,.T.);
#5000 = LINE('',#5001,#5002);
#5001 = CARTESIAN_POINT('',(-0.3,-0.23,4.E-02));
#5002 = VECTOR('',#5003,1.);
#5003 = DIRECTION('',(1.,0.,0.));
#5004 = CYLINDRICAL_SURFACE('',#5005,2.E-02);
#5005 = AXIS2_PLACEMENT_3D('',#5006,#5007,#5008);
#5006 = CARTESIAN_POINT('',(-0.3,-0.21,4.E-02));
#5007 = DIRECTION('',(1.,0.,0.));
#5008 = DIRECTION('',(0.,-1.,0.));
#5009 = ADVANCED_FACE('',(#5010),#5028,.F.);
#5010 = FACE_BOUND('',#5011,.F.);
#5011 = EDGE_LOOP('',(#5012,#5013,#5014,#5022));
#5012 = ORIENTED_EDGE('',*,*,#4967,.F.);
#5013 = ORIENTED_EDGE('',*,*,#4982,.T.);
#5014 = ORIENTED_EDGE('',*,*,#5015,.T.);
#5015 = EDGE_CURVE('',#4983,#5016,#5018,.T.);
#5016 = VERTEX_POINT('',#5017);
#5017 = CARTESIAN_POINT('',(0.3,0.21,2.E-02));
#5018 = LINE('',#5019,#5020);
#5019 = CARTESIAN_POINT('',(0.3,-0.23,2.E-02));
#5020 = VECTOR('',#5021,1.);
#5021 = DIRECTION('',(0.,1.,0.));
#5022 = ORIENTED_EDGE('',*,*,#5023,.F.);
#5023 = EDGE_CURVE('',#4959,#5016,#5024,.T.);
#5024 = LINE('',#5025,#5026);
#5025 = CARTESIAN_POINT('',(-0.3,0.21,2.E-02));
#5026 = VECTOR('',#5027,1.);
#5027 = DIRECTION('',(1.,0.,0.));
#5028 = PLANE('',#5029);
#5029 = AXIS2_PLACEMENT_3D('',#5030,#5031,#5032);
#5030 = CARTESIAN_POINT('',(-0.3,-0.23,2.E-02));
#5031 = DIRECTION('',(0.,0.,1.));
#5032 = DIRECTION('',(1.,0.,-0.));
#5033 = ADVANCED_FACE('',(#5034),#5053,.T.);
#5034 = FACE_BOUND('',#5035,.T.);
#5035 = EDGE_LOOP('',(#5036,#5044,#5051,#5052));
#5036 = ORIENTED_EDGE('',*,*,#5037,.T.);
#5037 = EDGE_CURVE('',#4951,#5038,#5040,.T.);
#5038 = VERTEX_POINT('',#5039);
#5039 = CARTESIAN_POINT('',(0.3,0.23,4.E-02));
#5040 = LINE('',#5041,#5042);
#5041 = CARTESIAN_POINT('',(-0.3,0.23,4.E-02));
#5042 = VECTOR('',#5043,1.);
#5043 = DIRECTION('',(1.,0.,0.));
#5044 = ORIENTED_EDGE('',*,*,#5045,.T.);
#5045 = EDGE_CURVE('',#5038,#5016,#5046,.T.);
#5046 = CIRCLE('',#5047,2.E-02);
#5047 = AXIS2_PLACEMENT_3D('',#5048,#5049,#5050);
#5048 = CARTESIAN_POINT('',(0.3,0.21,4.E-02));
#5049 = DIRECTION('',(-1.,0.,0.));
#5050 = DIRECTION('',(0.,0.,1.));
#5051 = ORIENTED_EDGE('',*,*,#5023,.F.);
#5052 = ORIENTED_EDGE('',*,*,#4958,.F.);
#5053 = CYLINDRICAL_SURFACE('',#5054,2.E-02);
#5054 = AXIS2_PLACEMENT_3D('',#5055,#5056,#5057);
#5055 = CARTESIAN_POINT('',(-0.3,0.21,4.E-02));
#5056 = DIRECTION('',(1.,0.,0.));
#5057 = DIRECTION('',(-0.,1.,0.));
#5058 = ADVANCED_FACE('',(#5059),#5077,.T.);
#5059 = FACE_BOUND('',#5060,.T.);
#5060 = EDGE_LOOP('',(#5061,#5069,#5070,#5071));
#5061 = ORIENTED_EDGE('',*,*,#5062,.F.);
#5062 = EDGE_CURVE('',#5038,#5063,#5065,.T.);
#5063 = VERTEX_POINT('',#5064);
#5064 = CARTESIAN_POINT('',(0.3,0.23,0.46));
#5065 = LINE('',#5066,#5067);
#5066 = CARTESIAN_POINT('',(0.3,0.23,2.E-02));
#5067 = VECTOR('',#5068,1.);
#5068 = DIRECTION('',(0.,0.,1.));
#5069 = ORIENTED_EDGE('',*,*,#5037,.F.);
#5070 = ORIENTED_EDGE('',*,*,#4950,.T.);
#5071 = ORIENTED_EDGE('',*,*,#5072,.T.);
#5072 = EDGE_CURVE('',#4942,#5063,#5073,.T.);
#5073 = LINE('',#5074,#5075);
#5074 = CARTESIAN_POINT('',(-0.3,0.23,0.46));
#5075 = VECTOR('',#5076,1.);
#5076 = DIRECTION('',(1.,0.,0.));
#5077 = PLANE('',#5078);
#5078 = AXIS2_PLACEMENT_3D('',#5079,#5080,#5081);
#5079 = CARTESIAN_POINT('',(-0.3,0.23,2.E-02));
#5080 = DIRECTION('',(0.,1.,0.));
#5081 = DIRECTION('',(0.,-0.,1.));
#5082 = ADVANCED_FACE('',(#5083),#5102,.T.);
#5083 = FACE_BOUND('',#5084,.T.);
#5084 = EDGE_LOOP('',(#5085,#5086,#5094,#5101));
#5085 = ORIENTED_EDGE('',*,*,#4941,.T.);
#5086 = ORIENTED_EDGE('',*,*,#5087,.T.);
#5087 = EDGE_CURVE('',#4934,#5088,#5090,.T.);
#5088 = VERTEX_POINT('',#5089);
#5089 = CARTESIAN_POINT('',(0.3,0.21,0.48));
#5090 = LINE('',#5091,#5092);
#5091 = CARTESIAN_POINT('',(-0.3,0.21,0.48));
#5092 = VECTOR('',#5093,1.);
#5093 = DIRECTION('',(1.,0.,0.));
#5094 = ORIENTED_EDGE('',*,*,#5095,.F.);
#5095 = EDGE_CURVE('',#5063,#5088,#5096,.T.);
#5096 = CIRCLE('',#5097,2.E-02);
#5097 = AXIS2_PLACEMENT_3D('',#5098,#5099,#5100);
#5098 = CARTESIAN_POINT('',(0.3,0.21,0.46));
#5099 = DIRECTION('',(1.,0.,-0.));
#5100 = DIRECTION('',(0.,0.,1.));
#5101 = ORIENTED_EDGE('',*,*,#5072,.F.);
#5102 = CYLINDRICAL_SURFACE('',#5103,2.E-02);
#5103 = AXIS2_PLACEMENT_3D('',#5104,#5105,#5106);
#5104 = CARTESIAN_POINT('',(-0.3,0.21,0.46));
#5105 = DIRECTION('',(1.,0.,0.));
#5106 = DIRECTION('',(-0.,1.,0.));
#5107 = ADVANCED_FACE('',(#5108),#5126,.T.);
#5108 = FACE_BOUND('',#5109,.T.);
#5109 = EDGE_LOOP('',(#5110,#5111,#5119,#5125));
#5110 = ORIENTED_EDGE('',*,*,#4933,.F.);
#5111 = ORIENTED_EDGE('',*,*,#5112,.T.);
#5112 = EDGE_CURVE('',#4925,#5113,#5115,.T.);
#5113 = VERTEX_POINT('',#5114);
#5114 = CARTESIAN_POINT('',(0.3,-0.21,0.48));
#5115 = LINE('',#5116,#5117);
#5116 = CARTESIAN_POINT('',(-0.3,-0.21,0.48));
#5117 = VECTOR('',#5118,1.);
#5118 = DIRECTION('',(1.,0.,0.));
#5119 = ORIENTED_EDGE('',*,*,#5120,.T.);
#5120 = EDGE_CURVE('',#5113,#5088,#5121,.T.);
#5121 = LINE('',#5122,#5123);
#5122 = CARTESIAN_POINT('',(0.3,-0.23,0.48));
#5123 = VECTOR('',#5124,1.);
#5124 = DIRECTION('',(0.,1.,0.));
#5125 = ORIENTED_EDGE('',*,*,#5087,.F.);
#5126 = PLANE('',#5127);
#5127 = AXIS2_PLACEMENT_3D('',#5128,#5129,#5130);
#5128 = CARTESIAN_POINT('',(-0.3,-0.23,0.48));
#5129 = DIRECTION('',(0.,0.,1.));
#5130 = DIRECTION('',(1.,0.,-0.));
#5131 = ADVANCED_FACE('',(#5132),#5151,.T.);
#5132 = FACE_BOUND('',#5133,.T.);
#5133 = EDGE_LOOP('',(#5134,#5142,#5149,#5150));
#5134 = ORIENTED_EDGE('',*,*,#5135,.T.);
#5135 = EDGE_CURVE('',#4917,#5136,#5138,.T.);
#5136 = VERTEX_POINT('',#5137);
#5137 = CARTESIAN_POINT('',(0.3,-0.23,0.46));
#5138 = LINE('',#5139,#5140);
#5139 = CARTESIAN_POINT('',(-0.3,-0.23,0.46));
#5140 = VECTOR('',#5141,1.);
#5141 = DIRECTION('',(1.,0.,0.));
#5142 = ORIENTED_EDGE('',*,*,#5143,.T.);
#5143 = EDGE_CURVE('',#5136,#5113,#5144,.T.);
#5144 = CIRCLE('',#5145,2.E-02);
#5145 = AXIS2_PLACEMENT_3D('',#5146,#5147,#5148);
#5146 = CARTESIAN_POINT('',(0.3,-0.21,0.46));
#5147 = DIRECTION('',(-1.,0.,0.));
#5148 = DIRECTION('',(0.,0.,1.));
#5149 = ORIENTED_EDGE('',*,*,#5112,.F.);
#5150 = ORIENTED_EDGE('',*,*,#4924,.F.);
#5151 = CYLINDRICAL_SURFACE('',#5152,2.E-02);
#5152 = AXIS2_PLACEMENT_3D('',#5153,#5154,#5155);
#5153 = CARTESIAN_POINT('',(-0.3,-0.21,0.46));
#5154 = DIRECTION('',(1.,0.,0.));
#5155 = DIRECTION('',(0.,-1.,0.));
#5156 = ADVANCED_FACE('',(#5157),#5168,.F.);
#5157 = FACE_BOUND('',#5158,.F.);
#5158 = EDGE_LOOP('',(#5159,#5165,#5166,#5167));
#5159 = ORIENTED_EDGE('',*,*,#5160,.F.);
#5160 = EDGE_CURVE('',#4991,#5136,#5161,.T.);
#5161 = LINE('',#5162,#5163);
#5162 = CARTESIAN_POINT('',(0.3,-0.23,2.E-02));
#5163 = VECTOR('',#5164,1.);
#5164 = DIRECTION('',(0.,0.,1.));
#5165 = ORIENTED_EDGE('',*,*,#4999,.F.);
#5166 = ORIENTED_EDGE('',*,*,#4916,.T.);
#5167 = ORIENTED_EDGE('',*,*,#5135,.T.);
#5168 = PLANE('',#5169);
#5169 = AXIS2_PLACEMENT_3D('',#5170,#5171,#5172);
#5170 = CARTESIAN_POINT('',(-0.3,-0.23,2.E-02));
#5171 = DIRECTION('',(0.,1.,0.));
#5172 = DIRECTION('',(0.,-0.,1.));
#5173 = ADVANCED_FACE('',(#5174,#5244),#5254,.F.);
#5174 = FACE_BOUND('',#5175,.F.);
#5175 = EDGE_LOOP('',(#5176,#5186,#5195,#5203,#5212,#5220,#5229,#5237));
#5176 = ORIENTED_EDGE('',*,*,#5177,.F.);
#5177 = EDGE_CURVE('',#5178,#5180,#5182,.T.);
#5178 = VERTEX_POINT('',#5179);
#5179 = CARTESIAN_POINT('',(0.3,-0.25,2.E-02));
#5180 = VERTEX_POINT('',#5181);
#5181 = CARTESIAN_POINT('',(0.3,-0.25,0.48));
#5182 = LINE('',#5183,#5184);
#5183 = CARTESIAN_POINT('',(0.3,-0.25,0.));
#5184 = VECTOR('',#5185,1.);
#5185 = DIRECTION('',(0.,0.,1.));
#5186 = ORIENTED_EDGE('',*,*,#5187,.T.);
#5187 = EDGE_CURVE('',#5178,#5188,#5190,.T.);
#5188 = VERTEX_POINT('',#5189);
#5189 = CARTESIAN_POINT('',(0.3,-0.23,0.));
#5190 = CIRCLE('',#5191,2.E-02);
#5191 = AXIS2_PLACEMENT_3D('',#5192,#5193,#5194);
#5192 = CARTESIAN_POINT('',(0.3,-0.23,2.E-02));
#5193 = DIRECTION('',(1.,0.,-0.));
#5194 = DIRECTION('',(0.,0.,1.));
#5195 = ORIENTED_EDGE('',*,*,#5196,.T.);
#5196 = EDGE_CURVE('',#5188,#5197,#5199,.T.);
#5197 = VERTEX_POINT('',#5198);
#5198 = CARTESIAN_POINT('',(0.3,0.23,0.));
#5199 = LINE('',#5200,#5201);
#5200 = CARTESIAN_POINT('',(0.3,-0.25,0.));
#5201 = VECTOR('',#5202,1.);
#5202 = DIRECTION('',(0.,1.,0.));
#5203 = ORIENTED_EDGE('',*,*,#5204,.F.);
#5204 = EDGE_CURVE('',#5205,#5197,#5207,.T.);
#5205 = VERTEX_POINT('',#5206);
#5206 = CARTESIAN_POINT('',(0.3,0.25,2.E-02));
#5207 = CIRCLE('',#5208,2.E-02);
#5208 = AXIS2_PLACEMENT_3D('',#5209,#5210,#5211);
#5209 = CARTESIAN_POINT('',(0.3,0.23,2.E-02));
#5210 = DIRECTION('',(-1.,0.,0.));
#5211 = DIRECTION('',(0.,0.,1.));
#5212 = ORIENTED_EDGE('',*,*,#5213,.T.);
#5213 = EDGE_CURVE('',#5205,#5214,#5216,.T.);
#5214 = VERTEX_POINT('',#5215);
#5215 = CARTESIAN_POINT('',(0.3,0.25,0.48));
#5216 = LINE('',#5217,#5218);
#5217 = CARTESIAN_POINT('',(0.3,0.25,0.));
#5218 = VECTOR('',#5219,1.);
#5219 = DIRECTION('',(0.,0.,1.));
#5220 = ORIENTED_EDGE('',*,*,#5221,.T.);
#5221 = EDGE_CURVE('',#5214,#5222,#5224,.T.);
#5222 = VERTEX_POINT('',#5223);
#5223 = CARTESIAN_POINT('',(0.3,0.23,0.5));
#5224 = CIRCLE('',#5225,2.E-02);
#5225 = AXIS2_PLACEMENT_3D('',#5226,#5227,#5228);
#5226 = CARTESIAN_POINT('',(0.3,0.23,0.48));
#5227 = DIRECTION('',(1.,0.,-0.));
#5228 = DIRECTION('',(0.,0.,1.));
#5229 = ORIENTED_EDGE('',*,*,#5230,.F.);
#5230 = EDGE_CURVE('',#5231,#5222,#5233,.T.);
#5231 = VERTEX_POINT('',#5232);
#5232 = CARTESIAN_POINT('',(0.3,-0.23,0.5));
#5233 = LINE('',#5234,#5235);
#5234 = CARTESIAN_POINT('',(0.3,-0.25,0.5));
#5235 = VECTOR('',#5236,1.);
#5236 = DIRECTION('',(0.,1.,0.));
#5237 = ORIENTED_EDGE('',*,*,#5238,.F.);
#5238 = EDGE_CURVE('',#5180,#5231,#5239,.T.);
#5239 = CIRCLE('',#5240,2.E-02);
#5240 = AXIS2_PLACEMENT_3D('',#5241,#5242,#5243);
#5241 = CARTESIAN_POINT('',(0.3,-0.23,0.48));
#5242 = DIRECTION('',(-1.,0.,0.));
#5243 = DIRECTION('',(0.,0.,1.));
#5244 = FACE_BOUND('',#5245,.F.);
#5245 = EDGE_LOOP('',(#5246,#5247,#5248,#5249,#5250,#5251,#5252,#5253));
#5246 = ORIENTED_EDGE('',*,*,#4990,.F.);
#5247 = ORIENTED_EDGE('',*,*,#5160,.T.);
#5248 = ORIENTED_EDGE('',*,*,#5143,.T.);
#5249 = ORIENTED_EDGE('',*,*,#5120,.T.);
#5250 = ORIENTED_EDGE('',*,*,#5095,.F.);
#5251 = ORIENTED_EDGE('',*,*,#5062,.F.);
#5252 = ORIENTED_EDGE('',*,*,#5045,.T.);
#5253 = ORIENTED_EDGE('',*,*,#5015,.F.);
#5254 = PLANE('',#5255);
#5255 = AXIS2_PLACEMENT_3D('',#5256,#5257,#5258);
#5256 = CARTESIAN_POINT('',(0.3,-0.25,0.));
#5257 = DIRECTION('',(1.,0.,0.));
#5258 = DIRECTION('',(0.,0.,1.));
#5259 = ADVANCED_FACE('',(#5260),#5285,.F.);
#5260 = FACE_BOUND('',#5261,.F.);
#5261 = EDGE_LOOP('',(#5262,#5272,#5278,#5279));
#5262 = ORIENTED_EDGE('',*,*,#5263,.F.);
#5263 = EDGE_CURVE('',#5264,#5266,#5268,.T.);
#5264 = VERTEX_POINT('',#5265);
#5265 = CARTESIAN_POINT('',(0.5,-0.25,2.E-02));
#5266 = VERTEX_POINT('',#5267);
#5267 = CARTESIAN_POINT('',(0.5,-0.25,0.48));
#5268 = LINE('',#5269,#5270);
#5269 = CARTESIAN_POINT('',(0.5,-0.25,0.));
#5270 = VECTOR('',#5271,1.);
#5271 = DIRECTION('',(0.,0.,1.));
#5272 = ORIENTED_EDGE('',*,*,#5273,.F.);
#5273 = EDGE_CURVE('',#5178,#5264,#5274,.T.);
#5274 = LINE('',#5275,#5276);
#5275 = CARTESIAN_POINT('',(0.3,-0.25,2.E-02));
#5276 = VECTOR('',#5277,1.);
#5277 = DIRECTION('',(1.,0.,0.));
#5278 = ORIENTED_EDGE('',*,*,#5177,.T.);
#5279 = ORIENTED_EDGE('',*,*,#5280,.T.);
#5280 = EDGE_CURVE('',#5180,#5266,#5281,.T.);
#5281 = LINE('',#5282,#5283);
#5282 = CARTESIAN_POINT('',(0.3,-0.25,0.48));
#5283 = VECTOR('',#5284,1.);
#5284 = DIRECTION('',(1.,0.,0.));
#5285 = PLANE('',#5286);
#5286 = AXIS2_PLACEMENT_3D('',#5287,#5288,#5289);
#5287 = CARTESIAN_POINT('',(0.3,-0.25,0.));
#5288 = DIRECTION('',(0.,1.,0.));
#5289 = DIRECTION('',(0.,-0.,1.));
#5290 = ADVANCED_FACE('',(#5291),#5310,.T.);
#5291 = FACE_BOUND('',#5292,.T.);
#5292 = EDGE_LOOP('',(#5293,#5294,#5302,#5309));
#5293 = ORIENTED_EDGE('',*,*,#5187,.T.);
#5294 = ORIENTED_EDGE('',*,*,#5295,.T.);
#5295 = EDGE_CURVE('',#5188,#5296,#5298,.T.);
#5296 = VERTEX_POINT('',#5297);
#5297 = CARTESIAN_POINT('',(0.5,-0.23,0.));
#5298 = LINE('',#5299,#5300);
#5299 = CARTESIAN_POINT('',(0.3,-0.23,0.));
#5300 = VECTOR('',#5301,1.);
#5301 = DIRECTION('',(1.,0.,0.));
#5302 = ORIENTED_EDGE('',*,*,#5303,.F.);
#5303 = EDGE_CURVE('',#5264,#5296,#5304,.T.);
#5304 = CIRCLE('',#5305,2.E-02);
#5305 = AXIS2_PLACEMENT_3D('',#5306,#5307,#5308);
#5306 = CARTESIAN_POINT('',(0.5,-0.23,2.E-02));
#5307 = DIRECTION('',(1.,0.,-0.));
#5308 = DIRECTION('',(0.,0.,1.));
#5309 = ORIENTED_EDGE('',*,*,#5273,.F.);
#5310 = CYLINDRICAL_SURFACE('',#5311,2.E-02);
#5311 = AXIS2_PLACEMENT_3D('',#5312,#5313,#5314);
#5312 = CARTESIAN_POINT('',(0.3,-0.23,2.E-02));
#5313 = DIRECTION('',(1.,0.,0.));
#5314 = DIRECTION('',(0.,-1.,0.));
#5315 = ADVANCED_FACE('',(#5316),#5335,.T.);
#5316 = FACE_BOUND('',#5317,.T.);
#5317 = EDGE_LOOP('',(#5318,#5319,#5328,#5334));
#5318 = ORIENTED_EDGE('',*,*,#5280,.T.);
#5319 = ORIENTED_EDGE('',*,*,#5320,.T.);
#5320 = EDGE_CURVE('',#5266,#5321,#5323,.T.);
#5321 = VERTEX_POINT('',#5322);
#5322 = CARTESIAN_POINT('',(0.5,-0.23,0.5));
#5323 = CIRCLE('',#5324,2.E-02);
#5324 = AXIS2_PLACEMENT_3D('',#5325,#5326,#5327);
#5325 = CARTESIAN_POINT('',(0.5,-0.23,0.48));
#5326 = DIRECTION('',(-1.,0.,0.));
#5327 = DIRECTION('',(0.,0.,1.));
#5328 = ORIENTED_EDGE('',*,*,#5329,.F.);
#5329 = EDGE_CURVE('',#5231,#5321,#5330,.T.);
#5330 = LINE('',#5331,#5332);
#5331 = CARTESIAN_POINT('',(0.3,-0.23,0.5));
#5332 = VECTOR('',#5333,1.);
#5333 = DIRECTION('',(1.,0.,0.));
#5334 = ORIENTED_EDGE('',*,*,#5238,.F.);
#5335 = CYLINDRICAL_SURFACE('',#5336,2.E-02);
#5336 = AXIS2_PLACEMENT_3D('',#5337,#5338,#5339);
#5337 = CARTESIAN_POINT('',(0.3,-0.23,0.48));
#5338 = DIRECTION('',(1.,0.,0.));
#5339 = DIRECTION('',(0.,-1.,0.));
#5340 = ADVANCED_FACE('',(#5341),#5359,.F.);
#5341 = FACE_BOUND('',#5342,.F.);
#5342 = EDGE_LOOP('',(#5343,#5344,#5345,#5353));
#5343 = ORIENTED_EDGE('',*,*,#5196,.F.);
#5344 = ORIENTED_EDGE('',*,*,#5295,.T.);
#5345 = ORIENTED_EDGE('',*,*,#5346,.T.);
#5346 = EDGE_CURVE('',#5296,#5347,#5349,.T.);
#5347 = VERTEX_POINT('',#5348);
#5348 = CARTESIAN_POINT('',(0.5,0.23,0.));
#5349 = LINE('',#5350,#5351);
#5350 = CARTESIAN_POINT('',(0.5,-0.25,0.));
#5351 = VECTOR('',#5352,1.);
#5352 = DIRECTION('',(0.,1.,0.));
#5353 = ORIENTED_EDGE('',*,*,#5354,.F.);
#5354 = EDGE_CURVE('',#5197,#5347,#5355,.T.);
#5355 = LINE('',#5356,#5357);
#5356 = CARTESIAN_POINT('',(0.3,0.23,0.));
#5357 = VECTOR('',#5358,1.);
#5358 = DIRECTION('',(1.,0.,0.));
#5359 = PLANE('',#5360);
#5360 = AXIS2_PLACEMENT_3D('',#5361,#5362,#5363);
#5361 = CARTESIAN_POINT('',(0.3,-0.25,0.));
#5362 = DIRECTION('',(0.,0.,1.));
#5363 = DIRECTION('',(1.,0.,-0.));
#5364 = ADVANCED_FACE('',(#5365),#5383,.T.);
#5365 = FACE_BOUND('',#5366,.T.);
#5366 = EDGE_LOOP('',(#5367,#5368,#5369,#5377));
#5367 = ORIENTED_EDGE('',*,*,#5230,.F.);
#5368 = ORIENTED_EDGE('',*,*,#5329,.T.);
#5369 = ORIENTED_EDGE('',*,*,#5370,.T.);
#5370 = EDGE_CURVE('',#5321,#5371,#5373,.T.);
#5371 = VERTEX_POINT('',#5372);
#5372 = CARTESIAN_POINT('',(0.5,0.23,0.5));
#5373 = LINE('',#5374,#5375);
#5374 = CARTESIAN_POINT('',(0.5,-0.25,0.5));
#5375 = VECTOR('',#5376,1.);
#5376 = DIRECTION('',(0.,1.,0.));
#5377 = ORIENTED_EDGE('',*,*,#5378,.F.);
#5378 = EDGE_CURVE('',#5222,#5371,#5379,.T.);
#5379 = LINE('',#5380,#5381);
#5380 = CARTESIAN_POINT('',(0.3,0.23,0.5));
#5381 = VECTOR('',#5382,1.);
#5382 = DIRECTION('',(1.,0.,0.));
#5383 = PLANE('',#5384);
#5384 = AXIS2_PLACEMENT_3D('',#5385,#5386,#5387);
#5385 = CARTESIAN_POINT('',(0.3,-0.25,0.5));
#5386 = DIRECTION('',(0.,0.,1.));
#5387 = DIRECTION('',(1.,0.,-0.));
#5388 = ADVANCED_FACE('',(#5389),#5408,.T.);
#5389 = FACE_BOUND('',#5390,.T.);
#5390 = EDGE_LOOP('',(#5391,#5399,#5406,#5407));
#5391 = ORIENTED_EDGE('',*,*,#5392,.T.);
#5392 = EDGE_CURVE('',#5205,#5393,#5395,.T.);
#5393 = VERTEX_POINT('',#5394);
#5394 = CARTESIAN_POINT('',(0.5,0.25,2.E-02));
#5395 = LINE('',#5396,#5397);
#5396 = CARTESIAN_POINT('',(0.3,0.25,2.E-02));
#5397 = VECTOR('',#5398,1.);
#5398 = DIRECTION('',(1.,0.,0.));
#5399 = ORIENTED_EDGE('',*,*,#5400,.T.);
#5400 = EDGE_CURVE('',#5393,#5347,#5401,.T.);
#5401 = CIRCLE('',#5402,2.E-02);
#5402 = AXIS2_PLACEMENT_3D('',#5403,#5404,#5405);
#5403 = CARTESIAN_POINT('',(0.5,0.23,2.E-02));
#5404 = DIRECTION('',(-1.,0.,0.));
#5405 = DIRECTION('',(0.,0.,1.));
#5406 = ORIENTED_EDGE('',*,*,#5354,.F.);
#5407 = ORIENTED_EDGE('',*,*,#5204,.F.);
#5408 = CYLINDRICAL_SURFACE('',#5409,2.E-02);
#5409 = AXIS2_PLACEMENT_3D('',#5410,#5411,#5412);
#5410 = CARTESIAN_POINT('',(0.3,0.23,2.E-02));
#5411 = DIRECTION('',(1.,0.,0.));
#5412 = DIRECTION('',(-0.,1.,0.));
#5413 = ADVANCED_FACE('',(#5414),#5433,.T.);
#5414 = FACE_BOUND('',#5415,.T.);
#5415 = EDGE_LOOP('',(#5416,#5417,#5418,#5427));
#5416 = ORIENTED_EDGE('',*,*,#5221,.T.);
#5417 = ORIENTED_EDGE('',*,*,#5378,.T.);
#5418 = ORIENTED_EDGE('',*,*,#5419,.F.);
#5419 = EDGE_CURVE('',#5420,#5371,#5422,.T.);
#5420 = VERTEX_POINT('',#5421);
#5421 = CARTESIAN_POINT('',(0.5,0.25,0.48));
#5422 = CIRCLE('',#5423,2.E-02);
#5423 = AXIS2_PLACEMENT_3D('',#5424,#5425,#5426);
#5424 = CARTESIAN_POINT('',(0.5,0.23,0.48));
#5425 = DIRECTION('',(1.,0.,-0.));
#5426 = DIRECTION('',(0.,0.,1.));
#5427 = ORIENTED_EDGE('',*,*,#5428,.F.);
#5428 = EDGE_CURVE('',#5214,#5420,#5429,.T.);
#5429 = LINE('',#5430,#5431);
#5430 = CARTESIAN_POINT('',(0.3,0.25,0.48));
#5431 = VECTOR('',#5432,1.);
#5432 = DIRECTION('',(1.,0.,0.));
#5433 = CYLINDRICAL_SURFACE('',#5434,2.E-02);
#5434 = AXIS2_PLACEMENT_3D('',#5435,#5436,#5437);
#5435 = CARTESIAN_POINT('',(0.3,0.23,0.48));
#5436 = DIRECTION('',(1.,0.,0.));
#5437 = DIRECTION('',(-0.,1.,0.));
#5438 = ADVANCED_FACE('',(#5439),#5450,.T.);
#5439 = FACE_BOUND('',#5440,.T.);
#5440 = EDGE_LOOP('',(#5441,#5447,#5448,#5449));
#5441 = ORIENTED_EDGE('',*,*,#5442,.F.);
#5442 = EDGE_CURVE('',#5393,#5420,#5443,.T.);
#5443 = LINE('',#5444,#5445);
#5444 = CARTESIAN_POINT('',(0.5,0.25,0.));
#5445 = VECTOR('',#5446,1.);
#5446 = DIRECTION('',(0.,0.,1.));
#5447 = ORIENTED_EDGE('',*,*,#5392,.F.);
#5448 = ORIENTED_EDGE('',*,*,#5213,.T.);
#5449 = ORIENTED_EDGE('',*,*,#5428,.T.);
#5450 = PLANE('',#5451);
#5451 = AXIS2_PLACEMENT_3D('',#5452,#5453,#5454);
#5452 = CARTESIAN_POINT('',(0.3,0.25,0.));
#5453 = DIRECTION('',(0.,1.,0.));
#5454 = DIRECTION('',(0.,-0.,1.));
#5455 = ADVANCED_FACE('',(#5456),#5466,.T.);
#5456 = FACE_BOUND('',#5457,.T.);
#5457 = EDGE_LOOP('',(#5458,#5459,#5460,#5461,#5462,#5463,#5464,#5465));
#5458 = ORIENTED_EDGE('',*,*,#5263,.F.);
#5459 = ORIENTED_EDGE('',*,*,#5303,.T.);
#5460 = ORIENTED_EDGE('',*,*,#5346,.T.);
#5461 = ORIENTED_EDGE('',*,*,#5400,.F.);
#5462 = ORIENTED_EDGE('',*,*,#5442,.T.);
#5463 = ORIENTED_EDGE('',*,*,#5419,.T.);
#5464 = ORIENTED_EDGE('',*,*,#5370,.F.);
#5465 = ORIENTED_EDGE('',*,*,#5320,.F.);
#5466 = PLANE('',#5467);
#5467 = AXIS2_PLACEMENT_3D('',#5468,#5469,#5470);
#5468 = CARTESIAN_POINT('',(0.5,-0.25,0.));
#5469 = DIRECTION('',(1.,0.,0.));
#5470 = DIRECTION('',(0.,0.,1.));
#5471 = ( GEOMETRIC_REPRESENTATION_CONTEXT(3) 
GLOBAL_UNCERTAINTY_ASSIGNED_CONTEXT((#5475)) 
GLOBAL_UNIT_ASSIGNED_CONTEXT((#5472,#5473,#5474)) REPRESENTATION_CONTEXT
('Context #1','3D Context with UNIT and UNCERTAINTY') );
#5472 = ( LENGTH_UNIT() NAMED_UNIT(*) SI_UNIT(.MILLI.,.METRE.) );
#5473 = ( NAMED_UNIT(*) PLANE_ANGLE_UNIT() SI_UNIT($,.RADIAN.) );
#5474 = ( NAMED_UNIT(*) SI_UNIT($,.STERADIAN.) SOLID_ANGLE_UNIT() );
#5475 = UNCERTAINTY_MEASURE_WITH_UNIT(LENGTH_MEASURE(1.E-07),#5472,
  'distance_accuracy_value','confusion accuracy');
#5476 = CONTEXT_DEPENDENT_SHAPE_REPRESENTATION(#5477,#5479);
#5477 = ( REPRESENTATION_RELATIONSHIP('','',#4616,#10) 
REPRESENTATION_RELATIONSHIP_WITH_TRANSFORMATION(#5478) 
SHAPE_REPRESENTATION_RELATIONSHIP() );
#5478 = ITEM_DEFINED_TRANSFORMATION('','',#11,#31);
#5479 = PRODUCT_DEFINITION_SHAPE('Placement','Placement of an item',
  #5480);
#5480 = NEXT_ASSEMBLY_USAGE_OCCURRENCE('5','C2','',#5,#4611,$);
#5481 = PRODUCT_RELATED_PRODUCT_CATEGORY('part',$,(#4613));
#5482 = CONTEXT_DEPENDENT_SHAPE_REPRESENTATION(#5483,#5485);
#5483 = ( REPRESENTATION_RELATIONSHIP('','',#4616,#10) 
REPRESENTATION_RELATIONSHIP_WITH_TRANSFORMATION(#5484) 
SHAPE_REPRESENTATION_RELATIONSHIP() );
#5484 = ITEM_DEFINED_TRANSFORMATION('','',#11,#35);
#5485 = PRODUCT_DEFINITION_SHAPE('Placement','Placement of an item',
  #5486);
#5486 = NEXT_ASSEMBLY_USAGE_OCCURRENCE('6','C1','',#5,#4611,$);
#5487 = CONTEXT_DEPENDENT_SHAPE_REPRESENTATION(#5488,#5490);
#5488 = ( REPRESENTATION_RELATIONSHIP('','',#2462,#10) 
REPRESENTATION_RELATIONSHIP_WITH_TRANSFORMATION(#5489) 
SHAPE_REPRESENTATION_RELATIONSHIP() );
#5489 = ITEM_DEFINED_TRANSFORMATION('','',#11,#39);
#5490 = PRODUCT_DEFINITION_SHAPE('Placement','Placement of an item',
  #5491);
#5491 = NEXT_ASSEMBLY_USAGE_OCCURRENCE('7','Q1','',#5,#2457,$);
#5492 = CONTEXT_DEPENDENT_SHAPE_REPRESENTATION(#5493,#5495);
#5493 = ( REPRESENTATION_RELATIONSHIP('','',#1653,#10) 
REPRESENTATION_RELATIONSHIP_WITH_TRANSFORMATION(#5494) 
SHAPE_REPRESENTATION_RELATIONSHIP() );
#5494 = ITEM_DEFINED_TRANSFORMATION('','',#11,#43);
#5495 = PRODUCT_DEFINITION_SHAPE('Placement','Placement of an item',
  #5496);
#5496 = NEXT_ASSEMBLY_USAGE_OCCURRENCE('8','R1','',#5,#1648,$);
#5497 = CONTEXT_DEPENDENT_SHAPE_REPRESENTATION(#5498,#5500);
#5498 = ( REPRESENTATION_RELATIONSHIP('','',#426,#10) 
REPRESENTATION_RELATIONSHIP_WITH_TRANSFORMATION(#5499) 
SHAPE_REPRESENTATION_RELATIONSHIP() );
#5499 = ITEM_DEFINED_TRANSFORMATION('','',#11,#47);
#5500 = PRODUCT_DEFINITION_SHAPE('Placement','Placement of an item',
  #5501);
#5501 = NEXT_ASSEMBLY_USAGE_OCCURRENCE('9','D2','',#5,#421,$);
#5502 = CONTEXT_DEPENDENT_SHAPE_REPRESENTATION(#5503,#5505);
#5503 = ( REPRESENTATION_RELATIONSHIP('','',#1653,#10) 
REPRESENTATION_RELATIONSHIP_WITH_TRANSFORMATION(#5504) 
SHAPE_REPRESENTATION_RELATIONSHIP() );
#5504 = ITEM_DEFINED_TRANSFORMATION('','',#11,#51);
#5505 = PRODUCT_DEFINITION_SHAPE('Placement','Placement of an item',
  #5506);
#5506 = NEXT_ASSEMBLY_USAGE_OCCURRENCE('10','R3','',#5,#1648,$);
#5507 = SHAPE_DEFINITION_REPRESENTATION(#5508,#5514);
#5508 = PRODUCT_DEFINITION_SHAPE('','',#5509);
#5509 = PRODUCT_DEFINITION('design','',#5510,#5513);
#5510 = PRODUCT_DEFINITION_FORMATION('','',#5511);
#5511 = PRODUCT('ToyBoard_PCB','ToyBoard_PCB','',(#5512));
#5512 = PRODUCT_CONTEXT('',#2,'mechanical');
#5513 = PRODUCT_DEFINITION_CONTEXT('part definition',#2,'design');
#5514 = ADVANCED_BREP_SHAPE_REPRESENTATION('',(#11,#5515),#7162);
#5515 = MANIFOLD_SOLID_BREP('',#5516);
#5516 = CLOSED_SHELL('',(#5517,#5557,#5588,#5619,#6053,#6487,#6504,#6521
    ,#6538,#6555,#6567,#6584,#6601,#6618,#6635,#6652,#6669,#6686,#6703,
    #6720,#6737,#6754,#6771,#6788,#6805,#6822,#6839,#6856,#6873,#6890,
    #6907,#6924,#6941,#6958,#6975,#6992,#7009,#7026,#7043,#7060,#7077,
    #7094,#7111,#7128,#7145));
#5517 = ADVANCED_FACE('',(#5518),#5552,.T.);
#5518 = FACE_BOUND('',#5519,.T.);
#5519 = EDGE_LOOP('',(#5520,#5530,#5538,#5546));
#5520 = ORIENTED_EDGE('',*,*,#5521,.T.);
#5521 = EDGE_CURVE('',#5522,#5524,#5526,.T.);
#5522 = VERTEX_POINT('',#5523);
#5523 = CARTESIAN_POINT('',(15.68,20.98,0.));
#5524 = VERTEX_POINT('',#5525);
#5525 = CARTESIAN_POINT('',(15.68,20.98,1.510198));
#5526 = LINE('',#5527,#5528);
#5527 = CARTESIAN_POINT('',(15.68,20.98,0.));
#5528 = VECTOR('',#5529,1.);
#5529 = DIRECTION('',(0.,0.,1.));
#5530 = ORIENTED_EDGE('',*,*,#5531,.T.);
#5531 = EDGE_CURVE('',#5524,#5532,#5534,.T.);
#5532 = VERTEX_POINT('',#5533);
#5533 = CARTESIAN_POINT('',(21.652,13.842,1.510198));
#5534 = LINE('',#5535,#5536);
#5535 = CARTESIAN_POINT('',(15.68,20.98,1.510198));
#5536 = VECTOR('',#5537,1.);
#5537 = DIRECTION('',(0.641683937672,-0.766969180694,0.));
#5538 = ORIENTED_EDGE('',*,*,#5539,.F.);
#5539 = EDGE_CURVE('',#5540,#5532,#5542,.T.);
#5540 = VERTEX_POINT('',#5541);
#5541 = CARTESIAN_POINT('',(21.652,13.842,0.));
#5542 = LINE('',#5543,#5544);
#5543 = CARTESIAN_POINT('',(21.652,13.842,0.));
#5544 = VECTOR('',#5545,1.);
#5545 = DIRECTION('',(0.,0.,1.));
#5546 = ORIENTED_EDGE('',*,*,#5547,.F.);
#5547 = EDGE_CURVE('',#5522,#5540,#5548,.T.);
#5548 = LINE('',#5549,#5550);
#5549 = CARTESIAN_POINT('',(15.68,20.98,0.));
#5550 = VECTOR('',#5551,1.);
#5551 = DIRECTION('',(0.641683937672,-0.766969180694,0.));
#5552 = PLANE('',#5553);
#5553 = AXIS2_PLACEMENT_3D('',#5554,#5555,#5556);
#5554 = CARTESIAN_POINT('',(15.68,20.98,0.));
#5555 = DIRECTION('',(0.766969180694,0.641683937672,-0.));
#5556 = DIRECTION('',(0.641683937672,-0.766969180694,0.));
#5557 = ADVANCED_FACE('',(#5558),#5583,.T.);
#5558 = FACE_BOUND('',#5559,.T.);
#5559 = EDGE_LOOP('',(#5560,#5570,#5576,#5577));
#5560 = ORIENTED_EDGE('',*,*,#5561,.T.);
#5561 = EDGE_CURVE('',#5562,#5564,#5566,.T.);
#5562 = VERTEX_POINT('',#5563);
#5563 = CARTESIAN_POINT('',(15.58,21.08,0.));
#5564 = VERTEX_POINT('',#5565);
#5565 = CARTESIAN_POINT('',(15.58,21.08,1.510198));
#5566 = LINE('',#5567,#5568);
#5567 = CARTESIAN_POINT('',(15.58,21.08,0.));
#5568 = VECTOR('',#5569,1.);
#5569 = DIRECTION('',(0.,0.,1.));
#5570 = ORIENTED_EDGE('',*,*,#5571,.T.);
#5571 = EDGE_CURVE('',#5564,#5524,#5572,.T.);
#5572 = LINE('',#5573,#5574);
#5573 = CARTESIAN_POINT('',(15.58,21.08,1.510198));
#5574 = VECTOR('',#5575,1.);
#5575 = DIRECTION('',(0.707106781187,-0.707106781187,0.));
#5576 = ORIENTED_EDGE('',*,*,#5521,.F.);
#5577 = ORIENTED_EDGE('',*,*,#5578,.F.);
#5578 = EDGE_CURVE('',#5562,#5522,#5579,.T.);
#5579 = LINE('',#5580,#5581);
#5580 = CARTESIAN_POINT('',(15.58,21.08,0.));
#5581 = VECTOR('',#5582,1.);
#5582 = DIRECTION('',(0.707106781187,-0.707106781187,0.));
#5583 = PLANE('',#5584);
#5584 = AXIS2_PLACEMENT_3D('',#5585,#5586,#5587);
#5585 = CARTESIAN_POINT('',(15.58,21.08,0.));
#5586 = DIRECTION('',(0.707106781187,0.707106781187,-0.));
#5587 = DIRECTION('',(0.707106781187,-0.707106781187,0.));
#5588 = ADVANCED_FACE('',(#5589),#5614,.T.);
#5589 = FACE_BOUND('',#5590,.T.);
#5590 = EDGE_LOOP('',(#5591,#5592,#5600,#5608));
#5591 = ORIENTED_EDGE('',*,*,#5539,.T.);
#5592 = ORIENTED_EDGE('',*,*,#5593,.T.);
#5593 = EDGE_CURVE('',#5532,#5594,#5596,.T.);
#5594 = VERTEX_POINT('',#5595);
#5595 = CARTESIAN_POINT('',(21.652,-19.178,1.510198));
#5596 = LINE('',#5597,#5598);
#5597 = CARTESIAN_POINT('',(21.652,13.842,1.510198));
#5598 = VECTOR('',#5599,1.);
#5599 = DIRECTION('',(0.,-1.,0.));
#5600 = ORIENTED_EDGE('',*,*,#5601,.F.);
#5601 = EDGE_CURVE('',#5602,#5594,#5604,.T.);
#5602 = VERTEX_POINT('',#5603);
#5603 = CARTESIAN_POINT('',(21.652,-19.178,0.));
#5604 = LINE('',#5605,#5606);
#5605 = CARTESIAN_POINT('',(21.652,-19.178,0.));
#5606 = VECTOR('',#5607,1.);
#5607 = DIRECTION('',(0.,0.,1.));
#5608 = ORIENTED_EDGE('',*,*,#5609,.F.);
#5609 = EDGE_CURVE('',#5540,#5602,#5610,.T.);
#5610 = LINE('',#5611,#5612);
#5611 = CARTESIAN_POINT('',(21.652,13.842,0.));
#5612 = VECTOR('',#5613,1.);
#5613 = DIRECTION('',(0.,-1.,0.));
#5614 = PLANE('',#5615);
#5615 = AXIS2_PLACEMENT_3D('',#5616,#5617,#5618);
#5616 = CARTESIAN_POINT('',(21.652,13.842,0.));
#5617 = DIRECTION('',(1.,0.,-0.));
#5618 = DIRECTION('',(0.,-1.,0.));
#5619 = ADVANCED_FACE('',(#5620,#5663,#5674,#5685,#5696,#5707,#5718,
    #5729,#5740,#5751,#5762,#5773,#5784,#5795,#5806,#5817,#5828,#5839,
    #5850,#5861,#5872,#5883,#5894,#5905,#5916,#5927,#5938,#5949,#5960,
    #5971,#5982,#5993,#6004,#6015,#6026,#6037),#6048,.F.);
#5620 = FACE_BOUND('',#5621,.F.);
#5621 = EDGE_LOOP('',(#5622,#5623,#5624,#5632,#5640,#5648,#5656,#5662));
#5622 = ORIENTED_EDGE('',*,*,#5547,.F.);
#5623 = ORIENTED_EDGE('',*,*,#5578,.F.);
#5624 = ORIENTED_EDGE('',*,*,#5625,.F.);
#5625 = EDGE_CURVE('',#5626,#5562,#5628,.T.);
#5626 = VERTEX_POINT('',#5627);
#5627 = CARTESIAN_POINT('',(-12.12,21.08,0.));
#5628 = LINE('',#5629,#5630);
#5629 = CARTESIAN_POINT('',(-12.12,21.08,0.));
#5630 = VECTOR('',#5631,1.);
#5631 = DIRECTION('',(1.,0.,0.));
#5632 = ORIENTED_EDGE('',*,*,#5633,.F.);
#5633 = EDGE_CURVE('',#5634,#5626,#5636,.T.);
#5634 = VERTEX_POINT('',#5635);
#5635 = CARTESIAN_POINT('',(-12.22,20.98,0.));
#5636 = LINE('',#5637,#5638);
#5637 = CARTESIAN_POINT('',(-12.22,20.98,0.));
#5638 = VECTOR('',#5639,1.);
#5639 = DIRECTION('',(0.707106781187,0.707106781187,0.));
#5640 = ORIENTED_EDGE('',*,*,#5641,.F.);
#5641 = EDGE_CURVE('',#5642,#5634,#5644,.T.);
#5642 = VERTEX_POINT('',#5643);
#5643 = CARTESIAN_POINT('',(-18.22,13.838244,0.));
#5644 = LINE('',#5645,#5646);
#5645 = CARTESIAN_POINT('',(-18.22,13.838244,0.));
#5646 = VECTOR('',#5647,1.);
#5647 = DIRECTION('',(0.643250224493,0.765656025046,0.));
#5648 = ORIENTED_EDGE('',*,*,#5649,.F.);
#5649 = EDGE_CURVE('',#5650,#5642,#5652,.T.);
#5650 = VERTEX_POINT('',#5651);
#5651 = CARTESIAN_POINT('',(-18.22,-19.178,0.));
#5652 = LINE('',#5653,#5654);
#5653 = CARTESIAN_POINT('',(-18.22,-19.178,0.));
#5654 = VECTOR('',#5655,1.);
#5655 = DIRECTION('',(0.,1.,0.));
#5656 = ORIENTED_EDGE('',*,*,#5657,.F.);
#5657 = EDGE_CURVE('',#5602,#5650,#5658,.T.);
#5658 = LINE('',#5659,#5660);
#5659 = CARTESIAN_POINT('',(21.652,-19.178,0.));
#5660 = VECTOR('',#5661,1.);
#5661 = DIRECTION('',(-1.,0.,0.));
#5662 = ORIENTED_EDGE('',*,*,#5609,.F.);
#5663 = FACE_BOUND('',#5664,.F.);
#5664 = EDGE_LOOP('',(#5665));
#5665 = ORIENTED_EDGE('',*,*,#5666,.T.);
#5666 = EDGE_CURVE('',#5667,#5667,#5669,.T.);
#5667 = VERTEX_POINT('',#5668);
#5668 = CARTESIAN_POINT('',(-12.586,-15.484,0.));
#5669 = CIRCLE('',#5670,0.5);
#5670 = AXIS2_PLACEMENT_3D('',#5671,#5672,#5673);
#5671 = CARTESIAN_POINT('',(-12.586,-14.984,0.));
#5672 = DIRECTION('',(-0.,0.,-1.));
#5673 = DIRECTION('',(-0.,-1.,0.));
#5674 = FACE_BOUND('',#5675,.F.);
#5675 = EDGE_LOOP('',(#5676));
#5676 = ORIENTED_EDGE('',*,*,#5677,.T.);
#5677 = EDGE_CURVE('',#5678,#5678,#5680,.T.);
#5678 = VERTEX_POINT('',#5679);
#5679 = CARTESIAN_POINT('',(-12.586,-7.484,0.));
#5680 = CIRCLE('',#5681,0.5);
#5681 = AXIS2_PLACEMENT_3D('',#5682,#5683,#5684);
#5682 = CARTESIAN_POINT('',(-12.586,-6.984,0.));
#5683 = DIRECTION('',(-0.,0.,-1.));
#5684 = DIRECTION('',(-0.,-1.,0.));
#5685 = FACE_BOUND('',#5686,.F.);
#5686 = EDGE_LOOP('',(#5687));
#5687 = ORIENTED_EDGE('',*,*,#5688,.T.);
#5688 = EDGE_CURVE('',#5689,#5689,#5691,.T.);
#5689 = VERTEX_POINT('',#5690);
#5690 = CARTESIAN_POINT('',(-15.24,-0.525,0.));
#5691 = CIRCLE('',#5692,0.425);
#5692 = AXIS2_PLACEMENT_3D('',#5693,#5694,#5695);
#5693 = CARTESIAN_POINT('',(-15.24,-0.1,0.));
#5694 = DIRECTION('',(-0.,0.,-1.));
#5695 = DIRECTION('',(-4.17966315153E-15,-1.,0.));
#5696 = FACE_BOUND('',#5697,.F.);
#5697 = EDGE_LOOP('',(#5698));
#5698 = ORIENTED_EDGE('',*,*,#5699,.T.);
#5699 = EDGE_CURVE('',#5700,#5700,#5702,.T.);
#5700 = VERTEX_POINT('',#5701);
#5701 = CARTESIAN_POINT('',(-12.7,-0.525,0.));
#5702 = CIRCLE('',#5703,0.425);
#5703 = AXIS2_PLACEMENT_3D('',#5704,#5705,#5706);
#5704 = CARTESIAN_POINT('',(-12.7,-0.1,0.));
#5705 = DIRECTION('',(-0.,0.,-1.));
#5706 = DIRECTION('',(-0.,-1.,0.));
#5707 = FACE_BOUND('',#5708,.F.);
#5708 = EDGE_LOOP('',(#5709));
#5709 = ORIENTED_EDGE('',*,*,#5710,.T.);
#5710 = EDGE_CURVE('',#5711,#5711,#5713,.T.);
#5711 = VERTEX_POINT('',#5712);
#5712 = CARTESIAN_POINT('',(-5.08,-0.525,0.));
#5713 = CIRCLE('',#5714,0.425);
#5714 = AXIS2_PLACEMENT_3D('',#5715,#5716,#5717);
#5715 = CARTESIAN_POINT('',(-5.08,-1.E-01,0.));
#5716 = DIRECTION('',(-0.,0.,-1.));
#5717 = DIRECTION('',(-0.,-1.,0.));
#5718 = FACE_BOUND('',#5719,.F.);
#5719 = EDGE_LOOP('',(#5720));
#5720 = ORIENTED_EDGE('',*,*,#5721,.T.);
#5721 = EDGE_CURVE('',#5722,#5722,#5724,.T.);
#5722 = VERTEX_POINT('',#5723);
#5723 = CARTESIAN_POINT('',(-2.54,-0.525,0.));
#5724 = CIRCLE('',#5725,0.425);
#5725 = AXIS2_PLACEMENT_3D('',#5726,#5727,#5728);
#5726 = CARTESIAN_POINT('',(-2.54,-0.1,0.));
#5727 = DIRECTION('',(-0.,0.,-1.));
#5728 = DIRECTION('',(-0.,-1.,0.));
#5729 = FACE_BOUND('',#5730,.F.);
#5730 = EDGE_LOOP('',(#5731));
#5731 = ORIENTED_EDGE('',*,*,#5732,.T.);
#5732 = EDGE_CURVE('',#5733,#5733,#5735,.T.);
#5733 = VERTEX_POINT('',#5734);
#5734 = CARTESIAN_POINT('',(-6.162975822039E-33,-0.525,0.));
#5735 = CIRCLE('',#5736,0.425);
#5736 = AXIS2_PLACEMENT_3D('',#5737,#5738,#5739);
#5737 = CARTESIAN_POINT('',(2.775557561563E-17,-0.1,0.));
#5738 = DIRECTION('',(-0.,0.,-1.));
#5739 = DIRECTION('',(-6.530723674266E-17,-1.,0.));
#5740 = FACE_BOUND('',#5741,.F.);
#5741 = EDGE_LOOP('',(#5742));
#5742 = ORIENTED_EDGE('',*,*,#5743,.T.);
#5743 = EDGE_CURVE('',#5744,#5744,#5746,.T.);
#5744 = VERTEX_POINT('',#5745);
#5745 = CARTESIAN_POINT('',(2.96,-15.665,0.));
#5746 = CIRCLE('',#5747,0.425);
#5747 = AXIS2_PLACEMENT_3D('',#5748,#5749,#5750);
#5748 = CARTESIAN_POINT('',(2.96,-15.24,0.));
#5749 = DIRECTION('',(-0.,0.,-1.));
#5750 = DIRECTION('',(-0.,-1.,0.));
#5751 = FACE_BOUND('',#5752,.F.);
#5752 = EDGE_LOOP('',(#5753));
#5753 = ORIENTED_EDGE('',*,*,#5754,.T.);
#5754 = EDGE_CURVE('',#5755,#5755,#5757,.T.);
#5755 = VERTEX_POINT('',#5756);
#5756 = CARTESIAN_POINT('',(5.5,-15.665,0.));
#5757 = CIRCLE('',#5758,0.425);
#5758 = AXIS2_PLACEMENT_3D('',#5759,#5760,#5761);
#5759 = CARTESIAN_POINT('',(5.5,-15.24,0.));
#5760 = DIRECTION('',(-0.,0.,-1.));
#5761 = DIRECTION('',(-0.,-1.,0.));
#5762 = FACE_BOUND('',#5763,.F.);
#5763 = EDGE_LOOP('',(#5764));
#5764 = ORIENTED_EDGE('',*,*,#5765,.T.);
#5765 = EDGE_CURVE('',#5766,#5766,#5768,.T.);
#5766 = VERTEX_POINT('',#5767);
#5767 = CARTESIAN_POINT('',(8.04,-15.665,0.));
#5768 = CIRCLE('',#5769,0.425);
#5769 = AXIS2_PLACEMENT_3D('',#5770,#5771,#5772);
#5770 = CARTESIAN_POINT('',(8.04,-15.24,0.));
#5771 = DIRECTION('',(-0.,0.,-1.));
#5772 = DIRECTION('',(-0.,-1.,0.));
#5773 = FACE_BOUND('',#5774,.F.);
#5774 = EDGE_LOOP('',(#5775));
#5775 = ORIENTED_EDGE('',*,*,#5776,.T.);
#5776 = EDGE_CURVE('',#5777,#5777,#5779,.T.);
#5777 = VERTEX_POINT('',#5778);
#5778 = CARTESIAN_POINT('',(10.58,-15.665,0.));
#5779 = CIRCLE('',#5780,0.425);
#5780 = AXIS2_PLACEMENT_3D('',#5781,#5782,#5783);
#5781 = CARTESIAN_POINT('',(10.58,-15.24,0.));
#5782 = DIRECTION('',(-0.,0.,-1.));
#5783 = DIRECTION('',(-0.,-1.,0.));
#5784 = FACE_BOUND('',#5785,.F.);
#5785 = EDGE_LOOP('',(#5786));
#5786 = ORIENTED_EDGE('',*,*,#5787,.T.);
#5787 = EDGE_CURVE('',#5788,#5788,#5790,.T.);
#5788 = VERTEX_POINT('',#5789);
#5789 = CARTESIAN_POINT('',(9.608,-7.47,0.));
#5790 = CIRCLE('',#5791,0.55);
#5791 = AXIS2_PLACEMENT_3D('',#5792,#5793,#5794);
#5792 = CARTESIAN_POINT('',(9.608,-6.92,0.));
#5793 = DIRECTION('',(-0.,0.,-1.));
#5794 = DIRECTION('',(-0.,-1.,0.));
#5795 = FACE_BOUND('',#5796,.F.);
#5796 = EDGE_LOOP('',(#5797));
#5797 = ORIENTED_EDGE('',*,*,#5798,.T.);
#5798 = EDGE_CURVE('',#5799,#5799,#5801,.T.);
#5799 = VERTEX_POINT('',#5800);
#5800 = CARTESIAN_POINT('',(13.12,-15.665,0.));
#5801 = CIRCLE('',#5802,0.425);
#5802 = AXIS2_PLACEMENT_3D('',#5803,#5804,#5805);
#5803 = CARTESIAN_POINT('',(13.12,-15.24,0.));
#5804 = DIRECTION('',(-0.,0.,-1.));
#5805 = DIRECTION('',(-4.17966315153E-15,-1.,0.));
#5806 = FACE_BOUND('',#5807,.F.);
#5807 = EDGE_LOOP('',(#5808));
#5808 = ORIENTED_EDGE('',*,*,#5809,.T.);
#5809 = EDGE_CURVE('',#5810,#5810,#5812,.T.);
#5810 = VERTEX_POINT('',#5811);
#5811 = CARTESIAN_POINT('',(18.2,-15.665,0.));
#5812 = CIRCLE('',#5813,0.425);
#5813 = AXIS2_PLACEMENT_3D('',#5814,#5815,#5816);
#5814 = CARTESIAN_POINT('',(18.2,-15.24,0.));
#5815 = DIRECTION('',(-0.,0.,-1.));
#5816 = DIRECTION('',(-0.,-1.,0.));
#5817 = FACE_BOUND('',#5818,.F.);
#5818 = EDGE_LOOP('',(#5819));
#5819 = ORIENTED_EDGE('',*,*,#5820,.T.);
#5820 = EDGE_CURVE('',#5821,#5821,#5823,.T.);
#5821 = VERTEX_POINT('',#5822);
#5822 = CARTESIAN_POINT('',(18.752,-7.47,0.));
#5823 = CIRCLE('',#5824,0.55);
#5824 = AXIS2_PLACEMENT_3D('',#5825,#5826,#5827);
#5825 = CARTESIAN_POINT('',(18.752,-6.92,0.));
#5826 = DIRECTION('',(-0.,0.,-1.));
#5827 = DIRECTION('',(-6.459479416001E-15,-1.,0.));
#5828 = FACE_BOUND('',#5829,.F.);
#5829 = EDGE_LOOP('',(#5830));
#5830 = ORIENTED_EDGE('',*,*,#5831,.T.);
#5831 = EDGE_CURVE('',#5832,#5832,#5834,.T.);
#5832 = VERTEX_POINT('',#5833);
#5833 = CARTESIAN_POINT('',(10.58,-3.473,0.));
#5834 = CIRCLE('',#5835,0.425);
#5835 = AXIS2_PLACEMENT_3D('',#5836,#5837,#5838);
#5836 = CARTESIAN_POINT('',(10.58,-3.048,0.));
#5837 = DIRECTION('',(-0.,0.,-1.));
#5838 = DIRECTION('',(-0.,-1.,0.));
#5839 = FACE_BOUND('',#5840,.F.);
#5840 = EDGE_LOOP('',(#5841));
#5841 = ORIENTED_EDGE('',*,*,#5842,.T.);
#5842 = EDGE_CURVE('',#5843,#5843,#5845,.T.);
#5843 = VERTEX_POINT('',#5844);
#5844 = CARTESIAN_POINT('',(2.96,-0.425,0.));
#5845 = CIRCLE('',#5846,0.425);
#5846 = AXIS2_PLACEMENT_3D('',#5847,#5848,#5849);
#5847 = CARTESIAN_POINT('',(2.96,-6.938893903907E-17,0.));
#5848 = DIRECTION('',(-0.,0.,-1.));
#5849 = DIRECTION('',(-0.,-1.,0.));
#5850 = FACE_BOUND('',#5851,.F.);
#5851 = EDGE_LOOP('',(#5852));
#5852 = ORIENTED_EDGE('',*,*,#5853,.T.);
#5853 = EDGE_CURVE('',#5854,#5854,#5856,.T.);
#5854 = VERTEX_POINT('',#5855);
#5855 = CARTESIAN_POINT('',(5.5,-0.425,0.));
#5856 = CIRCLE('',#5857,0.425);
#5857 = AXIS2_PLACEMENT_3D('',#5858,#5859,#5860);
#5858 = CARTESIAN_POINT('',(5.5,3.885780586188E-16,0.));
#5859 = DIRECTION('',(-0.,0.,-1.));
#5860 = DIRECTION('',(-0.,-1.,0.));
#5861 = FACE_BOUND('',#5862,.F.);
#5862 = EDGE_LOOP('',(#5863));
#5863 = ORIENTED_EDGE('',*,*,#5864,.T.);
#5864 = EDGE_CURVE('',#5865,#5865,#5867,.T.);
#5865 = VERTEX_POINT('',#5866);
#5866 = CARTESIAN_POINT('',(8.04,-0.425,0.));
#5867 = CIRCLE('',#5868,0.425);
#5868 = AXIS2_PLACEMENT_3D('',#5869,#5870,#5871);
#5869 = CARTESIAN_POINT('',(8.04,7.355227538142E-16,0.));
#5870 = DIRECTION('',(-0.,0.,-1.));
#5871 = DIRECTION('',(-0.,-1.,0.));
#5872 = FACE_BOUND('',#5873,.F.);
#5873 = EDGE_LOOP('',(#5874));
#5874 = ORIENTED_EDGE('',*,*,#5875,.T.);
#5875 = EDGE_CURVE('',#5876,#5876,#5878,.T.);
#5876 = VERTEX_POINT('',#5877);
#5877 = CARTESIAN_POINT('',(10.58,-0.425,0.));
#5878 = CIRCLE('',#5879,0.425);
#5879 = AXIS2_PLACEMENT_3D('',#5880,#5881,#5882);
#5880 = CARTESIAN_POINT('',(10.58,7.355227538142E-16,0.));
#5881 = DIRECTION('',(-0.,0.,-1.));
#5882 = DIRECTION('',(-0.,-1.,0.));
#5883 = FACE_BOUND('',#5884,.F.);
#5884 = EDGE_LOOP('',(#5885));
#5885 = ORIENTED_EDGE('',*,*,#5886,.T.);
#5886 = EDGE_CURVE('',#5887,#5887,#5889,.T.);
#5887 = VERTEX_POINT('',#5888);
#5888 = CARTESIAN_POINT('',(13.12,-3.473,0.));
#5889 = CIRCLE('',#5890,0.425);
#5890 = AXIS2_PLACEMENT_3D('',#5891,#5892,#5893);
#5891 = CARTESIAN_POINT('',(13.12,-3.048,0.));
#5892 = DIRECTION('',(-0.,0.,-1.));
#5893 = DIRECTION('',(-4.17966315153E-15,-1.,0.));
#5894 = FACE_BOUND('',#5895,.F.);
#5895 = EDGE_LOOP('',(#5896));
#5896 = ORIENTED_EDGE('',*,*,#5897,.T.);
#5897 = EDGE_CURVE('',#5898,#5898,#5900,.T.);
#5898 = VERTEX_POINT('',#5899);
#5899 = CARTESIAN_POINT('',(15.66,-0.425,0.));
#5900 = CIRCLE('',#5901,0.425);
#5901 = AXIS2_PLACEMENT_3D('',#5902,#5903,#5904);
#5902 = CARTESIAN_POINT('',(15.66,7.355227538142E-16,0.));
#5903 = DIRECTION('',(-0.,0.,-1.));
#5904 = DIRECTION('',(-0.,-1.,0.));
#5905 = FACE_BOUND('',#5906,.F.);
#5906 = EDGE_LOOP('',(#5907));
#5907 = ORIENTED_EDGE('',*,*,#5908,.T.);
#5908 = EDGE_CURVE('',#5909,#5909,#5911,.T.);
#5909 = VERTEX_POINT('',#5910);
#5910 = CARTESIAN_POINT('',(18.2,-0.425,0.));
#5911 = CIRCLE('',#5912,0.425);
#5912 = AXIS2_PLACEMENT_3D('',#5913,#5914,#5915);
#5913 = CARTESIAN_POINT('',(18.2,2.525757381022E-15,0.));
#5914 = DIRECTION('',(-0.,0.,-1.));
#5915 = DIRECTION('',(-0.,-1.,0.));
#5916 = FACE_BOUND('',#5917,.F.);
#5917 = EDGE_LOOP('',(#5918));
#5918 = ORIENTED_EDGE('',*,*,#5919,.T.);
#5919 = EDGE_CURVE('',#5920,#5920,#5922,.T.);
#5920 = VERTEX_POINT('',#5921);
#5921 = CARTESIAN_POINT('',(-12.738,3.305,0.));
#5922 = CIRCLE('',#5923,0.425);
#5923 = AXIS2_PLACEMENT_3D('',#5924,#5925,#5926);
#5924 = CARTESIAN_POINT('',(-12.738,3.73,0.));
#5925 = DIRECTION('',(-0.,0.,-1.));
#5926 = DIRECTION('',(-0.,-1.,0.));
#5927 = FACE_BOUND('',#5928,.F.);
#5928 = EDGE_LOOP('',(#5929));
#5929 = ORIENTED_EDGE('',*,*,#5930,.T.);
#5930 = EDGE_CURVE('',#5931,#5931,#5933,.T.);
#5931 = VERTEX_POINT('',#5932);
#5932 = CARTESIAN_POINT('',(-16.4195,10.005,0.));
#5933 = CIRCLE('',#5934,0.4);
#5934 = AXIS2_PLACEMENT_3D('',#5935,#5936,#5937);
#5935 = CARTESIAN_POINT('',(-16.4195,10.405,0.));
#5936 = DIRECTION('',(-0.,0.,-1.));
#5937 = DIRECTION('',(-0.,-1.,0.));
#5938 = FACE_BOUND('',#5939,.F.);
#5939 = EDGE_LOOP('',(#5940));
#5940 = ORIENTED_EDGE('',*,*,#5941,.T.);
#5941 = EDGE_CURVE('',#5942,#5942,#5944,.T.);
#5942 = VERTEX_POINT('',#5943);
#5943 = CARTESIAN_POINT('',(-16.4195,11.855,0.));
#5944 = CIRCLE('',#5945,0.4);
#5945 = AXIS2_PLACEMENT_3D('',#5946,#5947,#5948);
#5946 = CARTESIAN_POINT('',(-16.4195,12.255,0.));
#5947 = DIRECTION('',(-0.,0.,-1.));
#5948 = DIRECTION('',(-0.,-1.,0.));
#5949 = FACE_BOUND('',#5950,.F.);
#5950 = EDGE_LOOP('',(#5951));
#5951 = ORIENTED_EDGE('',*,*,#5952,.T.);
#5952 = EDGE_CURVE('',#5953,#5953,#5955,.T.);
#5953 = VERTEX_POINT('',#5954);
#5954 = CARTESIAN_POINT('',(-12.738,15.624,0.));
#5955 = CIRCLE('',#5956,0.425);
#5956 = AXIS2_PLACEMENT_3D('',#5957,#5958,#5959);
#5957 = CARTESIAN_POINT('',(-12.738,16.049,0.));
#5958 = DIRECTION('',(-0.,0.,-1.));
#5959 = DIRECTION('',(-0.,-1.,0.));
#5960 = FACE_BOUND('',#5961,.F.);
#5961 = EDGE_LOOP('',(#5962));
#5962 = ORIENTED_EDGE('',*,*,#5963,.T.);
#5963 = EDGE_CURVE('',#5964,#5964,#5966,.T.);
#5964 = VERTEX_POINT('',#5965);
#5965 = CARTESIAN_POINT('',(-9.445,19.095,0.));
#5966 = CIRCLE('',#5967,0.4);
#5967 = AXIS2_PLACEMENT_3D('',#5968,#5969,#5970);
#5968 = CARTESIAN_POINT('',(-9.445,19.495,0.));
#5969 = DIRECTION('',(-0.,0.,-1.));
#5970 = DIRECTION('',(-0.,-1.,0.));
#5971 = FACE_BOUND('',#5972,.F.);
#5972 = EDGE_LOOP('',(#5973));
#5973 = ORIENTED_EDGE('',*,*,#5974,.T.);
#5974 = EDGE_CURVE('',#5975,#5975,#5977,.T.);
#5975 = VERTEX_POINT('',#5976);
#5976 = CARTESIAN_POINT('',(-7.595,19.095,0.));
#5977 = CIRCLE('',#5978,0.4);
#5978 = AXIS2_PLACEMENT_3D('',#5979,#5980,#5981);
#5979 = CARTESIAN_POINT('',(-7.595,19.495,0.));
#5980 = DIRECTION('',(-0.,0.,-1.));
#5981 = DIRECTION('',(2.22044604925E-15,-1.,-0.));
#5982 = FACE_BOUND('',#5983,.F.);
#5983 = EDGE_LOOP('',(#5984));
#5984 = ORIENTED_EDGE('',*,*,#5985,.T.);
#5985 = EDGE_CURVE('',#5986,#5986,#5988,.T.);
#5986 = VERTEX_POINT('',#5987);
#5987 = CARTESIAN_POINT('',(16.3958,3.305,0.));
#5988 = CIRCLE('',#5989,0.425);
#5989 = AXIS2_PLACEMENT_3D('',#5990,#5991,#5992);
#5990 = CARTESIAN_POINT('',(16.3958,3.73,0.));
#5991 = DIRECTION('',(-0.,0.,-1.));
#5992 = DIRECTION('',(-0.,-1.,0.));
#5993 = FACE_BOUND('',#5994,.F.);
#5994 = EDGE_LOOP('',(#5995));
#5995 = ORIENTED_EDGE('',*,*,#5996,.T.);
#5996 = EDGE_CURVE('',#5997,#5997,#5999,.T.);
#5997 = VERTEX_POINT('',#5998);
#5998 = CARTESIAN_POINT('',(19.538,10.005,0.));
#5999 = CIRCLE('',#6000,0.4);
#6000 = AXIS2_PLACEMENT_3D('',#6001,#6002,#6003);
#6001 = CARTESIAN_POINT('',(19.538,10.405,0.));
#6002 = DIRECTION('',(-0.,0.,-1.));
#6003 = DIRECTION('',(-0.,-1.,0.));
#6004 = FACE_BOUND('',#6005,.F.);
#6005 = EDGE_LOOP('',(#6006));
#6006 = ORIENTED_EDGE('',*,*,#6007,.T.);
#6007 = EDGE_CURVE('',#6008,#6008,#6010,.T.);
#6008 = VERTEX_POINT('',#6009);
#6009 = CARTESIAN_POINT('',(19.538,11.855,0.));
#6010 = CIRCLE('',#6011,0.4);
#6011 = AXIS2_PLACEMENT_3D('',#6012,#6013,#6014);
#6012 = CARTESIAN_POINT('',(19.538,12.255,0.));
#6013 = DIRECTION('',(-0.,0.,-1.));
#6014 = DIRECTION('',(-0.,-1.,0.));
#6015 = FACE_BOUND('',#6016,.F.);
#6016 = EDGE_LOOP('',(#6017));
#6017 = ORIENTED_EDGE('',*,*,#6018,.T.);
#6018 = EDGE_CURVE('',#6019,#6019,#6021,.T.);
#6019 = VERTEX_POINT('',#6020);
#6020 = CARTESIAN_POINT('',(12.655,19.165,0.));
#6021 = CIRCLE('',#6022,0.4);
#6022 = AXIS2_PLACEMENT_3D('',#6023,#6024,#6025);
#6023 = CARTESIAN_POINT('',(12.655,19.565,0.));
#6024 = DIRECTION('',(-0.,0.,-1.));
#6025 = DIRECTION('',(-4.440892098501E-15,-1.,0.));
#6026 = FACE_BOUND('',#6027,.F.);
#6027 = EDGE_LOOP('',(#6028));
#6028 = ORIENTED_EDGE('',*,*,#6029,.T.);
#6029 = EDGE_CURVE('',#6030,#6030,#6032,.T.);
#6030 = VERTEX_POINT('',#6031);
#6031 = CARTESIAN_POINT('',(14.505,19.165,0.));
#6032 = CIRCLE('',#6033,0.4);
#6033 = AXIS2_PLACEMENT_3D('',#6034,#6035,#6036);
#6034 = CARTESIAN_POINT('',(14.505,19.565,0.));
#6035 = DIRECTION('',(-0.,0.,-1.));
#6036 = DIRECTION('',(4.440892098501E-15,-1.,-0.));
#6037 = FACE_BOUND('',#6038,.F.);
#6038 = EDGE_LOOP('',(#6039));
#6039 = ORIENTED_EDGE('',*,*,#6040,.T.);
#6040 = EDGE_CURVE('',#6041,#6041,#6043,.T.);
#6041 = VERTEX_POINT('',#6042);
#6042 = CARTESIAN_POINT('',(16.3958,15.624,0.));
#6043 = CIRCLE('',#6044,0.425);
#6044 = AXIS2_PLACEMENT_3D('',#6045,#6046,#6047);
#6045 = CARTESIAN_POINT('',(16.3958,16.049,0.));
#6046 = DIRECTION('',(-0.,0.,-1.));
#6047 = DIRECTION('',(-0.,-1.,0.));
#6048 = PLANE('',#6049);
#6049 = AXIS2_PLACEMENT_3D('',#6050,#6051,#6052);
#6050 = CARTESIAN_POINT('',(0.,0.,0.));
#6051 = DIRECTION('',(0.,0.,1.));
#6052 = DIRECTION('',(1.,0.,-0.));
#6053 = ADVANCED_FACE('',(#6054,#6097,#6108,#6119,#6130,#6141,#6152,
    #6163,#6174,#6185,#6196,#6207,#6218,#6229,#6240,#6251,#6262,#6273,
    #6284,#6295,#6306,#6317,#6328,#6339,#6350,#6361,#6372,#6383,#6394,
    #6405,#6416,#6427,#6438,#6449,#6460,#6471),#6482,.T.);
#6054 = FACE_BOUND('',#6055,.T.);
#6055 = EDGE_LOOP('',(#6056,#6057,#6058,#6066,#6074,#6082,#6090,#6096));
#6056 = ORIENTED_EDGE('',*,*,#5531,.F.);
#6057 = ORIENTED_EDGE('',*,*,#5571,.F.);
#6058 = ORIENTED_EDGE('',*,*,#6059,.F.);
#6059 = EDGE_CURVE('',#6060,#5564,#6062,.T.);
#6060 = VERTEX_POINT('',#6061);
#6061 = CARTESIAN_POINT('',(-12.12,21.08,1.510198));
#6062 = LINE('',#6063,#6064);
#6063 = CARTESIAN_POINT('',(-12.12,21.08,1.510198));
#6064 = VECTOR('',#6065,1.);
#6065 = DIRECTION('',(1.,0.,0.));
#6066 = ORIENTED_EDGE('',*,*,#6067,.F.);
#6067 = EDGE_CURVE('',#6068,#6060,#6070,.T.);
#6068 = VERTEX_POINT('',#6069);
#6069 = CARTESIAN_POINT('',(-12.22,20.98,1.510198));
#6070 = LINE('',#6071,#6072);
#6071 = CARTESIAN_POINT('',(-12.22,20.98,1.510198));
#6072 = VECTOR('',#6073,1.);
#6073 = DIRECTION('',(0.707106781187,0.707106781187,0.));
#6074 = ORIENTED_EDGE('',*,*,#6075,.F.);
#6075 = EDGE_CURVE('',#6076,#6068,#6078,.T.);
#6076 = VERTEX_POINT('',#6077);
#6077 = CARTESIAN_POINT('',(-18.22,13.838244,1.510198));
#6078 = LINE('',#6079,#6080);
#6079 = CARTESIAN_POINT('',(-18.22,13.838244,1.510198));
#6080 = VECTOR('',#6081,1.);
#6081 = DIRECTION('',(0.643250224493,0.765656025046,0.));
#6082 = ORIENTED_EDGE('',*,*,#6083,.F.);
#6083 = EDGE_CURVE('',#6084,#6076,#6086,.T.);
#6084 = VERTEX_POINT('',#6085);
#6085 = CARTESIAN_POINT('',(-18.22,-19.178,1.510198));
#6086 = LINE('',#6087,#6088);
#6087 = CARTESIAN_POINT('',(-18.22,-19.178,1.510198));
#6088 = VECTOR('',#6089,1.);
#6089 = DIRECTION('',(0.,1.,0.));
#6090 = ORIENTED_EDGE('',*,*,#6091,.F.);
#6091 = EDGE_CURVE('',#5594,#6084,#6092,.T.);
#6092 = LINE('',#6093,#6094);
#6093 = CARTESIAN_POINT('',(21.652,-19.178,1.510198));
#6094 = VECTOR('',#6095,1.);
#6095 = DIRECTION('',(-1.,0.,0.));
#6096 = ORIENTED_EDGE('',*,*,#5593,.F.);
#6097 = FACE_BOUND('',#6098,.T.);
#6098 = EDGE_LOOP('',(#6099));
#6099 = ORIENTED_EDGE('',*,*,#6100,.T.);
#6100 = EDGE_CURVE('',#6101,#6101,#6103,.T.);
#6101 = VERTEX_POINT('',#6102);
#6102 = CARTESIAN_POINT('',(-12.586,-15.484,1.510198));
#6103 = CIRCLE('',#6104,0.5);
#6104 = AXIS2_PLACEMENT_3D('',#6105,#6106,#6107);
#6105 = CARTESIAN_POINT('',(-12.586,-14.984,1.510198));
#6106 = DIRECTION('',(-0.,0.,-1.));
#6107 = DIRECTION('',(-0.,-1.,0.));
#6108 = FACE_BOUND('',#6109,.T.);
#6109 = EDGE_LOOP('',(#6110));
#6110 = ORIENTED_EDGE('',*,*,#6111,.T.);
#6111 = EDGE_CURVE('',#6112,#6112,#6114,.T.);
#6112 = VERTEX_POINT('',#6113);
#6113 = CARTESIAN_POINT('',(-12.586,-7.484,1.510198));
#6114 = CIRCLE('',#6115,0.5);
#6115 = AXIS2_PLACEMENT_3D('',#6116,#6117,#6118);
#6116 = CARTESIAN_POINT('',(-12.586,-6.984,1.510198));
#6117 = DIRECTION('',(-0.,0.,-1.));
#6118 = DIRECTION('',(-0.,-1.,0.));
#6119 = FACE_BOUND('',#6120,.T.);
#6120 = EDGE_LOOP('',(#6121));
#6121 = ORIENTED_EDGE('',*,*,#6122,.T.);
#6122 = EDGE_CURVE('',#6123,#6123,#6125,.T.);
#6123 = VERTEX_POINT('',#6124);
#6124 = CARTESIAN_POINT('',(-15.24,-0.525,1.510198));
#6125 = CIRCLE('',#6126,0.425);
#6126 = AXIS2_PLACEMENT_3D('',#6127,#6128,#6129);
#6127 = CARTESIAN_POINT('',(-15.24,-0.1,1.510198));
#6128 = DIRECTION('',(-0.,0.,-1.));
#6129 = DIRECTION('',(-4.17966315153E-15,-1.,0.));
#6130 = FACE_BOUND('',#6131,.T.);
#6131 = EDGE_LOOP('',(#6132));
#6132 = ORIENTED_EDGE('',*,*,#6133,.T.);
#6133 = EDGE_CURVE('',#6134,#6134,#6136,.T.);
#6134 = VERTEX_POINT('',#6135);
#6135 = CARTESIAN_POINT('',(-12.7,-0.525,1.510198));
#6136 = CIRCLE('',#6137,0.425);
#6137 = AXIS2_PLACEMENT_3D('',#6138,#6139,#6140);
#6138 = CARTESIAN_POINT('',(-12.7,-0.1,1.510198));
#6139 = DIRECTION('',(-0.,0.,-1.));
#6140 = DIRECTION('',(-0.,-1.,0.));
#6141 = FACE_BOUND('',#6142,.T.);
#6142 = EDGE_LOOP('',(#6143));
#6143 = ORIENTED_EDGE('',*,*,#6144,.T.);
#6144 = EDGE_CURVE('',#6145,#6145,#6147,.T.);
#6145 = VERTEX_POINT('',#6146);
#6146 = CARTESIAN_POINT('',(-5.08,-0.525,1.510198));
#6147 = CIRCLE('',#6148,0.425);
#6148 = AXIS2_PLACEMENT_3D('',#6149,#6150,#6151);
#6149 = CARTESIAN_POINT('',(-5.08,-1.E-01,1.510198));
#6150 = DIRECTION('',(-0.,0.,-1.));
#6151 = DIRECTION('',(-0.,-1.,0.));
#6152 = FACE_BOUND('',#6153,.T.);
#6153 = EDGE_LOOP('',(#6154));
#6154 = ORIENTED_EDGE('',*,*,#6155,.T.);
#6155 = EDGE_CURVE('',#6156,#6156,#6158,.T.);
#6156 = VERTEX_POINT('',#6157);
#6157 = CARTESIAN_POINT('',(-2.54,-0.525,1.510198));
#6158 = CIRCLE('',#6159,0.425);
#6159 = AXIS2_PLACEMENT_3D('',#6160,#6161,#6162);
#6160 = CARTESIAN_POINT('',(-2.54,-0.1,1.510198));
#6161 = DIRECTION('',(-0.,0.,-1.));
#6162 = DIRECTION('',(-0.,-1.,0.));
#6163 = FACE_BOUND('',#6164,.T.);
#6164 = EDGE_LOOP('',(#6165));
#6165 = ORIENTED_EDGE('',*,*,#6166,.T.);
#6166 = EDGE_CURVE('',#6167,#6167,#6169,.T.);
#6167 = VERTEX_POINT('',#6168);
#6168 = CARTESIAN_POINT('',(-6.162975822039E-33,-0.525,1.510198));
#6169 = CIRCLE('',#6170,0.425);
#6170 = AXIS2_PLACEMENT_3D('',#6171,#6172,#6173);
#6171 = CARTESIAN_POINT('',(2.775557561563E-17,-0.1,1.510198));
#6172 = DIRECTION('',(-0.,0.,-1.));
#6173 = DIRECTION('',(-6.530723674266E-17,-1.,0.));
#6174 = FACE_BOUND('',#6175,.T.);
#6175 = EDGE_LOOP('',(#6176));
#6176 = ORIENTED_EDGE('',*,*,#6177,.T.);
#6177 = EDGE_CURVE('',#6178,#6178,#6180,.T.);
#6178 = VERTEX_POINT('',#6179);
#6179 = CARTESIAN_POINT('',(2.96,-15.665,1.510198));
#6180 = CIRCLE('',#6181,0.425);
#6181 = AXIS2_PLACEMENT_3D('',#6182,#6183,#6184);
#6182 = CARTESIAN_POINT('',(2.96,-15.24,1.510198));
#6183 = DIRECTION('',(-0.,0.,-1.));
#6184 = DIRECTION('',(-0.,-1.,0.));
#6185 = FACE_BOUND('',#6186,.T.);
#6186 = EDGE_LOOP('',(#6187));
#6187 = ORIENTED_EDGE('',*,*,#6188,.T.);
#6188 = EDGE_CURVE('',#6189,#6189,#6191,.T.);
#6189 = VERTEX_POINT('',#6190);
#6190 = CARTESIAN_POINT('',(5.5,-15.665,1.510198));
#6191 = CIRCLE('',#6192,0.425);
#6192 = AXIS2_PLACEMENT_3D('',#6193,#6194,#6195);
#6193 = CARTESIAN_POINT('',(5.5,-15.24,1.510198));
#6194 = DIRECTION('',(-0.,0.,-1.));
#6195 = DIRECTION('',(-0.,-1.,0.));
#6196 = FACE_BOUND('',#6197,.T.);
#6197 = EDGE_LOOP('',(#6198));
#6198 = ORIENTED_EDGE('',*,*,#6199,.T.);
#6199 = EDGE_CURVE('',#6200,#6200,#6202,.T.);
#6200 = VERTEX_POINT('',#6201);
#6201 = CARTESIAN_POINT('',(8.04,-15.665,1.510198));
#6202 = CIRCLE('',#6203,0.425);
#6203 = AXIS2_PLACEMENT_3D('',#6204,#6205,#6206);
#6204 = CARTESIAN_POINT('',(8.04,-15.24,1.510198));
#6205 = DIRECTION('',(-0.,0.,-1.));
#6206 = DIRECTION('',(-0.,-1.,0.));
#6207 = FACE_BOUND('',#6208,.T.);
#6208 = EDGE_LOOP('',(#6209));
#6209 = ORIENTED_EDGE('',*,*,#6210,.T.);
#6210 = EDGE_CURVE('',#6211,#6211,#6213,.T.);
#6211 = VERTEX_POINT('',#6212);
#6212 = CARTESIAN_POINT('',(10.58,-15.665,1.510198));
#6213 = CIRCLE('',#6214,0.425);
#6214 = AXIS2_PLACEMENT_3D('',#6215,#6216,#6217);
#6215 = CARTESIAN_POINT('',(10.58,-15.24,1.510198));
#6216 = DIRECTION('',(-0.,0.,-1.));
#6217 = DIRECTION('',(-0.,-1.,0.));
#6218 = FACE_BOUND('',#6219,.T.);
#6219 = EDGE_LOOP('',(#6220));
#6220 = ORIENTED_EDGE('',*,*,#6221,.T.);
#6221 = EDGE_CURVE('',#6222,#6222,#6224,.T.);
#6222 = VERTEX_POINT('',#6223);
#6223 = CARTESIAN_POINT('',(9.608,-7.47,1.510198));
#6224 = CIRCLE('',#6225,0.55);
#6225 = AXIS2_PLACEMENT_3D('',#6226,#6227,#6228);
#6226 = CARTESIAN_POINT('',(9.608,-6.92,1.510198));
#6227 = DIRECTION('',(-0.,0.,-1.));
#6228 = DIRECTION('',(-0.,-1.,0.));
#6229 = FACE_BOUND('',#6230,.T.);
#6230 = EDGE_LOOP('',(#6231));
#6231 = ORIENTED_EDGE('',*,*,#6232,.T.);
#6232 = EDGE_CURVE('',#6233,#6233,#6235,.T.);
#6233 = VERTEX_POINT('',#6234);
#6234 = CARTESIAN_POINT('',(13.12,-15.665,1.510198));
#6235 = CIRCLE('',#6236,0.425);
#6236 = AXIS2_PLACEMENT_3D('',#6237,#6238,#6239);
#6237 = CARTESIAN_POINT('',(13.12,-15.24,1.510198));
#6238 = DIRECTION('',(-0.,0.,-1.));
#6239 = DIRECTION('',(-4.17966315153E-15,-1.,0.));
#6240 = FACE_BOUND('',#6241,.T.);
#6241 = EDGE_LOOP('',(#6242));
#6242 = ORIENTED_EDGE('',*,*,#6243,.T.);
#6243 = EDGE_CURVE('',#6244,#6244,#6246,.T.);
#6244 = VERTEX_POINT('',#6245);
#6245 = CARTESIAN_POINT('',(18.2,-15.665,1.510198));
#6246 = CIRCLE('',#6247,0.425);
#6247 = AXIS2_PLACEMENT_3D('',#6248,#6249,#6250);
#6248 = CARTESIAN_POINT('',(18.2,-15.24,1.510198));
#6249 = DIRECTION('',(-0.,0.,-1.));
#6250 = DIRECTION('',(-0.,-1.,0.));
#6251 = FACE_BOUND('',#6252,.T.);
#6252 = EDGE_LOOP('',(#6253));
#6253 = ORIENTED_EDGE('',*,*,#6254,.T.);
#6254 = EDGE_CURVE('',#6255,#6255,#6257,.T.);
#6255 = VERTEX_POINT('',#6256);
#6256 = CARTESIAN_POINT('',(18.752,-7.47,1.510198));
#6257 = CIRCLE('',#6258,0.55);
#6258 = AXIS2_PLACEMENT_3D('',#6259,#6260,#6261);
#6259 = CARTESIAN_POINT('',(18.752,-6.92,1.510198));
#6260 = DIRECTION('',(-0.,0.,-1.));
#6261 = DIRECTION('',(-6.459479416001E-15,-1.,0.));
#6262 = FACE_BOUND('',#6263,.T.);
#6263 = EDGE_LOOP('',(#6264));
#6264 = ORIENTED_EDGE('',*,*,#6265,.T.);
#6265 = EDGE_CURVE('',#6266,#6266,#6268,.T.);
#6266 = VERTEX_POINT('',#6267);
#6267 = CARTESIAN_POINT('',(10.58,-3.473,1.510198));
#6268 = CIRCLE('',#6269,0.425);
#6269 = AXIS2_PLACEMENT_3D('',#6270,#6271,#6272);
#6270 = CARTESIAN_POINT('',(10.58,-3.048,1.510198));
#6271 = DIRECTION('',(-0.,0.,-1.));
#6272 = DIRECTION('',(-0.,-1.,0.));
#6273 = FACE_BOUND('',#6274,.T.);
#6274 = EDGE_LOOP('',(#6275));
#6275 = ORIENTED_EDGE('',*,*,#6276,.T.);
#6276 = EDGE_CURVE('',#6277,#6277,#6279,.T.);
#6277 = VERTEX_POINT('',#6278);
#6278 = CARTESIAN_POINT('',(2.96,-0.425,1.510198));
#6279 = CIRCLE('',#6280,0.425);
#6280 = AXIS2_PLACEMENT_3D('',#6281,#6282,#6283);
#6281 = CARTESIAN_POINT('',(2.96,-6.938893903907E-17,1.510198));
#6282 = DIRECTION('',(-0.,0.,-1.));
#6283 = DIRECTION('',(-0.,-1.,0.));
#6284 = FACE_BOUND('',#6285,.T.);
#6285 = EDGE_LOOP('',(#6286));
#6286 = ORIENTED_EDGE('',*,*,#6287,.T.);
#6287 = EDGE_CURVE('',#6288,#6288,#6290,.T.);
#6288 = VERTEX_POINT('',#6289);
#6289 = CARTESIAN_POINT('',(5.5,-0.425,1.510198));
#6290 = CIRCLE('',#6291,0.425);
#6291 = AXIS2_PLACEMENT_3D('',#6292,#6293,#6294);
#6292 = CARTESIAN_POINT('',(5.5,3.885780586188E-16,1.510198));
#6293 = DIRECTION('',(-0.,0.,-1.));
#6294 = DIRECTION('',(-0.,-1.,0.));
#6295 = FACE_BOUND('',#6296,.T.);
#6296 = EDGE_LOOP('',(#6297));
#6297 = ORIENTED_EDGE('',*,*,#6298,.T.);
#6298 = EDGE_CURVE('',#6299,#6299,#6301,.T.);
#6299 = VERTEX_POINT('',#6300);
#6300 = CARTESIAN_POINT('',(8.04,-0.425,1.510198));
#6301 = CIRCLE('',#6302,0.425);
#6302 = AXIS2_PLACEMENT_3D('',#6303,#6304,#6305);
#6303 = CARTESIAN_POINT('',(8.04,7.355227538142E-16,1.510198));
#6304 = DIRECTION('',(-0.,0.,-1.));
#6305 = DIRECTION('',(-0.,-1.,0.));
#6306 = FACE_BOUND('',#6307,.T.);
#6307 = EDGE_LOOP('',(#6308));
#6308 = ORIENTED_EDGE('',*,*,#6309,.T.);
#6309 = EDGE_CURVE('',#6310,#6310,#6312,.T.);
#6310 = VERTEX_POINT('',#6311);
#6311 = CARTESIAN_POINT('',(10.58,-0.425,1.510198));
#6312 = CIRCLE('',#6313,0.425);
#6313 = AXIS2_PLACEMENT_3D('',#6314,#6315,#6316);
#6314 = CARTESIAN_POINT('',(10.58,7.355227538142E-16,1.510198));
#6315 = DIRECTION('',(-0.,0.,-1.));
#6316 = DIRECTION('',(-0.,-1.,0.));
#6317 = FACE_BOUND('',#6318,.T.);
#6318 = EDGE_LOOP('',(#6319));
#6319 = ORIENTED_EDGE('',*,*,#6320,.T.);
#6320 = EDGE_CURVE('',#6321,#6321,#6323,.T.);
#6321 = VERTEX_POINT('',#6322);
#6322 = CARTESIAN_POINT('',(13.12,-3.473,1.510198));
#6323 = CIRCLE('',#6324,0.425);
#6324 = AXIS2_PLACEMENT_3D('',#6325,#6326,#6327);
#6325 = CARTESIAN_POINT('',(13.12,-3.048,1.510198));
#6326 = DIRECTION('',(-0.,0.,-1.));
#6327 = DIRECTION('',(-4.17966315153E-15,-1.,0.));
#6328 = FACE_BOUND('',#6329,.T.);
#6329 = EDGE_LOOP('',(#6330));
#6330 = ORIENTED_EDGE('',*,*,#6331,.T.);
#6331 = EDGE_CURVE('',#6332,#6332,#6334,.T.);
#6332 = VERTEX_POINT('',#6333);
#6333 = CARTESIAN_POINT('',(15.66,-0.425,1.510198));
#6334 = CIRCLE('',#6335,0.425);
#6335 = AXIS2_PLACEMENT_3D('',#6336,#6337,#6338);
#6336 = CARTESIAN_POINT('',(15.66,7.355227538142E-16,1.510198));
#6337 = DIRECTION('',(-0.,0.,-1.));
#6338 = DIRECTION('',(-0.,-1.,0.));
#6339 = FACE_BOUND('',#6340,.T.);
#6340 = EDGE_LOOP('',(#6341));
#6341 = ORIENTED_EDGE('',*,*,#6342,.T.);
#6342 = EDGE_CURVE('',#6343,#6343,#6345,.T.);
#6343 = VERTEX_POINT('',#6344);
#6344 = CARTESIAN_POINT('',(18.2,-0.425,1.510198));
#6345 = CIRCLE('',#6346,0.425);
#6346 = AXIS2_PLACEMENT_3D('',#6347,#6348,#6349);
#6347 = CARTESIAN_POINT('',(18.2,2.525757381022E-15,1.510198));
#6348 = DIRECTION('',(-0.,0.,-1.));
#6349 = DIRECTION('',(-0.,-1.,0.));
#6350 = FACE_BOUND('',#6351,.T.);
#6351 = EDGE_LOOP('',(#6352));
#6352 = ORIENTED_EDGE('',*,*,#6353,.T.);
#6353 = EDGE_CURVE('',#6354,#6354,#6356,.T.);
#6354 = VERTEX_POINT('',#6355);
#6355 = CARTESIAN_POINT('',(-12.738,3.305,1.510198));
#6356 = CIRCLE('',#6357,0.425);
#6357 = AXIS2_PLACEMENT_3D('',#6358,#6359,#6360);
#6358 = CARTESIAN_POINT('',(-12.738,3.73,1.510198));
#6359 = DIRECTION('',(-0.,0.,-1.));
#6360 = DIRECTION('',(-0.,-1.,0.));
#6361 = FACE_BOUND('',#6362,.T.);
#6362 = EDGE_LOOP('',(#6363));
#6363 = ORIENTED_EDGE('',*,*,#6364,.T.);
#6364 = EDGE_CURVE('',#6365,#6365,#6367,.T.);
#6365 = VERTEX_POINT('',#6366);
#6366 = CARTESIAN_POINT('',(-16.4195,10.005,1.510198));
#6367 = CIRCLE('',#6368,0.4);
#6368 = AXIS2_PLACEMENT_3D('',#6369,#6370,#6371);
#6369 = CARTESIAN_POINT('',(-16.4195,10.405,1.510198));
#6370 = DIRECTION('',(-0.,0.,-1.));
#6371 = DIRECTION('',(-0.,-1.,0.));
#6372 = FACE_BOUND('',#6373,.T.);
#6373 = EDGE_LOOP('',(#6374));
#6374 = ORIENTED_EDGE('',*,*,#6375,.T.);
#6375 = EDGE_CURVE('',#6376,#6376,#6378,.T.);
#6376 = VERTEX_POINT('',#6377);
#6377 = CARTESIAN_POINT('',(-16.4195,11.855,1.510198));
#6378 = CIRCLE('',#6379,0.4);
#6379 = AXIS2_PLACEMENT_3D('',#6380,#6381,#6382);
#6380 = CARTESIAN_POINT('',(-16.4195,12.255,1.510198));
#6381 = DIRECTION('',(-0.,0.,-1.));
#6382 = DIRECTION('',(-0.,-1.,0.));
#6383 = FACE_BOUND('',#6384,.T.);
#6384 = EDGE_LOOP('',(#6385));
#6385 = ORIENTED_EDGE('',*,*,#6386,.T.);
#6386 = EDGE_CURVE('',#6387,#6387,#6389,.T.);
#6387 = VERTEX_POINT('',#6388);
#6388 = CARTESIAN_POINT('',(-12.738,15.624,1.510198));
#6389 = CIRCLE('',#6390,0.425);
#6390 = AXIS2_PLACEMENT_3D('',#6391,#6392,#6393);
#6391 = CARTESIAN_POINT('',(-12.738,16.049,1.510198));
#6392 = DIRECTION('',(-0.,0.,-1.));
#6393 = DIRECTION('',(-0.,-1.,0.));
#6394 = FACE_BOUND('',#6395,.T.);
#6395 = EDGE_LOOP('',(#6396));
#6396 = ORIENTED_EDGE('',*,*,#6397,.T.);
#6397 = EDGE_CURVE('',#6398,#6398,#6400,.T.);
#6398 = VERTEX_POINT('',#6399);
#6399 = CARTESIAN_POINT('',(-9.445,19.095,1.510198));
#6400 = CIRCLE('',#6401,0.4);
#6401 = AXIS2_PLACEMENT_3D('',#6402,#6403,#6404);
#6402 = CARTESIAN_POINT('',(-9.445,19.495,1.510198));
#6403 = DIRECTION('',(-0.,0.,-1.));
#6404 = DIRECTION('',(-0.,-1.,0.));
#6405 = FACE_BOUND('',#6406,.T.);
#6406 = EDGE_LOOP('',(#6407));
#6407 = ORIENTED_EDGE('',*,*,#6408,.T.);
#6408 = EDGE_CURVE('',#6409,#6409,#6411,.T.);
#6409 = VERTEX_POINT('',#6410);
#6410 = CARTESIAN_POINT('',(-7.595,19.095,1.510198));
#6411 = CIRCLE('',#6412,0.4);
#6412 = AXIS2_PLACEMENT_3D('',#6413,#6414,#6415);
#6413 = CARTESIAN_POINT('',(-7.595,19.495,1.510198));
#6414 = DIRECTION('',(-0.,0.,-1.));
#6415 = DIRECTION('',(2.22044604925E-15,-1.,-0.));
#6416 = FACE_BOUND('',#6417,.T.);
#6417 = EDGE_LOOP('',(#6418));
#6418 = ORIENTED_EDGE('',*,*,#6419,.T.);
#6419 = EDGE_CURVE('',#6420,#6420,#6422,.T.);
#6420 = VERTEX_POINT('',#6421);
#6421 = CARTESIAN_POINT('',(16.3958,3.305,1.510198));
#6422 = CIRCLE('',#6423,0.425);
#6423 = AXIS2_PLACEMENT_3D('',#6424,#6425,#6426);
#6424 = CARTESIAN_POINT('',(16.3958,3.73,1.510198));
#6425 = DIRECTION('',(-0.,0.,-1.));
#6426 = DIRECTION('',(-0.,-1.,0.));
#6427 = FACE_BOUND('',#6428,.T.);
#6428 = EDGE_LOOP('',(#6429));
#6429 = ORIENTED_EDGE('',*,*,#6430,.T.);
#6430 = EDGE_CURVE('',#6431,#6431,#6433,.T.);
#6431 = VERTEX_POINT('',#6432);
#6432 = CARTESIAN_POINT('',(19.538,10.005,1.510198));
#6433 = CIRCLE('',#6434,0.4);
#6434 = AXIS2_PLACEMENT_3D('',#6435,#6436,#6437);
#6435 = CARTESIAN_POINT('',(19.538,10.405,1.510198));
#6436 = DIRECTION('',(-0.,0.,-1.));
#6437 = DIRECTION('',(-0.,-1.,0.));
#6438 = FACE_BOUND('',#6439,.T.);
#6439 = EDGE_LOOP('',(#6440));
#6440 = ORIENTED_EDGE('',*,*,#6441,.T.);
#6441 = EDGE_CURVE('',#6442,#6442,#6444,.T.);
#6442 = VERTEX_POINT('',#6443);
#6443 = CARTESIAN_POINT('',(19.538,11.855,1.510198));
#6444 = CIRCLE('',#6445,0.4);
#6445 = AXIS2_PLACEMENT_3D('',#6446,#6447,#6448);
#6446 = CARTESIAN_POINT('',(19.538,12.255,1.510198));
#6447 = DIRECTION('',(-0.,0.,-1.));
#6448 = DIRECTION('',(-0.,-1.,0.));
#6449 = FACE_BOUND('',#6450,.T.);
#6450 = EDGE_LOOP('',(#6451));
#6451 = ORIENTED_EDGE('',*,*,#6452,.T.);
#6452 = EDGE_CURVE('',#6453,#6453,#6455,.T.);
#6453 = VERTEX_POINT('',#6454);
#6454 = CARTESIAN_POINT('',(12.655,19.165,1.510198));
#6455 = CIRCLE('',#6456,0.4);
#6456 = AXIS2_PLACEMENT_3D('',#6457,#6458,#6459);
#6457 = CARTESIAN_POINT('',(12.655,19.565,1.510198));
#6458 = DIRECTION('',(-0.,0.,-1.));
#6459 = DIRECTION('',(-4.440892098501E-15,-1.,0.));
#6460 = FACE_BOUND('',#6461,.T.);
#6461 = EDGE_LOOP('',(#6462));
#6462 = ORIENTED_EDGE('',*,*,#6463,.T.);
#6463 = EDGE_CURVE('',#6464,#6464,#6466,.T.);
#6464 = VERTEX_POINT('',#6465);
#6465 = CARTESIAN_POINT('',(14.505,19.165,1.510198));
#6466 = CIRCLE('',#6467,0.4);
#6467 = AXIS2_PLACEMENT_3D('',#6468,#6469,#6470);
#6468 = CARTESIAN_POINT('',(14.505,19.565,1.510198));
#6469 = DIRECTION('',(-0.,0.,-1.));
#6470 = DIRECTION('',(4.440892098501E-15,-1.,-0.));
#6471 = FACE_BOUND('',#6472,.T.);
#6472 = EDGE_LOOP('',(#6473));
#6473 = ORIENTED_EDGE('',*,*,#6474,.T.);
#6474 = EDGE_CURVE('',#6475,#6475,#6477,.T.);
#6475 = VERTEX_POINT('',#6476);
#6476 = CARTESIAN_POINT('',(16.3958,15.624,1.510198));
#6477 = CIRCLE('',#6478,0.425);
#6478 = AXIS2_PLACEMENT_3D('',#6479,#6480,#6481);
#6479 = CARTESIAN_POINT('',(16.3958,16.049,1.510198));
#6480 = DIRECTION('',(-0.,0.,-1.));
#6481 = DIRECTION('',(-0.,-1.,0.));
#6482 = PLANE('',#6483);
#6483 = AXIS2_PLACEMENT_3D('',#6484,#6485,#6486);
#6484 = CARTESIAN_POINT('',(0.,0.,1.510198));
#6485 = DIRECTION('',(0.,0.,1.));
#6486 = DIRECTION('',(1.,0.,-0.));
#6487 = ADVANCED_FACE('',(#6488),#6499,.T.);
#6488 = FACE_BOUND('',#6489,.T.);
#6489 = EDGE_LOOP('',(#6490,#6496,#6497,#6498));
#6490 = ORIENTED_EDGE('',*,*,#6491,.T.);
#6491 = EDGE_CURVE('',#5626,#6060,#6492,.T.);
#6492 = LINE('',#6493,#6494);
#6493 = CARTESIAN_POINT('',(-12.12,21.08,0.));
#6494 = VECTOR('',#6495,1.);
#6495 = DIRECTION('',(0.,0.,1.));
#6496 = ORIENTED_EDGE('',*,*,#6059,.T.);
#6497 = ORIENTED_EDGE('',*,*,#5561,.F.);
#6498 = ORIENTED_EDGE('',*,*,#5625,.F.);
#6499 = PLANE('',#6500);
#6500 = AXIS2_PLACEMENT_3D('',#6501,#6502,#6503);
#6501 = CARTESIAN_POINT('',(-12.12,21.08,0.));
#6502 = DIRECTION('',(0.,1.,0.));
#6503 = DIRECTION('',(1.,0.,0.));
#6504 = ADVANCED_FACE('',(#6505),#6516,.T.);
#6505 = FACE_BOUND('',#6506,.T.);
#6506 = EDGE_LOOP('',(#6507,#6508,#6509,#6515));
#6507 = ORIENTED_EDGE('',*,*,#5601,.T.);
#6508 = ORIENTED_EDGE('',*,*,#6091,.T.);
#6509 = ORIENTED_EDGE('',*,*,#6510,.F.);
#6510 = EDGE_CURVE('',#5650,#6084,#6511,.T.);
#6511 = LINE('',#6512,#6513);
#6512 = CARTESIAN_POINT('',(-18.22,-19.178,0.));
#6513 = VECTOR('',#6514,1.);
#6514 = DIRECTION('',(0.,0.,1.));
#6515 = ORIENTED_EDGE('',*,*,#5657,.F.);
#6516 = PLANE('',#6517);
#6517 = AXIS2_PLACEMENT_3D('',#6518,#6519,#6520);
#6518 = CARTESIAN_POINT('',(21.652,-19.178,0.));
#6519 = DIRECTION('',(0.,-1.,0.));
#6520 = DIRECTION('',(-1.,0.,0.));
#6521 = ADVANCED_FACE('',(#6522),#6533,.T.);
#6522 = FACE_BOUND('',#6523,.T.);
#6523 = EDGE_LOOP('',(#6524,#6530,#6531,#6532));
#6524 = ORIENTED_EDGE('',*,*,#6525,.T.);
#6525 = EDGE_CURVE('',#5634,#6068,#6526,.T.);
#6526 = LINE('',#6527,#6528);
#6527 = CARTESIAN_POINT('',(-12.22,20.98,0.));
#6528 = VECTOR('',#6529,1.);
#6529 = DIRECTION('',(0.,0.,1.));
#6530 = ORIENTED_EDGE('',*,*,#6067,.T.);
#6531 = ORIENTED_EDGE('',*,*,#6491,.F.);
#6532 = ORIENTED_EDGE('',*,*,#5633,.F.);
#6533 = PLANE('',#6534);
#6534 = AXIS2_PLACEMENT_3D('',#6535,#6536,#6537);
#6535 = CARTESIAN_POINT('',(-12.22,20.98,0.));
#6536 = DIRECTION('',(-0.707106781187,0.707106781187,0.));
#6537 = DIRECTION('',(0.707106781187,0.707106781187,0.));
#6538 = ADVANCED_FACE('',(#6539),#6550,.T.);
#6539 = FACE_BOUND('',#6540,.T.);
#6540 = EDGE_LOOP('',(#6541,#6542,#6543,#6549));
#6541 = ORIENTED_EDGE('',*,*,#6510,.T.);
#6542 = ORIENTED_EDGE('',*,*,#6083,.T.);
#6543 = ORIENTED_EDGE('',*,*,#6544,.F.);
#6544 = EDGE_CURVE('',#5642,#6076,#6545,.T.);
#6545 = LINE('',#6546,#6547);
#6546 = CARTESIAN_POINT('',(-18.22,13.838244,0.));
#6547 = VECTOR('',#6548,1.);
#6548 = DIRECTION('',(0.,0.,1.));
#6549 = ORIENTED_EDGE('',*,*,#5649,.F.);
#6550 = PLANE('',#6551);
#6551 = AXIS2_PLACEMENT_3D('',#6552,#6553,#6554);
#6552 = CARTESIAN_POINT('',(-18.22,-19.178,0.));
#6553 = DIRECTION('',(-1.,0.,0.));
#6554 = DIRECTION('',(0.,1.,0.));
#6555 = ADVANCED_FACE('',(#6556),#6562,.T.);
#6556 = FACE_BOUND('',#6557,.T.);
#6557 = EDGE_LOOP('',(#6558,#6559,#6560,#6561));
#6558 = ORIENTED_EDGE('',*,*,#6544,.T.);
#6559 = ORIENTED_EDGE('',*,*,#6075,.T.);
#6560 = ORIENTED_EDGE('',*,*,#6525,.F.);
#6561 = ORIENTED_EDGE('',*,*,#5641,.F.);
#6562 = PLANE('',#6563);
#6563 = AXIS2_PLACEMENT_3D('',#6564,#6565,#6566);
#6564 = CARTESIAN_POINT('',(-18.22,13.838244,0.));
#6565 = DIRECTION('',(-0.765656025046,0.643250224493,0.));
#6566 = DIRECTION('',(0.643250224493,0.765656025046,0.));
#6567 = ADVANCED_FACE('',(#6568),#6579,.F.);
#6568 = FACE_BOUND('',#6569,.T.);
#6569 = EDGE_LOOP('',(#6570,#6571,#6577,#6578));
#6570 = ORIENTED_EDGE('',*,*,#5666,.T.);
#6571 = ORIENTED_EDGE('',*,*,#6572,.T.);
#6572 = EDGE_CURVE('',#5667,#6101,#6573,.T.);
#6573 = LINE('',#6574,#6575);
#6574 = CARTESIAN_POINT('',(-12.586,-15.484,-4.6E-02));
#6575 = VECTOR('',#6576,1.);
#6576 = DIRECTION('',(0.,0.,1.));
#6577 = ORIENTED_EDGE('',*,*,#6100,.F.);
#6578 = ORIENTED_EDGE('',*,*,#6572,.F.);
#6579 = CYLINDRICAL_SURFACE('',#6580,0.5);
#6580 = AXIS2_PLACEMENT_3D('',#6581,#6582,#6583);
#6581 = CARTESIAN_POINT('',(-12.586,-14.984,-4.6E-02));
#6582 = DIRECTION('',(-0.,-0.,-1.));
#6583 = DIRECTION('',(-0.,-1.,0.));
#6584 = ADVANCED_FACE('',(#6585),#6596,.F.);
#6585 = FACE_BOUND('',#6586,.T.);
#6586 = EDGE_LOOP('',(#6587,#6588,#6594,#6595));
#6587 = ORIENTED_EDGE('',*,*,#5677,.T.);
#6588 = ORIENTED_EDGE('',*,*,#6589,.T.);
#6589 = EDGE_CURVE('',#5678,#6112,#6590,.T.);
#6590 = LINE('',#6591,#6592);
#6591 = CARTESIAN_POINT('',(-12.586,-7.484,-4.6E-02));
#6592 = VECTOR('',#6593,1.);
#6593 = DIRECTION('',(0.,0.,1.));
#6594 = ORIENTED_EDGE('',*,*,#6111,.F.);
#6595 = ORIENTED_EDGE('',*,*,#6589,.F.);
#6596 = CYLINDRICAL_SURFACE('',#6597,0.5);
#6597 = AXIS2_PLACEMENT_3D('',#6598,#6599,#6600);
#6598 = CARTESIAN_POINT('',(-12.586,-6.984,-4.6E-02));
#6599 = DIRECTION('',(-0.,-0.,-1.));
#6600 = DIRECTION('',(-0.,-1.,0.));
#6601 = ADVANCED_FACE('',(#6602),#6613,.F.);
#6602 = FACE_BOUND('',#6603,.T.);
#6603 = EDGE_LOOP('',(#6604,#6605,#6611,#6612));
#6604 = ORIENTED_EDGE('',*,*,#5688,.T.);
#6605 = ORIENTED_EDGE('',*,*,#6606,.T.);
#6606 = EDGE_CURVE('',#5689,#6123,#6607,.T.);
#6607 = LINE('',#6608,#6609);
#6608 = CARTESIAN_POINT('',(-15.24,-0.525,-4.6E-02));
#6609 = VECTOR('',#6610,1.);
#6610 = DIRECTION('',(0.,0.,1.));
#6611 = ORIENTED_EDGE('',*,*,#6122,.F.);
#6612 = ORIENTED_EDGE('',*,*,#6606,.F.);
#6613 = CYLINDRICAL_SURFACE('',#6614,0.425);
#6614 = AXIS2_PLACEMENT_3D('',#6615,#6616,#6617);
#6615 = CARTESIAN_POINT('',(-15.24,-0.1,-4.6E-02));
#6616 = DIRECTION('',(-0.,-0.,-1.));
#6617 = DIRECTION('',(-4.17966315153E-15,-1.,0.));
#6618 = ADVANCED_FACE('',(#6619),#6630,.F.);
#6619 = FACE_BOUND('',#6620,.T.);
#6620 = EDGE_LOOP('',(#6621,#6622,#6628,#6629));
#6621 = ORIENTED_EDGE('',*,*,#5699,.T.);
#6622 = ORIENTED_EDGE('',*,*,#6623,.T.);
#6623 = EDGE_CURVE('',#5700,#6134,#6624,.T.);
#6624 = LINE('',#6625,#6626);
#6625 = CARTESIAN_POINT('',(-12.7,-0.525,-4.6E-02));
#6626 = VECTOR('',#6627,1.);
#6627 = DIRECTION('',(0.,0.,1.));
#6628 = ORIENTED_EDGE('',*,*,#6133,.F.);
#6629 = ORIENTED_EDGE('',*,*,#6623,.F.);
#6630 = CYLINDRICAL_SURFACE('',#6631,0.425);
#6631 = AXIS2_PLACEMENT_3D('',#6632,#6633,#6634);
#6632 = CARTESIAN_POINT('',(-12.7,-0.1,-4.6E-02));
#6633 = DIRECTION('',(-0.,-0.,-1.));
#6634 = DIRECTION('',(-0.,-1.,0.));
#6635 = ADVANCED_FACE('',(#6636),#6647,.F.);
#6636 = FACE_BOUND('',#6637,.T.);
#6637 = EDGE_LOOP('',(#6638,#6639,#6645,#6646));
#6638 = ORIENTED_EDGE('',*,*,#5710,.T.);
#6639 = ORIENTED_EDGE('',*,*,#6640,.T.);
#6640 = EDGE_CURVE('',#5711,#6145,#6641,.T.);
#6641 = LINE('',#6642,#6643);
#6642 = CARTESIAN_POINT('',(-5.08,-0.525,-4.6E-02));
#6643 = VECTOR('',#6644,1.);
#6644 = DIRECTION('',(0.,0.,1.));
#6645 = ORIENTED_EDGE('',*,*,#6144,.F.);
#6646 = ORIENTED_EDGE('',*,*,#6640,.F.);
#6647 = CYLINDRICAL_SURFACE('',#6648,0.425);
#6648 = AXIS2_PLACEMENT_3D('',#6649,#6650,#6651);
#6649 = CARTESIAN_POINT('',(-5.08,-1.E-01,-4.6E-02));
#6650 = DIRECTION('',(-0.,-0.,-1.));
#6651 = DIRECTION('',(-0.,-1.,0.));
#6652 = ADVANCED_FACE('',(#6653),#6664,.F.);
#6653 = FACE_BOUND('',#6654,.T.);
#6654 = EDGE_LOOP('',(#6655,#6656,#6662,#6663));
#6655 = ORIENTED_EDGE('',*,*,#5721,.T.);
#6656 = ORIENTED_EDGE('',*,*,#6657,.T.);
#6657 = EDGE_CURVE('',#5722,#6156,#6658,.T.);
#6658 = LINE('',#6659,#6660);
#6659 = CARTESIAN_POINT('',(-2.54,-0.525,-4.6E-02));
#6660 = VECTOR('',#6661,1.);
#6661 = DIRECTION('',(0.,0.,1.));
#6662 = ORIENTED_EDGE('',*,*,#6155,.F.);
#6663 = ORIENTED_EDGE('',*,*,#6657,.F.);
#6664 = CYLINDRICAL_SURFACE('',#6665,0.425);
#6665 = AXIS2_PLACEMENT_3D('',#6666,#6667,#6668);
#6666 = CARTESIAN_POINT('',(-2.54,-0.1,-4.6E-02));
#6667 = DIRECTION('',(-0.,-0.,-1.));
#6668 = DIRECTION('',(-0.,-1.,0.));
#6669 = ADVANCED_FACE('',(#6670),#6681,.F.);
#6670 = FACE_BOUND('',#6671,.T.);
#6671 = EDGE_LOOP('',(#6672,#6673,#6679,#6680));
#6672 = ORIENTED_EDGE('',*,*,#5732,.T.);
#6673 = ORIENTED_EDGE('',*,*,#6674,.T.);
#6674 = EDGE_CURVE('',#5733,#6167,#6675,.T.);
#6675 = LINE('',#6676,#6677);
#6676 = CARTESIAN_POINT('',(-6.162975822039E-33,-0.525,-4.6E-02));
#6677 = VECTOR('',#6678,1.);
#6678 = DIRECTION('',(0.,0.,1.));
#6679 = ORIENTED_EDGE('',*,*,#6166,.F.);
#6680 = ORIENTED_EDGE('',*,*,#6674,.F.);
#6681 = CYLINDRICAL_SURFACE('',#6682,0.425);
#6682 = AXIS2_PLACEMENT_3D('',#6683,#6684,#6685);
#6683 = CARTESIAN_POINT('',(2.775557561563E-17,-0.1,-4.6E-02));
#6684 = DIRECTION('',(-0.,-0.,-1.));
#6685 = DIRECTION('',(-6.530723674266E-17,-1.,0.));
#6686 = ADVANCED_FACE('',(#6687),#6698,.F.);
#6687 = FACE_BOUND('',#6688,.T.);
#6688 = EDGE_LOOP('',(#6689,#6690,#6696,#6697));
#6689 = ORIENTED_EDGE('',*,*,#5743,.T.);
#6690 = ORIENTED_EDGE('',*,*,#6691,.T.);
#6691 = EDGE_CURVE('',#5744,#6178,#6692,.T.);
#6692 = LINE('',#6693,#6694);
#6693 = CARTESIAN_POINT('',(2.96,-15.665,-4.6E-02));
#6694 = VECTOR('',#6695,1.);
#6695 = DIRECTION('',(0.,0.,1.));
#6696 = ORIENTED_EDGE('',*,*,#6177,.F.);
#6697 = ORIENTED_EDGE('',*,*,#6691,.F.);
#6698 = CYLINDRICAL_SURFACE('',#6699,0.425);
#6699 = AXIS2_PLACEMENT_3D('',#6700,#6701,#6702);
#6700 = CARTESIAN_POINT('',(2.96,-15.24,-4.6E-02));
#6701 = DIRECTION('',(-0.,-0.,-1.));
#6702 = DIRECTION('',(-0.,-1.,0.));
#6703 = ADVANCED_FACE('',(#6704),#6715,.F.);
#6704 = FACE_BOUND('',#6705,.T.);
#6705 = EDGE_LOOP('',(#6706,#6707,#6713,#6714));
#6706 = ORIENTED_EDGE('',*,*,#5754,.T.);
#6707 = ORIENTED_EDGE('',*,*,#6708,.T.);
#6708 = EDGE_CURVE('',#5755,#6189,#6709,.T.);
#6709 = LINE('',#6710,#6711);
#6710 = CARTESIAN_POINT('',(5.5,-15.665,-4.6E-02));
#6711 = VECTOR('',#6712,1.);
#6712 = DIRECTION('',(0.,0.,1.));
#6713 = ORIENTED_EDGE('',*,*,#6188,.F.);
#6714 = ORIENTED_EDGE('',*,*,#6708,.F.);
#6715 = CYLINDRICAL_SURFACE('',#6716,0.425);
#6716 = AXIS2_PLACEMENT_3D('',#6717,#6718,#6719);
#6717 = CARTESIAN_POINT('',(5.5,-15.24,-4.6E-02));
#6718 = DIRECTION('',(-0.,-0.,-1.));
#6719 = DIRECTION('',(-0.,-1.,0.));
#6720 = ADVANCED_FACE('',(#6721),#6732,.F.);
#6721 = FACE_BOUND('',#6722,.T.);
#6722 = EDGE_LOOP('',(#6723,#6724,#6730,#6731));
#6723 = ORIENTED_EDGE('',*,*,#5765,.T.);
#6724 = ORIENTED_EDGE('',*,*,#6725,.T.);
#6725 = EDGE_CURVE('',#5766,#6200,#6726,.T.);
#6726 = LINE('',#6727,#6728);
#6727 = CARTESIAN_POINT('',(8.04,-15.665,-4.6E-02));
#6728 = VECTOR('',#6729,1.);
#6729 = DIRECTION('',(0.,0.,1.));
#6730 = ORIENTED_EDGE('',*,*,#6199,.F.);
#6731 = ORIENTED_EDGE('',*,*,#6725,.F.);
#6732 = CYLINDRICAL_SURFACE('',#6733,0.425);
#6733 = AXIS2_PLACEMENT_3D('',#6734,#6735,#6736);
#6734 = CARTESIAN_POINT('',(8.04,-15.24,-4.6E-02));
#6735 = DIRECTION('',(-0.,-0.,-1.));
#6736 = DIRECTION('',(-0.,-1.,0.));
#6737 = ADVANCED_FACE('',(#6738),#6749,.F.);
#6738 = FACE_BOUND('',#6739,.T.);
#6739 = EDGE_LOOP('',(#6740,#6741,#6747,#6748));
#6740 = ORIENTED_EDGE('',*,*,#5776,.T.);
#6741 = ORIENTED_EDGE('',*,*,#6742,.T.);
#6742 = EDGE_CURVE('',#5777,#6211,#6743,.T.);
#6743 = LINE('',#6744,#6745);
#6744 = CARTESIAN_POINT('',(10.58,-15.665,-4.6E-02));
#6745 = VECTOR('',#6746,1.);
#6746 = DIRECTION('',(0.,0.,1.));
#6747 = ORIENTED_EDGE('',*,*,#6210,.F.);
#6748 = ORIENTED_EDGE('',*,*,#6742,.F.);
#6749 = CYLINDRICAL_SURFACE('',#6750,0.425);
#6750 = AXIS2_PLACEMENT_3D('',#6751,#6752,#6753);
#6751 = CARTESIAN_POINT('',(10.58,-15.24,-4.6E-02));
#6752 = DIRECTION('',(-0.,-0.,-1.));
#6753 = DIRECTION('',(-0.,-1.,0.));
#6754 = ADVANCED_FACE('',(#6755),#6766,.F.);
#6755 = FACE_BOUND('',#6756,.T.);
#6756 = EDGE_LOOP('',(#6757,#6758,#6764,#6765));
#6757 = ORIENTED_EDGE('',*,*,#5787,.T.);
#6758 = ORIENTED_EDGE('',*,*,#6759,.T.);
#6759 = EDGE_CURVE('',#5788,#6222,#6760,.T.);
#6760 = LINE('',#6761,#6762);
#6761 = CARTESIAN_POINT('',(9.608,-7.47,-4.6E-02));
#6762 = VECTOR('',#6763,1.);
#6763 = DIRECTION('',(0.,0.,1.));
#6764 = ORIENTED_EDGE('',*,*,#6221,.F.);
#6765 = ORIENTED_EDGE('',*,*,#6759,.F.);
#6766 = CYLINDRICAL_SURFACE('',#6767,0.55);
#6767 = AXIS2_PLACEMENT_3D('',#6768,#6769,#6770);
#6768 = CARTESIAN_POINT('',(9.608,-6.92,-4.6E-02));
#6769 = DIRECTION('',(-0.,-0.,-1.));
#6770 = DIRECTION('',(-0.,-1.,0.));
#6771 = ADVANCED_FACE('',(#6772),#6783,.F.);
#6772 = FACE_BOUND('',#6773,.T.);
#6773 = EDGE_LOOP('',(#6774,#6775,#6781,#6782));
#6774 = ORIENTED_EDGE('',*,*,#5798,.T.);
#6775 = ORIENTED_EDGE('',*,*,#6776,.T.);
#6776 = EDGE_CURVE('',#5799,#6233,#6777,.T.);
#6777 = LINE('',#6778,#6779);
#6778 = CARTESIAN_POINT('',(13.12,-15.665,-4.6E-02));
#6779 = VECTOR('',#6780,1.);
#6780 = DIRECTION('',(0.,0.,1.));
#6781 = ORIENTED_EDGE('',*,*,#6232,.F.);
#6782 = ORIENTED_EDGE('',*,*,#6776,.F.);
#6783 = CYLINDRICAL_SURFACE('',#6784,0.425);
#6784 = AXIS2_PLACEMENT_3D('',#6785,#6786,#6787);
#6785 = CARTESIAN_POINT('',(13.12,-15.24,-4.6E-02));
#6786 = DIRECTION('',(-0.,-0.,-1.));
#6787 = DIRECTION('',(-4.17966315153E-15,-1.,0.));
#6788 = ADVANCED_FACE('',(#6789),#6800,.F.);
#6789 = FACE_BOUND('',#6790,.T.);
#6790 = EDGE_LOOP('',(#6791,#6792,#6798,#6799));
#6791 = ORIENTED_EDGE('',*,*,#5809,.T.);
#6792 = ORIENTED_EDGE('',*,*,#6793,.T.);
#6793 = EDGE_CURVE('',#5810,#6244,#6794,.T.);
#6794 = LINE('',#6795,#6796);
#6795 = CARTESIAN_POINT('',(18.2,-15.665,-4.6E-02));
#6796 = VECTOR('',#6797,1.);
#6797 = DIRECTION('',(0.,0.,1.));
#6798 = ORIENTED_EDGE('',*,*,#6243,.F.);
#6799 = ORIENTED_EDGE('',*,*,#6793,.F.);
#6800 = CYLINDRICAL_SURFACE('',#6801,0.425);
#6801 = AXIS2_PLACEMENT_3D('',#6802,#6803,#6804);
#6802 = CARTESIAN_POINT('',(18.2,-15.24,-4.6E-02));
#6803 = DIRECTION('',(-0.,-0.,-1.));
#6804 = DIRECTION('',(-0.,-1.,0.));
#6805 = ADVANCED_FACE('',(#6806),#6817,.F.);
#6806 = FACE_BOUND('',#6807,.T.);
#6807 = EDGE_LOOP('',(#6808,#6809,#6815,#6816));
#6808 = ORIENTED_EDGE('',*,*,#5820,.T.);
#6809 = ORIENTED_EDGE('',*,*,#6810,.T.);
#6810 = EDGE_CURVE('',#5821,#6255,#6811,.T.);
#6811 = LINE('',#6812,#6813);
#6812 = CARTESIAN_POINT('',(18.752,-7.47,-4.6E-02));
#6813 = VECTOR('',#6814,1.);
#6814 = DIRECTION('',(0.,0.,1.));
#6815 = ORIENTED_EDGE('',*,*,#6254,.F.);
#6816 = ORIENTED_EDGE('',*,*,#6810,.F.);
#6817 = CYLINDRICAL_SURFACE('',#6818,0.55);
#6818 = AXIS2_PLACEMENT_3D('',#6819,#6820,#6821);
#6819 = CARTESIAN_POINT('',(18.752,-6.92,-4.6E-02));
#6820 = DIRECTION('',(-0.,-0.,-1.));
#6821 = DIRECTION('',(-6.459479416001E-15,-1.,0.));
#6822 = ADVANCED_FACE('',(#6823),#6834,.F.);
#6823 = FACE_BOUND('',#6824,.T.);
#6824 = EDGE_LOOP('',(#6825,#6826,#6832,#6833));
#6825 = ORIENTED_EDGE('',*,*,#5831,.T.);
#6826 = ORIENTED_EDGE('',*,*,#6827,.T.);
#6827 = EDGE_CURVE('',#5832,#6266,#6828,.T.);
#6828 = LINE('',#6829,#6830);
#6829 = CARTESIAN_POINT('',(10.58,-3.473,-4.6E-02));
#6830 = VECTOR('',#6831,1.);
#6831 = DIRECTION('',(0.,0.,1.));
#6832 = ORIENTED_EDGE('',*,*,#6265,.F.);
#6833 = ORIENTED_EDGE('',*,*,#6827,.F.);
#6834 = CYLINDRICAL_SURFACE('',#6835,0.425);
#6835 = AXIS2_PLACEMENT_3D('',#6836,#6837,#6838);
#6836 = CARTESIAN_POINT('',(10.58,-3.048,-4.6E-02));
#6837 = DIRECTION('',(-0.,-0.,-1.));
#6838 = DIRECTION('',(-0.,-1.,0.));
#6839 = ADVANCED_FACE('',(#6840),#6851,.F.);
#6840 = FACE_BOUND('',#6841,.T.);
#6841 = EDGE_LOOP('',(#6842,#6843,#6849,#6850));
#6842 = ORIENTED_EDGE('',*,*,#5842,.T.);
#6843 = ORIENTED_EDGE('',*,*,#6844,.T.);
#6844 = EDGE_CURVE('',#5843,#6277,#6845,.T.);
#6845 = LINE('',#6846,#6847);
#6846 = CARTESIAN_POINT('',(2.96,-0.425,-4.6E-02));
#6847 = VECTOR('',#6848,1.);
#6848 = DIRECTION('',(0.,0.,1.));
#6849 = ORIENTED_EDGE('',*,*,#6276,.F.);
#6850 = ORIENTED_EDGE('',*,*,#6844,.F.);
#6851 = CYLINDRICAL_SURFACE('',#6852,0.425);
#6852 = AXIS2_PLACEMENT_3D('',#6853,#6854,#6855);
#6853 = CARTESIAN_POINT('',(2.96,-6.938893903907E-17,-4.6E-02));
#6854 = DIRECTION('',(-0.,-0.,-1.));
#6855 = DIRECTION('',(-0.,-1.,0.));
#6856 = ADVANCED_FACE('',(#6857),#6868,.F.);
#6857 = FACE_BOUND('',#6858,.T.);
#6858 = EDGE_LOOP('',(#6859,#6860,#6866,#6867));
#6859 = ORIENTED_EDGE('',*,*,#5853,.T.);
#6860 = ORIENTED_EDGE('',*,*,#6861,.T.);
#6861 = EDGE_CURVE('',#5854,#6288,#6862,.T.);
#6862 = LINE('',#6863,#6864);
#6863 = CARTESIAN_POINT('',(5.5,-0.425,-4.6E-02));
#6864 = VECTOR('',#6865,1.);
#6865 = DIRECTION('',(0.,0.,1.));
#6866 = ORIENTED_EDGE('',*,*,#6287,.F.);
#6867 = ORIENTED_EDGE('',*,*,#6861,.F.);
#6868 = CYLINDRICAL_SURFACE('',#6869,0.425);
#6869 = AXIS2_PLACEMENT_3D('',#6870,#6871,#6872);
#6870 = CARTESIAN_POINT('',(5.5,3.885780586188E-16,-4.6E-02));
#6871 = DIRECTION('',(-0.,-0.,-1.));
#6872 = DIRECTION('',(-0.,-1.,0.));
#6873 = ADVANCED_FACE('',(#6874),#6885,.F.);
#6874 = FACE_BOUND('',#6875,.T.);
#6875 = EDGE_LOOP('',(#6876,#6877,#6883,#6884));
#6876 = ORIENTED_EDGE('',*,*,#5864,.T.);
#6877 = ORIENTED_EDGE('',*,*,#6878,.T.);
#6878 = EDGE_CURVE('',#5865,#6299,#6879,.T.);
#6879 = LINE('',#6880,#6881);
#6880 = CARTESIAN_POINT('',(8.04,-0.425,-4.6E-02));
#6881 = VECTOR('',#6882,1.);
#6882 = DIRECTION('',(0.,0.,1.));
#6883 = ORIENTED_EDGE('',*,*,#6298,.F.);
#6884 = ORIENTED_EDGE('',*,*,#6878,.F.);
#6885 = CYLINDRICAL_SURFACE('',#6886,0.425);
#6886 = AXIS2_PLACEMENT_3D('',#6887,#6888,#6889);
#6887 = CARTESIAN_POINT('',(8.04,7.355227538142E-16,-4.6E-02));
#6888 = DIRECTION('',(-0.,-0.,-1.));
#6889 = DIRECTION('',(-0.,-1.,0.));
#6890 = ADVANCED_FACE('',(#6891),#6902,.F.);
#6891 = FACE_BOUND('',#6892,.T.);
#6892 = EDGE_LOOP('',(#6893,#6894,#6900,#6901));
#6893 = ORIENTED_EDGE('',*,*,#5875,.T.);
#6894 = ORIENTED_EDGE('',*,*,#6895,.T.);
#6895 = EDGE_CURVE('',#5876,#6310,#6896,.T.);
#6896 = LINE('',#6897,#6898);
#6897 = CARTESIAN_POINT('',(10.58,-0.425,-4.6E-02));
#6898 = VECTOR('',#6899,1.);
#6899 = DIRECTION('',(0.,0.,1.));
#6900 = ORIENTED_EDGE('',*,*,#6309,.F.);
#6901 = ORIENTED_EDGE('',*,*,#6895,.F.);
#6902 = CYLINDRICAL_SURFACE('',#6903,0.425);
#6903 = AXIS2_PLACEMENT_3D('',#6904,#6905,#6906);
#6904 = CARTESIAN_POINT('',(10.58,7.355227538142E-16,-4.6E-02));
#6905 = DIRECTION('',(-0.,-0.,-1.));
#6906 = DIRECTION('',(-0.,-1.,0.));
#6907 = ADVANCED_FACE('',(#6908),#6919,.F.);
#6908 = FACE_BOUND('',#6909,.T.);
#6909 = EDGE_LOOP('',(#6910,#6911,#6917,#6918));
#6910 = ORIENTED_EDGE('',*,*,#5886,.T.);
#6911 = ORIENTED_EDGE('',*,*,#6912,.T.);
#6912 = EDGE_CURVE('',#5887,#6321,#6913,.T.);
#6913 = LINE('',#6914,#6915);
#6914 = CARTESIAN_POINT('',(13.12,-3.473,-4.6E-02));
#6915 = VECTOR('',#6916,1.);
#6916 = DIRECTION('',(0.,0.,1.));
#6917 = ORIENTED_EDGE('',*,*,#6320,.F.);
#6918 = ORIENTED_EDGE('',*,*,#6912,.F.);
#6919 = CYLINDRICAL_SURFACE('',#6920,0.425);
#6920 = AXIS2_PLACEMENT_3D('',#6921,#6922,#6923);
#6921 = CARTESIAN_POINT('',(13.12,-3.048,-4.6E-02));
#6922 = DIRECTION('',(-0.,-0.,-1.));
#6923 = DIRECTION('',(-4.17966315153E-15,-1.,0.));
#6924 = ADVANCED_FACE('',(#6925),#6936,.F.);
#6925 = FACE_BOUND('',#6926,.T.);
#6926 = EDGE_LOOP('',(#6927,#6928,#6934,#6935));
#6927 = ORIENTED_EDGE('',*,*,#5897,.T.);
#6928 = ORIENTED_EDGE('',*,*,#6929,.T.);
#6929 = EDGE_CURVE('',#5898,#6332,#6930,.T.);
#6930 = LINE('',#6931,#6932);
#6931 = CARTESIAN_POINT('',(15.66,-0.425,-4.6E-02));
#6932 = VECTOR('',#6933,1.);
#6933 = DIRECTION('',(0.,0.,1.));
#6934 = ORIENTED_EDGE('',*,*,#6331,.F.);
#6935 = ORIENTED_EDGE('',*,*,#6929,.F.);
#6936 = CYLINDRICAL_SURFACE('',#6937,0.425);
#6937 = AXIS2_PLACEMENT_3D('',#6938,#6939,#6940);
#6938 = CARTESIAN_POINT('',(15.66,7.355227538142E-16,-4.6E-02));
#6939 = DIRECTION('',(-0.,-0.,-1.));
#6940 = DIRECTION('',(-0.,-1.,0.));
#6941 = ADVANCED_FACE('',(#6942),#6953,.F.);
#6942 = FACE_BOUND('',#6943,.T.);
#6943 = EDGE_LOOP('',(#6944,#6945,#6951,#6952));
#6944 = ORIENTED_EDGE('',*,*,#5908,.T.);
#6945 = ORIENTED_EDGE('',*,*,#6946,.T.);
#6946 = EDGE_CURVE('',#5909,#6343,#6947,.T.);
#6947 = LINE('',#6948,#6949);
#6948 = CARTESIAN_POINT('',(18.2,-0.425,-4.6E-02));
#6949 = VECTOR('',#6950,1.);
#6950 = DIRECTION('',(0.,0.,1.));
#6951 = ORIENTED_EDGE('',*,*,#6342,.F.);
#6952 = ORIENTED_EDGE('',*,*,#6946,.F.);
#6953 = CYLINDRICAL_SURFACE('',#6954,0.425);
#6954 = AXIS2_PLACEMENT_3D('',#6955,#6956,#6957);
#6955 = CARTESIAN_POINT('',(18.2,2.525757381022E-15,-4.6E-02));
#6956 = DIRECTION('',(-0.,-0.,-1.));
#6957 = DIRECTION('',(-0.,-1.,0.));
#6958 = ADVANCED_FACE('',(#6959),#6970,.F.);
#6959 = FACE_BOUND('',#6960,.T.);
#6960 = EDGE_LOOP('',(#6961,#6962,#6968,#6969));
#6961 = ORIENTED_EDGE('',*,*,#5919,.T.);
#6962 = ORIENTED_EDGE('',*,*,#6963,.T.);
#6963 = EDGE_CURVE('',#5920,#6354,#6964,.T.);
#6964 = LINE('',#6965,#6966);
#6965 = CARTESIAN_POINT('',(-12.738,3.305,-4.6E-02));
#6966 = VECTOR('',#6967,1.);
#6967 = DIRECTION('',(0.,0.,1.));
#6968 = ORIENTED_EDGE('',*,*,#6353,.F.);
#6969 = ORIENTED_EDGE('',*,*,#6963,.F.);
#6970 = CYLINDRICAL_SURFACE('',#6971,0.425);
#6971 = AXIS2_PLACEMENT_3D('',#6972,#6973,#6974);
#6972 = CARTESIAN_POINT('',(-12.738,3.73,-4.6E-02));
#6973 = DIRECTION('',(-0.,-0.,-1.));
#6974 = DIRECTION('',(-0.,-1.,0.));
#6975 = ADVANCED_FACE('',(#6976),#6987,.F.);
#6976 = FACE_BOUND('',#6977,.T.);
#6977 = EDGE_LOOP('',(#6978,#6979,#6985,#6986));
#6978 = ORIENTED_EDGE('',*,*,#5930,.T.);
#6979 = ORIENTED_EDGE('',*,*,#6980,.T.);
#6980 = EDGE_CURVE('',#5931,#6365,#6981,.T.);
#6981 = LINE('',#6982,#6983);
#6982 = CARTESIAN_POINT('',(-16.4195,10.005,-4.6E-02));
#6983 = VECTOR('',#6984,1.);
#6984 = DIRECTION('',(0.,0.,1.));
#6985 = ORIENTED_EDGE('',*,*,#6364,.F.);
#6986 = ORIENTED_EDGE('',*,*,#6980,.F.);
#6987 = CYLINDRICAL_SURFACE('',#6988,0.4);
#6988 = AXIS2_PLACEMENT_3D('',#6989,#6990,#6991);
#6989 = CARTESIAN_POINT('',(-16.4195,10.405,-4.6E-02));
#6990 = DIRECTION('',(-0.,-0.,-1.));
#6991 = DIRECTION('',(-0.,-1.,0.));
#6992 = ADVANCED_FACE('',(#6993),#7004,.F.);
#6993 = FACE_BOUND('',#6994,.T.);
#6994 = EDGE_LOOP('',(#6995,#6996,#7002,#7003));
#6995 = ORIENTED_EDGE('',*,*,#5941,.T.);
#6996 = ORIENTED_EDGE('',*,*,#6997,.T.);
#6997 = EDGE_CURVE('',#5942,#6376,#6998,.T.);
#6998 = LINE('',#6999,#7000);
#6999 = CARTESIAN_POINT('',(-16.4195,11.855,-4.6E-02));
#7000 = VECTOR('',#7001,1.);
#7001 = DIRECTION('',(0.,0.,1.));
#7002 = ORIENTED_EDGE('',*,*,#6375,.F.);
#7003 = ORIENTED_EDGE('',*,*,#6997,.F.);
#7004 = CYLINDRICAL_SURFACE('',#7005,0.4);
#7005 = AXIS2_PLACEMENT_3D('',#7006,#7007,#7008);
#7006 = CARTESIAN_POINT('',(-16.4195,12.255,-4.6E-02));
#7007 = DIRECTION('',(-0.,-0.,-1.));
#7008 = DIRECTION('',(-0.,-1.,0.));
#7009 = ADVANCED_FACE('',(#7010),#7021,.F.);
#7010 = FACE_BOUND('',#7011,.T.);
#7011 = EDGE_LOOP('',(#7012,#7013,#7019,#7020));
#7012 = ORIENTED_EDGE('',*,*,#5952,.T.);
#7013 = ORIENTED_EDGE('',*,*,#7014,.T.);
#7014 = EDGE_CURVE('',#5953,#6387,#7015,.T.);
#7015 = LINE('',#7016,#7017);
#7016 = CARTESIAN_POINT('',(-12.738,15.624,-4.6E-02));
#7017 = VECTOR('',#7018,1.);
#7018 = DIRECTION('',(0.,0.,1.));
#7019 = ORIENTED_EDGE('',*,*,#6386,.F.);
#7020 = ORIENTED_EDGE('',*,*,#7014,.F.);
#7021 = CYLINDRICAL_SURFACE('',#7022,0.425);
#7022 = AXIS2_PLACEMENT_3D('',#7023,#7024,#7025);
#7023 = CARTESIAN_POINT('',(-12.738,16.049,-4.6E-02));
#7024 = DIRECTION('',(-0.,-0.,-1.));
#7025 = DIRECTION('',(-0.,-1.,0.));
#7026 = ADVANCED_FACE('',(#7027),#7038,.F.);
#7027 = FACE_BOUND('',#7028,.T.);
#7028 = EDGE_LOOP('',(#7029,#7030,#7036,#7037));
#7029 = ORIENTED_EDGE('',*,*,#5963,.T.);
#7030 = ORIENTED_EDGE('',*,*,#7031,.T.);
#7031 = EDGE_CURVE('',#5964,#6398,#7032,.T.);
#7032 = LINE('',#7033,#7034);
#7033 = CARTESIAN_POINT('',(-9.445,19.095,-4.6E-02));
#7034 = VECTOR('',#7035,1.);
#7035 = DIRECTION('',(0.,0.,1.));
#7036 = ORIENTED_EDGE('',*,*,#6397,.F.);
#7037 = ORIENTED_EDGE('',*,*,#7031,.F.);
#7038 = CYLINDRICAL_SURFACE('',#7039,0.4);
#7039 = AXIS2_PLACEMENT_3D('',#7040,#7041,#7042);
#7040 = CARTESIAN_POINT('',(-9.445,19.495,-4.6E-02));
#7041 = DIRECTION('',(-0.,-0.,-1.));
#7042 = DIRECTION('',(-0.,-1.,0.));
#7043 = ADVANCED_FACE('',(#7044),#7055,.F.);
#7044 = FACE_BOUND('',#7045,.T.);
#7045 = EDGE_LOOP('',(#7046,#7047,#7053,#7054));
#7046 = ORIENTED_EDGE('',*,*,#5974,.T.);
#7047 = ORIENTED_EDGE('',*,*,#7048,.T.);
#7048 = EDGE_CURVE('',#5975,#6409,#7049,.T.);
#7049 = LINE('',#7050,#7051);
#7050 = CARTESIAN_POINT('',(-7.595,19.095,-4.6E-02));
#7051 = VECTOR('',#7052,1.);
#7052 = DIRECTION('',(0.,0.,1.));
#7053 = ORIENTED_EDGE('',*,*,#6408,.F.);
#7054 = ORIENTED_EDGE('',*,*,#7048,.F.);
#7055 = CYLINDRICAL_SURFACE('',#7056,0.4);
#7056 = AXIS2_PLACEMENT_3D('',#7057,#7058,#7059);
#7057 = CARTESIAN_POINT('',(-7.595,19.495,-4.6E-02));
#7058 = DIRECTION('',(-0.,0.,-1.));
#7059 = DIRECTION('',(2.22044604925E-15,-1.,-0.));
#7060 = ADVANCED_FACE('',(#7061),#7072,.F.);
#7061 = FACE_BOUND('',#7062,.T.);
#7062 = EDGE_LOOP('',(#7063,#7064,#7070,#7071));
#7063 = ORIENTED_EDGE('',*,*,#5985,.T.);
#7064 = ORIENTED_EDGE('',*,*,#7065,.T.);
#7065 = EDGE_CURVE('',#5986,#6420,#7066,.T.);
#7066 = LINE('',#7067,#7068);
#7067 = CARTESIAN_POINT('',(16.3958,3.305,-4.6E-02));
#7068 = VECTOR('',#7069,1.);
#7069 = DIRECTION('',(0.,0.,1.));
#7070 = ORIENTED_EDGE('',*,*,#6419,.F.);
#7071 = ORIENTED_EDGE('',*,*,#7065,.F.);
#7072 = CYLINDRICAL_SURFACE('',#7073,0.425);
#7073 = AXIS2_PLACEMENT_3D('',#7074,#7075,#7076);
#7074 = CARTESIAN_POINT('',(16.3958,3.73,-4.6E-02));
#7075 = DIRECTION('',(-0.,-0.,-1.));
#7076 = DIRECTION('',(-0.,-1.,0.));
#7077 = ADVANCED_FACE('',(#7078),#7089,.F.);
#7078 = FACE_BOUND('',#7079,.T.);
#7079 = EDGE_LOOP('',(#7080,#7081,#7087,#7088));
#7080 = ORIENTED_EDGE('',*,*,#5996,.T.);
#7081 = ORIENTED_EDGE('',*,*,#7082,.T.);
#7082 = EDGE_CURVE('',#5997,#6431,#7083,.T.);
#7083 = LINE('',#7084,#7085);
#7084 = CARTESIAN_POINT('',(19.538,10.005,-4.6E-02));
#7085 = VECTOR('',#7086,1.);
#7086 = DIRECTION('',(0.,0.,1.));
#7087 = ORIENTED_EDGE('',*,*,#6430,.F.);
#7088 = ORIENTED_EDGE('',*,*,#7082,.F.);
#7089 = CYLINDRICAL_SURFACE('',#7090,0.4);
#7090 = AXIS2_PLACEMENT_3D('',#7091,#7092,#7093);
#7091 = CARTESIAN_POINT('',(19.538,10.405,-4.6E-02));
#7092 = DIRECTION('',(-0.,-0.,-1.));
#7093 = DIRECTION('',(-0.,-1.,0.));
#7094 = ADVANCED_FACE('',(#7095),#7106,.F.);
#7095 = FACE_BOUND('',#7096,.T.);
#7096 = EDGE_LOOP('',(#7097,#7098,#7104,#7105));
#7097 = ORIENTED_EDGE('',*,*,#6007,.T.);
#7098 = ORIENTED_EDGE('',*,*,#7099,.T.);
#7099 = EDGE_CURVE('',#6008,#6442,#7100,.T.);
#7100 = LINE('',#7101,#7102);
#7101 = CARTESIAN_POINT('',(19.538,11.855,-4.6E-02));
#7102 = VECTOR('',#7103,1.);
#7103 = DIRECTION('',(0.,0.,1.));
#7104 = ORIENTED_EDGE('',*,*,#6441,.F.);
#7105 = ORIENTED_EDGE('',*,*,#7099,.F.);
#7106 = CYLINDRICAL_SURFACE('',#7107,0.4);
#7107 = AXIS2_PLACEMENT_3D('',#7108,#7109,#7110);
#7108 = CARTESIAN_POINT('',(19.538,12.255,-4.6E-02));
#7109 = DIRECTION('',(-0.,-0.,-1.));
#7110 = DIRECTION('',(-0.,-1.,0.));
#7111 = ADVANCED_FACE('',(#7112),#7123,.F.);
#7112 = FACE_BOUND('',#7113,.T.);
#7113 = EDGE_LOOP('',(#7114,#7115,#7121,#7122));
#7114 = ORIENTED_EDGE('',*,*,#6018,.T.);
#7115 = ORIENTED_EDGE('',*,*,#7116,.T.);
#7116 = EDGE_CURVE('',#6019,#6453,#7117,.T.);
#7117 = LINE('',#7118,#7119);
#7118 = CARTESIAN_POINT('',(12.655,19.165,-4.6E-02));
#7119 = VECTOR('',#7120,1.);
#7120 = DIRECTION('',(0.,0.,1.));
#7121 = ORIENTED_EDGE('',*,*,#6452,.F.);
#7122 = ORIENTED_EDGE('',*,*,#7116,.F.);
#7123 = CYLINDRICAL_SURFACE('',#7124,0.4);
#7124 = AXIS2_PLACEMENT_3D('',#7125,#7126,#7127);
#7125 = CARTESIAN_POINT('',(12.655,19.565,-4.6E-02));
#7126 = DIRECTION('',(-0.,-0.,-1.));
#7127 = DIRECTION('',(-4.440892098501E-15,-1.,0.));
#7128 = ADVANCED_FACE('',(#7129),#7140,.F.);
#7129 = FACE_BOUND('',#7130,.T.);
#7130 = EDGE_LOOP('',(#7131,#7132,#7138,#7139));
#7131 = ORIENTED_EDGE('',*,*,#6029,.T.);
#7132 = ORIENTED_EDGE('',*,*,#7133,.T.);
#7133 = EDGE_CURVE('',#6030,#6464,#7134,.T.);
#7134 = LINE('',#7135,#7136);
#7135 = CARTESIAN_POINT('',(14.505,19.165,-4.6E-02));
#7136 = VECTOR('',#7137,1.);
#7137 = DIRECTION('',(0.,0.,1.));
#7138 = ORIENTED_EDGE('',*,*,#6463,.F.);
#7139 = ORIENTED_EDGE('',*,*,#7133,.F.);
#7140 = CYLINDRICAL_SURFACE('',#7141,0.4);
#7141 = AXIS2_PLACEMENT_3D('',#7142,#7143,#7144);
#7142 = CARTESIAN_POINT('',(14.505,19.565,-4.6E-02));
#7143 = DIRECTION('',(-0.,0.,-1.));
#7144 = DIRECTION('',(4.440892098501E-15,-1.,-0.));
#7145 = ADVANCED_FACE('',(#7146),#7157,.F.);
#7146 = FACE_BOUND('',#7147,.T.);
#7147 = EDGE_LOOP('',(#7148,#7149,#7155,#7156));
#7148 = ORIENTED_EDGE('',*,*,#6040,.T.);
#7149 = ORIENTED_EDGE('',*,*,#7150,.T.);
#7150 = EDGE_CURVE('',#6041,#6475,#7151,.T.);
#7151 = LINE('',#7152,#7153);
#7152 = CARTESIAN_POINT('',(16.3958,15.624,-4.6E-02));
#7153 = VECTOR('',#7154,1.);
#7154 = DIRECTION('',(0.,0.,1.));
#7155 = ORIENTED_EDGE('',*,*,#6474,.F.);
#7156 = ORIENTED_EDGE('',*,*,#7150,.F.);
#7157 = CYLINDRICAL_SURFACE('',#7158,0.425);
#7158 = AXIS2_PLACEMENT_3D('',#7159,#7160,#7161);
#7159 = CARTESIAN_POINT('',(16.3958,16.049,-4.6E-02));
#7160 = DIRECTION('',(-0.,-0.,-1.));
#7161 = DIRECTION('',(-0.,-1.,0.));
#7162 = ( GEOMETRIC_REPRESENTATION_CONTEXT(3) 
GLOBAL_UNCERTAINTY_ASSIGNED_CONTEXT((#7166)) 
GLOBAL_UNIT_ASSIGNED_CONTEXT((#7163,#7164,#7165)) REPRESENTATION_CONTEXT
('Context #1','3D Context with UNIT and UNCERTAINTY') );
#7163 = ( LENGTH_UNIT() NAMED_UNIT(*) SI_UNIT(.MILLI.,.METRE.) );
#7164 = ( NAMED_UNIT(*) PLANE_ANGLE_UNIT() SI_UNIT($,.RADIAN.) );
#7165 = ( NAMED_UNIT(*) SI_UNIT($,.STERADIAN.) SOLID_ANGLE_UNIT() );
#7166 = UNCERTAINTY_MEASURE_WITH_UNIT(LENGTH_MEASURE(1.E-07),#7163,
  'distance_accuracy_value','confusion accuracy');
#7167 = CONTEXT_DEPENDENT_SHAPE_REPRESENTATION(#7168,#7170);
#7168 = ( REPRESENTATION_RELATIONSHIP('','',#5514,#10) 
REPRESENTATION_RELATIONSHIP_WITH_TRANSFORMATION(#7169) 
SHAPE_REPRESENTATION_RELATIONSHIP() );
#7169 = ITEM_DEFINED_TRANSFORMATION('','',#11,#55);
#7170 = PRODUCT_DEFINITION_SHAPE('Placement','Placement of an item',
  #7171);
#7171 = NEXT_ASSEMBLY_USAGE_OCCURRENCE('11','=>[0:1:1:7]','',#5,#5509,$
  );
#7172 = PRODUCT_RELATED_PRODUCT_CATEGORY('part',$,(#5511));
#7173 = MECHANICAL_DESIGN_GEOMETRIC_PRESENTATION_REPRESENTATION('',(
    #7174,#7182,#7189,#7196,#7203,#7210,#7217,#7224,#7231,#7238,#7245,
    #7253,#7260,#7267,#7274,#7281,#7288,#7295,#7302,#7309,#7316,#7323,
    #7330,#7337,#7344,#7351,#7358,#7365,#7372,#7379,#7386,#7394,#7401,
    #7408,#7415,#7422,#7429,#7436,#7443,#7450,#7457),#1635);
#7174 = STYLED_ITEM('color',(#7175),#429);
#7175 = PRESENTATION_STYLE_ASSIGNMENT((#7176));
#7176 = SURFACE_STYLE_USAGE(.BOTH.,#7177);
#7177 = SURFACE_SIDE_STYLE('',(#7178));
#7178 = SURFACE_STYLE_FILL_AREA(#7179);
#7179 = FILL_AREA_STYLE('',(#7180));
#7180 = FILL_AREA_STYLE_COLOUR('',#7181);
#7181 = COLOUR_RGB('',0.823999987314,0.819999987296,0.781000009244);
#7182 = STYLED_ITEM('color',(#7183),#469);
#7183 = PRESENTATION_STYLE_ASSIGNMENT((#7184));
#7184 = SURFACE_STYLE_USAGE(.BOTH.,#7185);
#7185 = SURFACE_SIDE_STYLE('',(#7186));
#7186 = SURFACE_STYLE_FILL_AREA(#7187);
#7187 = FILL_AREA_STYLE('',(#7188));
#7188 = FILL_AREA_STYLE_COLOUR('',#7181);
#7189 = STYLED_ITEM('color',(#7190),#552);
#7190 = PRESENTATION_STYLE_ASSIGNMENT((#7191));
#7191 = SURFACE_STYLE_USAGE(.BOTH.,#7192);
#7192 = SURFACE_SIDE_STYLE('',(#7193));
#7193 = SURFACE_STYLE_FILL_AREA(#7194);
#7194 = FILL_AREA_STYLE('',(#7195));
#7195 = FILL_AREA_STYLE_COLOUR('',#7181);
#7196 = STYLED_ITEM('color',(#7197),#577);
#7197 = PRESENTATION_STYLE_ASSIGNMENT((#7198));
#7198 = SURFACE_STYLE_USAGE(.BOTH.,#7199);
#7199 = SURFACE_SIDE_STYLE('',(#7200));
#7200 = SURFACE_STYLE_FILL_AREA(#7201);
#7201 = FILL_AREA_STYLE('',(#7202));
#7202 = FILL_AREA_STYLE_COLOUR('',#7181);
#7203 = STYLED_ITEM('color',(#7204),#652);
#7204 = PRESENTATION_STYLE_ASSIGNMENT((#7205));
#7205 = SURFACE_STYLE_USAGE(.BOTH.,#7206);
#7206 = SURFACE_SIDE_STYLE('',(#7207));
#7207 = SURFACE_STYLE_FILL_AREA(#7208);
#7208 = FILL_AREA_STYLE('',(#7209));
#7209 = FILL_AREA_STYLE_COLOUR('',#7181);
#7210 = STYLED_ITEM('color',(#7211),#669);
#7211 = PRESENTATION_STYLE_ASSIGNMENT((#7212));
#7212 = SURFACE_STYLE_USAGE(.BOTH.,#7213);
#7213 = SURFACE_SIDE_STYLE('',(#7214));
#7214 = SURFACE_STYLE_FILL_AREA(#7215);
#7215 = FILL_AREA_STYLE('',(#7216));
#7216 = FILL_AREA_STYLE_COLOUR('',#7181);
#7217 = STYLED_ITEM('color',(#7218),#686);
#7218 = PRESENTATION_STYLE_ASSIGNMENT((#7219));
#7219 = SURFACE_STYLE_USAGE(.BOTH.,#7220);
#7220 = SURFACE_SIDE_STYLE('',(#7221));
#7221 = SURFACE_STYLE_FILL_AREA(#7222);
#7222 = FILL_AREA_STYLE('',(#7223));
#7223 = FILL_AREA_STYLE_COLOUR('',#7181);
#7224 = STYLED_ITEM('color',(#7225),#703);
#7225 = PRESENTATION_STYLE_ASSIGNMENT((#7226));
#7226 = SURFACE_STYLE_USAGE(.BOTH.,#7227);
#7227 = SURFACE_SIDE_STYLE('',(#7228));
#7228 = SURFACE_STYLE_FILL_AREA(#7229);
#7229 = FILL_AREA_STYLE('',(#7230));
#7230 = FILL_AREA_STYLE_COLOUR('',#7181);
#7231 = STYLED_ITEM('color',(#7232),#720);
#7232 = PRESENTATION_STYLE_ASSIGNMENT((#7233));
#7233 = SURFACE_STYLE_USAGE(.BOTH.,#7234);
#7234 = SURFACE_SIDE_STYLE('',(#7235));
#7235 = SURFACE_STYLE_FILL_AREA(#7236);
#7236 = FILL_AREA_STYLE('',(#7237));
#7237 = FILL_AREA_STYLE_COLOUR('',#7181);
#7238 = STYLED_ITEM('color',(#7239),#737);
#7239 = PRESENTATION_STYLE_ASSIGNMENT((#7240));
#7240 = SURFACE_STYLE_USAGE(.BOTH.,#7241);
#7241 = SURFACE_SIDE_STYLE('',(#7242));
#7242 = SURFACE_STYLE_FILL_AREA(#7243);
#7243 = FILL_AREA_STYLE('',(#7244));
#7244 = FILL_AREA_STYLE_COLOUR('',#7181);
#7245 = STYLED_ITEM('color',(#7246),#753);
#7246 = PRESENTATION_STYLE_ASSIGNMENT((#7247));
#7247 = SURFACE_STYLE_USAGE(.BOTH.,#7248);
#7248 = SURFACE_SIDE_STYLE('',(#7249));
#7249 = SURFACE_STYLE_FILL_AREA(#7250);
#7250 = FILL_AREA_STYLE('',(#7251));
#7251 = FILL_AREA_STYLE_COLOUR('',#7252);
#7252 = COLOUR_RGB('',0.147999998088,0.144999993226,0.144999993226);
#7253 = STYLED_ITEM('color',(#7254),#800);
#7254 = PRESENTATION_STYLE_ASSIGNMENT((#7255));
#7255 = SURFACE_STYLE_USAGE(.BOTH.,#7256);
#7256 = SURFACE_SIDE_STYLE('',(#7257));
#7257 = SURFACE_STYLE_FILL_AREA(#7258);
#7258 = FILL_AREA_STYLE('',(#7259));
#7259 = FILL_AREA_STYLE_COLOUR('',#7252);
#7260 = STYLED_ITEM('color',(#7261),#835);
#7261 = PRESENTATION_STYLE_ASSIGNMENT((#7262));
#7262 = SURFACE_STYLE_USAGE(.BOTH.,#7263);
#7263 = SURFACE_SIDE_STYLE('',(#7264));
#7264 = SURFACE_STYLE_FILL_AREA(#7265);
#7265 = FILL_AREA_STYLE('',(#7266));
#7266 = FILL_AREA_STYLE_COLOUR('',#7252);
#7267 = STYLED_ITEM('color',(#7268),#874);
#7268 = PRESENTATION_STYLE_ASSIGNMENT((#7269));
#7269 = SURFACE_STYLE_USAGE(.BOTH.,#7270);
#7270 = SURFACE_SIDE_STYLE('',(#7271));
#7271 = SURFACE_STYLE_FILL_AREA(#7272);
#7272 = FILL_AREA_STYLE('',(#7273));
#7273 = FILL_AREA_STYLE_COLOUR('',#7252);
#7274 = STYLED_ITEM('color',(#7275),#903);
#7275 = PRESENTATION_STYLE_ASSIGNMENT((#7276));
#7276 = SURFACE_STYLE_USAGE(.BOTH.,#7277);
#7277 = SURFACE_SIDE_STYLE('',(#7278));
#7278 = SURFACE_STYLE_FILL_AREA(#7279);
#7279 = FILL_AREA_STYLE('',(#7280));
#7280 = FILL_AREA_STYLE_COLOUR('',#7252);
#7281 = STYLED_ITEM('color',(#7282),#942);
#7282 = PRESENTATION_STYLE_ASSIGNMENT((#7283));
#7283 = SURFACE_STYLE_USAGE(.BOTH.,#7284);
#7284 = SURFACE_SIDE_STYLE('',(#7285));
#7285 = SURFACE_STYLE_FILL_AREA(#7286);
#7286 = FILL_AREA_STYLE('',(#7287));
#7287 = FILL_AREA_STYLE_COLOUR('',#7252);
#7288 = STYLED_ITEM('color',(#7289),#971);
#7289 = PRESENTATION_STYLE_ASSIGNMENT((#7290));
#7290 = SURFACE_STYLE_USAGE(.BOTH.,#7291);
#7291 = SURFACE_SIDE_STYLE('',(#7292));
#7292 = SURFACE_STYLE_FILL_AREA(#7293);
#7293 = FILL_AREA_STYLE('',(#7294));
#7294 = FILL_AREA_STYLE_COLOUR('',#7252);
#7295 = STYLED_ITEM('color',(#7296),#1025);
#7296 = PRESENTATION_STYLE_ASSIGNMENT((#7297));
#7297 = SURFACE_STYLE_USAGE(.BOTH.,#7298);
#7298 = SURFACE_SIDE_STYLE('',(#7299));
#7299 = SURFACE_STYLE_FILL_AREA(#7300);
#7300 = FILL_AREA_STYLE('',(#7301));
#7301 = FILL_AREA_STYLE_COLOUR('',#7252);
#7302 = STYLED_ITEM('color',(#7303),#1068);
#7303 = PRESENTATION_STYLE_ASSIGNMENT((#7304));
#7304 = SURFACE_STYLE_USAGE(.BOTH.,#7305);
#7305 = SURFACE_SIDE_STYLE('',(#7306));
#7306 = SURFACE_STYLE_FILL_AREA(#7307);
#7307 = FILL_AREA_STYLE('',(#7308));
#7308 = FILL_AREA_STYLE_COLOUR('',#7252);
#7309 = STYLED_ITEM('color',(#7310),#1091);
#7310 = PRESENTATION_STYLE_ASSIGNMENT((#7311));
#7311 = SURFACE_STYLE_USAGE(.BOTH.,#7312);
#7312 = SURFACE_SIDE_STYLE('',(#7313));
#7313 = SURFACE_STYLE_FILL_AREA(#7314);
#7314 = FILL_AREA_STYLE('',(#7315));
#7315 = FILL_AREA_STYLE_COLOUR('',#7252);
#7316 = STYLED_ITEM('color',(#7317),#1114);
#7317 = PRESENTATION_STYLE_ASSIGNMENT((#7318));
#7318 = SURFACE_STYLE_USAGE(.BOTH.,#7319);
#7319 = SURFACE_SIDE_STYLE('',(#7320));
#7320 = SURFACE_STYLE_FILL_AREA(#7321);
#7321 = FILL_AREA_STYLE('',(#7322));
#7322 = FILL_AREA_STYLE_COLOUR('',#7252);
#7323 = STYLED_ITEM('color',(#7324),#1137);
#7324 = PRESENTATION_STYLE_ASSIGNMENT((#7325));
#7325 = SURFACE_STYLE_USAGE(.BOTH.,#7326);
#7326 = SURFACE_SIDE_STYLE('',(#7327));
#7327 = SURFACE_STYLE_FILL_AREA(#7328);
#7328 = FILL_AREA_STYLE('',(#7329));
#7329 = FILL_AREA_STYLE_COLOUR('',#7252);
#7330 = STYLED_ITEM('color',(#7331),#1188);
#7331 = PRESENTATION_STYLE_ASSIGNMENT((#7332));
#7332 = SURFACE_STYLE_USAGE(.BOTH.,#7333);
#7333 = SURFACE_SIDE_STYLE('',(#7334));
#7334 = SURFACE_STYLE_FILL_AREA(#7335);
#7335 = FILL_AREA_STYLE('',(#7336));
#7336 = FILL_AREA_STYLE_COLOUR('',#7252);
#7337 = STYLED_ITEM('color',(#7338),#1211);
#7338 = PRESENTATION_STYLE_ASSIGNMENT((#7339));
#7339 = SURFACE_STYLE_USAGE(.BOTH.,#7340);
#7340 = SURFACE_SIDE_STYLE('',(#7341));
#7341 = SURFACE_STYLE_FILL_AREA(#7342);
#7342 = FILL_AREA_STYLE('',(#7343));
#7343 = FILL_AREA_STYLE_COLOUR('',#7252);
#7344 = STYLED_ITEM('color',(#7345),#1228);
#7345 = PRESENTATION_STYLE_ASSIGNMENT((#7346));
#7346 = SURFACE_STYLE_USAGE(.BOTH.,#7347);
#7347 = SURFACE_SIDE_STYLE('',(#7348));
#7348 = SURFACE_STYLE_FILL_AREA(#7349);
#7349 = FILL_AREA_STYLE('',(#7350));
#7350 = FILL_AREA_STYLE_COLOUR('',#7181);
#7351 = STYLED_ITEM('color',(#7352),#1302);
#7352 = PRESENTATION_STYLE_ASSIGNMENT((#7353));
#7353 = SURFACE_STYLE_USAGE(.BOTH.,#7354);
#7354 = SURFACE_SIDE_STYLE('',(#7355));
#7355 = SURFACE_STYLE_FILL_AREA(#7356);
#7356 = FILL_AREA_STYLE('',(#7357));
#7357 = FILL_AREA_STYLE_COLOUR('',#7181);
#7358 = STYLED_ITEM('color',(#7359),#1326);
#7359 = PRESENTATION_STYLE_ASSIGNMENT((#7360));
#7360 = SURFACE_STYLE_USAGE(.BOTH.,#7361);
#7361 = SURFACE_SIDE_STYLE('',(#7362));
#7362 = SURFACE_STYLE_FILL_AREA(#7363);
#7363 = FILL_AREA_STYLE('',(#7364));
#7364 = FILL_AREA_STYLE_COLOUR('',#7181);
#7365 = STYLED_ITEM('color',(#7366),#1393);
#7366 = PRESENTATION_STYLE_ASSIGNMENT((#7367));
#7367 = SURFACE_STYLE_USAGE(.BOTH.,#7368);
#7368 = SURFACE_SIDE_STYLE('',(#7369));
#7369 = SURFACE_STYLE_FILL_AREA(#7370);
#7370 = FILL_AREA_STYLE('',(#7371));
#7371 = FILL_AREA_STYLE_COLOUR('',#7252);
#7372 = STYLED_ITEM('color',(#7373),#1405);
#7373 = PRESENTATION_STYLE_ASSIGNMENT((#7374));
#7374 = SURFACE_STYLE_USAGE(.BOTH.,#7375);
#7375 = SURFACE_SIDE_STYLE('',(#7376));
#7376 = SURFACE_STYLE_FILL_AREA(#7377);
#7377 = FILL_AREA_STYLE('',(#7378));
#7378 = FILL_AREA_STYLE_COLOUR('',#7252);
#7379 = STYLED_ITEM('color',(#7380),#1417);
#7380 = PRESENTATION_STYLE_ASSIGNMENT((#7381));
#7381 = SURFACE_STYLE_USAGE(.BOTH.,#7382);
#7382 = SURFACE_SIDE_STYLE('',(#7383));
#7383 = SURFACE_STYLE_FILL_AREA(#7384);
#7384 = FILL_AREA_STYLE('',(#7385));
#7385 = FILL_AREA_STYLE_COLOUR('',#7181);
#7386 = STYLED_ITEM('color',(#7387),#1434);
#7387 = PRESENTATION_STYLE_ASSIGNMENT((#7388));
#7388 = SURFACE_STYLE_USAGE(.BOTH.,#7389);
#7389 = SURFACE_SIDE_STYLE('',(#7390));
#7390 = SURFACE_STYLE_FILL_AREA(#7391);
#7391 = FILL_AREA_STYLE('',(#7392));
#7392 = FILL_AREA_STYLE_COLOUR('',#7393);
#7393 = COLOUR_RGB('',0.690999977303,0.663999984767,0.597999987832);
#7394 = STYLED_ITEM('color',(#7395),#1463);
#7395 = PRESENTATION_STYLE_ASSIGNMENT((#7396));
#7396 = SURFACE_STYLE_USAGE(.BOTH.,#7397);
#7397 = SURFACE_SIDE_STYLE('',(#7398));
#7398 = SURFACE_STYLE_FILL_AREA(#7399);
#7399 = FILL_AREA_STYLE('',(#7400));
#7400 = FILL_AREA_STYLE_COLOUR('',#7393);
#7401 = STYLED_ITEM('color',(#7402),#1486);
#7402 = PRESENTATION_STYLE_ASSIGNMENT((#7403));
#7403 = SURFACE_STYLE_USAGE(.BOTH.,#7404);
#7404 = SURFACE_SIDE_STYLE('',(#7405));
#7405 = SURFACE_STYLE_FILL_AREA(#7406);
#7406 = FILL_AREA_STYLE('',(#7407));
#7407 = FILL_AREA_STYLE_COLOUR('',#7393);
#7408 = STYLED_ITEM('color',(#7409),#1509);
#7409 = PRESENTATION_STYLE_ASSIGNMENT((#7410));
#7410 = SURFACE_STYLE_USAGE(.BOTH.,#7411);
#7411 = SURFACE_SIDE_STYLE('',(#7412));
#7412 = SURFACE_STYLE_FILL_AREA(#7413);
#7413 = FILL_AREA_STYLE('',(#7414));
#7414 = FILL_AREA_STYLE_COLOUR('',#7393);
#7415 = STYLED_ITEM('color',(#7416),#1526);
#7416 = PRESENTATION_STYLE_ASSIGNMENT((#7417));
#7417 = SURFACE_STYLE_USAGE(.BOTH.,#7418);
#7418 = SURFACE_SIDE_STYLE('',(#7419));
#7419 = SURFACE_STYLE_FILL_AREA(#7420);
#7420 = FILL_AREA_STYLE('',(#7421));
#7421 = FILL_AREA_STYLE_COLOUR('',#7181);
#7422 = STYLED_ITEM('color',(#7423),#1548);
#7423 = PRESENTATION_STYLE_ASSIGNMENT((#7424));
#7424 = SURFACE_STYLE_USAGE(.BOTH.,#7425);
#7425 = SURFACE_SIDE_STYLE('',(#7426));
#7426 = SURFACE_STYLE_FILL_AREA(#7427);
#7427 = FILL_AREA_STYLE('',(#7428));
#7428 = FILL_AREA_STYLE_COLOUR('',#7181);
#7429 = STYLED_ITEM('color',(#7430),#1560);
#7430 = PRESENTATION_STYLE_ASSIGNMENT((#7431));
#7431 = SURFACE_STYLE_USAGE(.BOTH.,#7432);
#7432 = SURFACE_SIDE_STYLE('',(#7433));
#7433 = SURFACE_STYLE_FILL_AREA(#7434);
#7434 = FILL_AREA_STYLE('',(#7435));
#7435 = FILL_AREA_STYLE_COLOUR('',#7181);
#7436 = STYLED_ITEM('color',(#7437),#1577);
#7437 = PRESENTATION_STYLE_ASSIGNMENT((#7438));
#7438 = SURFACE_STYLE_USAGE(.BOTH.,#7439);
#7439 = SURFACE_SIDE_STYLE('',(#7440));
#7440 = SURFACE_STYLE_FILL_AREA(#7441);
#7441 = FILL_AREA_STYLE('',(#7442));
#7442 = FILL_AREA_STYLE_COLOUR('',#7181);
#7443 = STYLED_ITEM('color',(#7444),#1594);
#7444 = PRESENTATION_STYLE_ASSIGNMENT((#7445));
#7445 = SURFACE_STYLE_USAGE(.BOTH.,#7446);
#7446 = SURFACE_SIDE_STYLE('',(#7447));
#7447 = SURFACE_STYLE_FILL_AREA(#7448);
#7448 = FILL_AREA_STYLE('',(#7449));
#7449 = FILL_AREA_STYLE_COLOUR('',#7181);
#7450 = STYLED_ITEM('color',(#7451),#1611);
#7451 = PRESENTATION_STYLE_ASSIGNMENT((#7452));
#7452 = SURFACE_STYLE_USAGE(.BOTH.,#7453);
#7453 = SURFACE_SIDE_STYLE('',(#7454));
#7454 = SURFACE_STYLE_FILL_AREA(#7455);
#7455 = FILL_AREA_STYLE('',(#7456));
#7456 = FILL_AREA_STYLE_COLOUR('',#7181);
#7457 = STYLED_ITEM('color',(#7458),#1623);
#7458 = PRESENTATION_STYLE_ASSIGNMENT((#7459));
#7459 = SURFACE_STYLE_USAGE(.BOTH.,#7460);
#7460 = SURFACE_SIDE_STYLE('',(#7461));
#7461 = SURFACE_STYLE_FILL_AREA(#7462);
#7462 = FILL_AREA_STYLE('',(#7463));
#7463 = FILL_AREA_STYLE_COLOUR('',#7393);
#7464 = MECHANICAL_DESIGN_GEOMETRIC_PRESENTATION_REPRESENTATION('',(
    #7465,#7473,#7480,#7487,#7494,#7501,#7508,#7515,#7522,#7529,#7536,
    #7543,#7550,#7557,#7564),#408);
#7465 = STYLED_ITEM('color',(#7466),#75);
#7466 = PRESENTATION_STYLE_ASSIGNMENT((#7467));
#7467 = SURFACE_STYLE_USAGE(.BOTH.,#7468);
#7468 = SURFACE_SIDE_STYLE('',(#7469));
#7469 = SURFACE_STYLE_FILL_AREA(#7470);
#7470 = FILL_AREA_STYLE('',(#7471));
#7471 = FILL_AREA_STYLE_COLOUR('',#7472);
#7472 = COLOUR_RGB('',0.894999966383,0.890999961016,0.813000030345);
#7473 = STYLED_ITEM('color',(#7474),#108);
#7474 = PRESENTATION_STYLE_ASSIGNMENT((#7475));
#7475 = SURFACE_STYLE_USAGE(.BOTH.,#7476);
#7476 = SURFACE_SIDE_STYLE('',(#7477));
#7477 = SURFACE_STYLE_FILL_AREA(#7478);
#7478 = FILL_AREA_STYLE('',(#7479));
#7479 = FILL_AREA_STYLE_COLOUR('',#7472);
#7480 = STYLED_ITEM('color',(#7481),#128);
#7481 = PRESENTATION_STYLE_ASSIGNMENT((#7482));
#7482 = SURFACE_STYLE_USAGE(.BOTH.,#7483);
#7483 = SURFACE_SIDE_STYLE('',(#7484));
#7484 = SURFACE_STYLE_FILL_AREA(#7485);
#7485 = FILL_AREA_STYLE('',(#7486));
#7486 = FILL_AREA_STYLE_COLOUR('',#7472);
#7487 = STYLED_ITEM('color',(#7488),#148);
#7488 = PRESENTATION_STYLE_ASSIGNMENT((#7489));
#7489 = SURFACE_STYLE_USAGE(.BOTH.,#7490);
#7490 = SURFACE_SIDE_STYLE('',(#7491));
#7491 = SURFACE_STYLE_FILL_AREA(#7492);
#7492 = FILL_AREA_STYLE('',(#7493));
#7493 = FILL_AREA_STYLE_COLOUR('',#7252);
#7494 = STYLED_ITEM('color',(#7495),#173);
#7495 = PRESENTATION_STYLE_ASSIGNMENT((#7496));
#7496 = SURFACE_STYLE_USAGE(.BOTH.,#7497);
#7497 = SURFACE_SIDE_STYLE('',(#7498));
#7498 = SURFACE_STYLE_FILL_AREA(#7499);
#7499 = FILL_AREA_STYLE('',(#7500));
#7500 = FILL_AREA_STYLE_COLOUR('',#7252);
#7501 = STYLED_ITEM('color',(#7502),#198);
#7502 = PRESENTATION_STYLE_ASSIGNMENT((#7503));
#7503 = SURFACE_STYLE_USAGE(.BOTH.,#7504);
#7504 = SURFACE_SIDE_STYLE('',(#7505));
#7505 = SURFACE_STYLE_FILL_AREA(#7506);
#7506 = FILL_AREA_STYLE('',(#7507));
#7507 = FILL_AREA_STYLE_COLOUR('',#7252);
#7508 = STYLED_ITEM('color',(#7509),#218);
#7509 = PRESENTATION_STYLE_ASSIGNMENT((#7510));
#7510 = SURFACE_STYLE_USAGE(.BOTH.,#7511);
#7511 = SURFACE_SIDE_STYLE('',(#7512));
#7512 = SURFACE_STYLE_FILL_AREA(#7513);
#7513 = FILL_AREA_STYLE('',(#7514));
#7514 = FILL_AREA_STYLE_COLOUR('',#7252);
#7515 = STYLED_ITEM('color',(#7516),#238);
#7516 = PRESENTATION_STYLE_ASSIGNMENT((#7517));
#7517 = SURFACE_STYLE_USAGE(.BOTH.,#7518);
#7518 = SURFACE_SIDE_STYLE('',(#7519));
#7519 = SURFACE_STYLE_FILL_AREA(#7520);
#7520 = FILL_AREA_STYLE('',(#7521));
#7521 = FILL_AREA_STYLE_COLOUR('',#7181);
#7522 = STYLED_ITEM('color',(#7523),#263);
#7523 = PRESENTATION_STYLE_ASSIGNMENT((#7524));
#7524 = SURFACE_STYLE_USAGE(.BOTH.,#7525);
#7525 = SURFACE_SIDE_STYLE('',(#7526));
#7526 = SURFACE_STYLE_FILL_AREA(#7527);
#7527 = FILL_AREA_STYLE('',(#7528));
#7528 = FILL_AREA_STYLE_COLOUR('',#7181);
#7529 = STYLED_ITEM('color',(#7530),#288);
#7530 = PRESENTATION_STYLE_ASSIGNMENT((#7531));
#7531 = SURFACE_STYLE_USAGE(.BOTH.,#7532);
#7532 = SURFACE_SIDE_STYLE('',(#7533));
#7533 = SURFACE_STYLE_FILL_AREA(#7534);
#7534 = FILL_AREA_STYLE('',(#7535));
#7535 = FILL_AREA_STYLE_COLOUR('',#7181);
#7536 = STYLED_ITEM('color',(#7537),#314);
#7537 = PRESENTATION_STYLE_ASSIGNMENT((#7538));
#7538 = SURFACE_STYLE_USAGE(.BOTH.,#7539);
#7539 = SURFACE_SIDE_STYLE('',(#7540));
#7540 = SURFACE_STYLE_FILL_AREA(#7541);
#7541 = FILL_AREA_STYLE('',(#7542));
#7542 = FILL_AREA_STYLE_COLOUR('',#7181);
#7543 = STYLED_ITEM('color',(#7544),#340);
#7544 = PRESENTATION_STYLE_ASSIGNMENT((#7545));
#7545 = SURFACE_STYLE_USAGE(.BOTH.,#7546);
#7546 = SURFACE_SIDE_STYLE('',(#7547));
#7547 = SURFACE_STYLE_FILL_AREA(#7548);
#7548 = FILL_AREA_STYLE('',(#7549));
#7549 = FILL_AREA_STYLE_COLOUR('',#7181);
#7550 = STYLED_ITEM('color',(#7551),#365);
#7551 = PRESENTATION_STYLE_ASSIGNMENT((#7552));
#7552 = SURFACE_STYLE_USAGE(.BOTH.,#7553);
#7553 = SURFACE_SIDE_STYLE('',(#7554));
#7554 = SURFACE_STYLE_FILL_AREA(#7555);
#7555 = FILL_AREA_STYLE('',(#7556));
#7556 = FILL_AREA_STYLE_COLOUR('',#7181);
#7557 = STYLED_ITEM('color',(#7558),#390);
#7558 = PRESENTATION_STYLE_ASSIGNMENT((#7559));
#7559 = SURFACE_STYLE_USAGE(.BOTH.,#7560);
#7560 = SURFACE_SIDE_STYLE('',(#7561));
#7561 = SURFACE_STYLE_FILL_AREA(#7562);
#7562 = FILL_AREA_STYLE('',(#7563));
#7563 = FILL_AREA_STYLE_COLOUR('',#7181);
#7564 = STYLED_ITEM('color',(#7565),#399);
#7565 = PRESENTATION_STYLE_ASSIGNMENT((#7566));
#7566 = SURFACE_STYLE_USAGE(.BOTH.,#7567);
#7567 = SURFACE_SIDE_STYLE('',(#7568));
#7568 = SURFACE_STYLE_FILL_AREA(#7569);
#7569 = FILL_AREA_STYLE('',(#7570));
#7570 = FILL_AREA_STYLE_COLOUR('',#7181);
#7571 = MECHANICAL_DESIGN_GEOMETRIC_PRESENTATION_REPRESENTATION('',(
    #7572,#7582,#7591,#7600,#7609,#7618,#7627,#7636,#7645,#7654,#7663,
    #7672,#7681,#7690,#7699,#7708,#7717,#7726,#7735,#7744,#7753,#7762,
    #7771,#7780,#7789,#7798,#7807,#7816,#7825,#7834,#7843,#7852,#7861,
    #7870,#7879,#7888,#7897,#7906,#7915,#7924,#7933,#7942,#7951,#7960,
    #7969,#7978,#7987,#7996,#8005,#8014,#8023,#8032,#8041,#8050,#8059,
    #8068,#8077,#8086,#8095,#8104,#8113,#8122,#8131,#8140,#8149,#8158,
    #8167,#8176,#8185,#8194,#8203,#8212),#4598);
#7572 = STYLED_ITEM('color',(#7573),#2465);
#7573 = PRESENTATION_STYLE_ASSIGNMENT((#7574,#7580));
#7574 = SURFACE_STYLE_USAGE(.BOTH.,#7575);
#7575 = SURFACE_SIDE_STYLE('',(#7576));
#7576 = SURFACE_STYLE_FILL_AREA(#7577);
#7577 = FILL_AREA_STYLE('',(#7578));
#7578 = FILL_AREA_STYLE_COLOUR('',#7579);
#7579 = COLOUR_RGB('',0.147999998088,0.145000001626,0.145000001626);
#7580 = CURVE_STYLE('',#7581,POSITIVE_LENGTH_MEASURE(0.1),#7579);
#7581 = DRAUGHTING_PRE_DEFINED_CURVE_FONT('continuous');
#7582 = STYLED_ITEM('color',(#7583),#2503);
#7583 = PRESENTATION_STYLE_ASSIGNMENT((#7584,#7589));
#7584 = SURFACE_STYLE_USAGE(.BOTH.,#7585);
#7585 = SURFACE_SIDE_STYLE('',(#7586));
#7586 = SURFACE_STYLE_FILL_AREA(#7587);
#7587 = FILL_AREA_STYLE('',(#7588));
#7588 = FILL_AREA_STYLE_COLOUR('',#7579);
#7589 = CURVE_STYLE('',#7590,POSITIVE_LENGTH_MEASURE(0.1),#7579);
#7590 = DRAUGHTING_PRE_DEFINED_CURVE_FONT('continuous');
#7591 = STYLED_ITEM('color',(#7592),#2566);
#7592 = PRESENTATION_STYLE_ASSIGNMENT((#7593,#7598));
#7593 = SURFACE_STYLE_USAGE(.BOTH.,#7594);
#7594 = SURFACE_SIDE_STYLE('',(#7595));
#7595 = SURFACE_STYLE_FILL_AREA(#7596);
#7596 = FILL_AREA_STYLE('',(#7597));
#7597 = FILL_AREA_STYLE_COLOUR('',#7579);
#7598 = CURVE_STYLE('',#7599,POSITIVE_LENGTH_MEASURE(0.1),#7579);
#7599 = DRAUGHTING_PRE_DEFINED_CURVE_FONT('continuous');
#7600 = STYLED_ITEM('color',(#7601),#2589);
#7601 = PRESENTATION_STYLE_ASSIGNMENT((#7602,#7607));
#7602 = SURFACE_STYLE_USAGE(.BOTH.,#7603);
#7603 = SURFACE_SIDE_STYLE('',(#7604));
#7604 = SURFACE_STYLE_FILL_AREA(#7605);
#7605 = FILL_AREA_STYLE('',(#7606));
#7606 = FILL_AREA_STYLE_COLOUR('',#7579);
#7607 = CURVE_STYLE('',#7608,POSITIVE_LENGTH_MEASURE(0.1),#7579);
#7608 = DRAUGHTING_PRE_DEFINED_CURVE_FONT('continuous');
#7609 = STYLED_ITEM('color',(#7610),#2618);
#7610 = PRESENTATION_STYLE_ASSIGNMENT((#7611,#7616));
#7611 = SURFACE_STYLE_USAGE(.BOTH.,#7612);
#7612 = SURFACE_SIDE_STYLE('',(#7613));
#7613 = SURFACE_STYLE_FILL_AREA(#7614);
#7614 = FILL_AREA_STYLE('',(#7615));
#7615 = FILL_AREA_STYLE_COLOUR('',#7579);
#7616 = CURVE_STYLE('',#7617,POSITIVE_LENGTH_MEASURE(0.1),#7579);
#7617 = DRAUGHTING_PRE_DEFINED_CURVE_FONT('continuous');
#7618 = STYLED_ITEM('color',(#7619),#2641);
#7619 = PRESENTATION_STYLE_ASSIGNMENT((#7620,#7625));
#7620 = SURFACE_STYLE_USAGE(.BOTH.,#7621);
#7621 = SURFACE_SIDE_STYLE('',(#7622));
#7622 = SURFACE_STYLE_FILL_AREA(#7623);
#7623 = FILL_AREA_STYLE('',(#7624));
#7624 = FILL_AREA_STYLE_COLOUR('',#7579);
#7625 = CURVE_STYLE('',#7626,POSITIVE_LENGTH_MEASURE(0.1),#7579);
#7626 = DRAUGHTING_PRE_DEFINED_CURVE_FONT('continuous');
#7627 = STYLED_ITEM('color',(#7628),#2696);
#7628 = PRESENTATION_STYLE_ASSIGNMENT((#7629,#7634));
#7629 = SURFACE_STYLE_USAGE(.BOTH.,#7630);
#7630 = SURFACE_SIDE_STYLE('',(#7631));
#7631 = SURFACE_STYLE_FILL_AREA(#7632);
#7632 = FILL_AREA_STYLE('',(#7633));
#7633 = FILL_AREA_STYLE_COLOUR('',#7579);
#7634 = CURVE_STYLE('',#7635,POSITIVE_LENGTH_MEASURE(0.1),#7579);
#7635 = DRAUGHTING_PRE_DEFINED_CURVE_FONT('continuous');
#7636 = STYLED_ITEM('color',(#7637),#2735);
#7637 = PRESENTATION_STYLE_ASSIGNMENT((#7638,#7643));
#7638 = SURFACE_STYLE_USAGE(.BOTH.,#7639);
#7639 = SURFACE_SIDE_STYLE('',(#7640));
#7640 = SURFACE_STYLE_FILL_AREA(#7641);
#7641 = FILL_AREA_STYLE('',(#7642));
#7642 = FILL_AREA_STYLE_COLOUR('',#7579);
#7643 = CURVE_STYLE('',#7644,POSITIVE_LENGTH_MEASURE(0.1),#7579);
#7644 = DRAUGHTING_PRE_DEFINED_CURVE_FONT('continuous');
#7645 = STYLED_ITEM('color',(#7646),#2758);
#7646 = PRESENTATION_STYLE_ASSIGNMENT((#7647,#7652));
#7647 = SURFACE_STYLE_USAGE(.BOTH.,#7648);
#7648 = SURFACE_SIDE_STYLE('',(#7649));
#7649 = SURFACE_STYLE_FILL_AREA(#7650);
#7650 = FILL_AREA_STYLE('',(#7651));
#7651 = FILL_AREA_STYLE_COLOUR('',#7579);
#7652 = CURVE_STYLE('',#7653,POSITIVE_LENGTH_MEASURE(0.1),#7579);
#7653 = DRAUGHTING_PRE_DEFINED_CURVE_FONT('continuous');
#7654 = STYLED_ITEM('color',(#7655),#2781);
#7655 = PRESENTATION_STYLE_ASSIGNMENT((#7656,#7661));
#7656 = SURFACE_STYLE_USAGE(.BOTH.,#7657);
#7657 = SURFACE_SIDE_STYLE('',(#7658));
#7658 = SURFACE_STYLE_FILL_AREA(#7659);
#7659 = FILL_AREA_STYLE('',(#7660));
#7660 = FILL_AREA_STYLE_COLOUR('',#7579);
#7661 = CURVE_STYLE('',#7662,POSITIVE_LENGTH_MEASURE(0.1),#7579);
#7662 = DRAUGHTING_PRE_DEFINED_CURVE_FONT('continuous');
#7663 = STYLED_ITEM('color',(#7664),#2798);
#7664 = PRESENTATION_STYLE_ASSIGNMENT((#7665,#7670));
#7665 = SURFACE_STYLE_USAGE(.BOTH.,#7666);
#7666 = SURFACE_SIDE_STYLE('',(#7667));
#7667 = SURFACE_STYLE_FILL_AREA(#7668);
#7668 = FILL_AREA_STYLE('',(#7669));
#7669 = FILL_AREA_STYLE_COLOUR('',#7579);
#7670 = CURVE_STYLE('',#7671,POSITIVE_LENGTH_MEASURE(0.1),#7579);
#7671 = DRAUGHTING_PRE_DEFINED_CURVE_FONT('continuous');
#7672 = STYLED_ITEM('color',(#7673),#2821);
#7673 = PRESENTATION_STYLE_ASSIGNMENT((#7674,#7679));
#7674 = SURFACE_STYLE_USAGE(.BOTH.,#7675);
#7675 = SURFACE_SIDE_STYLE('',(#7676));
#7676 = SURFACE_STYLE_FILL_AREA(#7677);
#7677 = FILL_AREA_STYLE('',(#7678));
#7678 = FILL_AREA_STYLE_COLOUR('',#7579);
#7679 = CURVE_STYLE('',#7680,POSITIVE_LENGTH_MEASURE(0.1),#7579);
#7680 = DRAUGHTING_PRE_DEFINED_CURVE_FONT('continuous');
#7681 = STYLED_ITEM('color',(#7682),#2909);
#7682 = PRESENTATION_STYLE_ASSIGNMENT((#7683,#7688));
#7683 = SURFACE_STYLE_USAGE(.BOTH.,#7684);
#7684 = SURFACE_SIDE_STYLE('',(#7685));
#7685 = SURFACE_STYLE_FILL_AREA(#7686);
#7686 = FILL_AREA_STYLE('',(#7687));
#7687 = FILL_AREA_STYLE_COLOUR('',#7579);
#7688 = CURVE_STYLE('',#7689,POSITIVE_LENGTH_MEASURE(0.1),#7579);
#7689 = DRAUGHTING_PRE_DEFINED_CURVE_FONT('continuous');
#7690 = STYLED_ITEM('color',(#7691),#2925);
#7691 = PRESENTATION_STYLE_ASSIGNMENT((#7692,#7697));
#7692 = SURFACE_STYLE_USAGE(.BOTH.,#7693);
#7693 = SURFACE_SIDE_STYLE('',(#7694));
#7694 = SURFACE_STYLE_FILL_AREA(#7695);
#7695 = FILL_AREA_STYLE('',(#7696));
#7696 = FILL_AREA_STYLE_COLOUR('',#7579);
#7697 = CURVE_STYLE('',#7698,POSITIVE_LENGTH_MEASURE(0.1),#7579);
#7698 = DRAUGHTING_PRE_DEFINED_CURVE_FONT('continuous');
#7699 = STYLED_ITEM('color',(#7700),#2955);
#7700 = PRESENTATION_STYLE_ASSIGNMENT((#7701,#7706));
#7701 = SURFACE_STYLE_USAGE(.BOTH.,#7702);
#7702 = SURFACE_SIDE_STYLE('',(#7703));
#7703 = SURFACE_STYLE_FILL_AREA(#7704);
#7704 = FILL_AREA_STYLE('',(#7705));
#7705 = FILL_AREA_STYLE_COLOUR('',#7181);
#7706 = CURVE_STYLE('',#7707,POSITIVE_LENGTH_MEASURE(0.1),#7181);
#7707 = DRAUGHTING_PRE_DEFINED_CURVE_FONT('continuous');
#7708 = STYLED_ITEM('color',(#7709),#2986);
#7709 = PRESENTATION_STYLE_ASSIGNMENT((#7710,#7715));
#7710 = SURFACE_STYLE_USAGE(.BOTH.,#7711);
#7711 = SURFACE_SIDE_STYLE('',(#7712));
#7712 = SURFACE_STYLE_FILL_AREA(#7713);
#7713 = FILL_AREA_STYLE('',(#7714));
#7714 = FILL_AREA_STYLE_COLOUR('',#7579);
#7715 = CURVE_STYLE('',#7716,POSITIVE_LENGTH_MEASURE(0.1),#7579);
#7716 = DRAUGHTING_PRE_DEFINED_CURVE_FONT('continuous');
#7717 = STYLED_ITEM('color',(#7718),#3017);
#7718 = PRESENTATION_STYLE_ASSIGNMENT((#7719,#7724));
#7719 = SURFACE_STYLE_USAGE(.BOTH.,#7720);
#7720 = SURFACE_SIDE_STYLE('',(#7721));
#7721 = SURFACE_STYLE_FILL_AREA(#7722);
#7722 = FILL_AREA_STYLE('',(#7723));
#7723 = FILL_AREA_STYLE_COLOUR('',#7181);
#7724 = CURVE_STYLE('',#7725,POSITIVE_LENGTH_MEASURE(0.1),#7181);
#7725 = DRAUGHTING_PRE_DEFINED_CURVE_FONT('continuous');
#7726 = STYLED_ITEM('color',(#7727),#3048);
#7727 = PRESENTATION_STYLE_ASSIGNMENT((#7728,#7733));
#7728 = SURFACE_STYLE_USAGE(.BOTH.,#7729);
#7729 = SURFACE_SIDE_STYLE('',(#7730));
#7730 = SURFACE_STYLE_FILL_AREA(#7731);
#7731 = FILL_AREA_STYLE('',(#7732));
#7732 = FILL_AREA_STYLE_COLOUR('',#7579);
#7733 = CURVE_STYLE('',#7734,POSITIVE_LENGTH_MEASURE(0.1),#7579);
#7734 = DRAUGHTING_PRE_DEFINED_CURVE_FONT('continuous');
#7735 = STYLED_ITEM('color',(#7736),#3065);
#7736 = PRESENTATION_STYLE_ASSIGNMENT((#7737,#7742));
#7737 = SURFACE_STYLE_USAGE(.BOTH.,#7738);
#7738 = SURFACE_SIDE_STYLE('',(#7739));
#7739 = SURFACE_STYLE_FILL_AREA(#7740);
#7740 = FILL_AREA_STYLE('',(#7741));
#7741 = FILL_AREA_STYLE_COLOUR('',#7579);
#7742 = CURVE_STYLE('',#7743,POSITIVE_LENGTH_MEASURE(0.1),#7579);
#7743 = DRAUGHTING_PRE_DEFINED_CURVE_FONT('continuous');
#7744 = STYLED_ITEM('color',(#7745),#3082);
#7745 = PRESENTATION_STYLE_ASSIGNMENT((#7746,#7751));
#7746 = SURFACE_STYLE_USAGE(.BOTH.,#7747);
#7747 = SURFACE_SIDE_STYLE('',(#7748));
#7748 = SURFACE_STYLE_FILL_AREA(#7749);
#7749 = FILL_AREA_STYLE('',(#7750));
#7750 = FILL_AREA_STYLE_COLOUR('',#7181);
#7751 = CURVE_STYLE('',#7752,POSITIVE_LENGTH_MEASURE(0.1),#7181);
#7752 = DRAUGHTING_PRE_DEFINED_CURVE_FONT('continuous');
#7753 = STYLED_ITEM('color',(#7754),#3113);
#7754 = PRESENTATION_STYLE_ASSIGNMENT((#7755,#7760));
#7755 = SURFACE_STYLE_USAGE(.BOTH.,#7756);
#7756 = SURFACE_SIDE_STYLE('',(#7757));
#7757 = SURFACE_STYLE_FILL_AREA(#7758);
#7758 = FILL_AREA_STYLE('',(#7759));
#7759 = FILL_AREA_STYLE_COLOUR('',#7579);
#7760 = CURVE_STYLE('',#7761,POSITIVE_LENGTH_MEASURE(0.1),#7579);
#7761 = DRAUGHTING_PRE_DEFINED_CURVE_FONT('continuous');
#7762 = STYLED_ITEM('color',(#7763),#3143);
#7763 = PRESENTATION_STYLE_ASSIGNMENT((#7764,#7769));
#7764 = SURFACE_STYLE_USAGE(.BOTH.,#7765);
#7765 = SURFACE_SIDE_STYLE('',(#7766));
#7766 = SURFACE_STYLE_FILL_AREA(#7767);
#7767 = FILL_AREA_STYLE('',(#7768));
#7768 = FILL_AREA_STYLE_COLOUR('',#7579);
#7769 = CURVE_STYLE('',#7770,POSITIVE_LENGTH_MEASURE(0.1),#7579);
#7770 = DRAUGHTING_PRE_DEFINED_CURVE_FONT('continuous');
#7771 = STYLED_ITEM('color',(#7772),#3166);
#7772 = PRESENTATION_STYLE_ASSIGNMENT((#7773,#7778));
#7773 = SURFACE_STYLE_USAGE(.BOTH.,#7774);
#7774 = SURFACE_SIDE_STYLE('',(#7775));
#7775 = SURFACE_STYLE_FILL_AREA(#7776);
#7776 = FILL_AREA_STYLE('',(#7777));
#7777 = FILL_AREA_STYLE_COLOUR('',#7579);
#7778 = CURVE_STYLE('',#7779,POSITIVE_LENGTH_MEASURE(0.1),#7579);
#7779 = DRAUGHTING_PRE_DEFINED_CURVE_FONT('continuous');
#7780 = STYLED_ITEM('color',(#7781),#3189);
#7781 = PRESENTATION_STYLE_ASSIGNMENT((#7782,#7787));
#7782 = SURFACE_STYLE_USAGE(.BOTH.,#7783);
#7783 = SURFACE_SIDE_STYLE('',(#7784));
#7784 = SURFACE_STYLE_FILL_AREA(#7785);
#7785 = FILL_AREA_STYLE('',(#7786));
#7786 = FILL_AREA_STYLE_COLOUR('',#7579);
#7787 = CURVE_STYLE('',#7788,POSITIVE_LENGTH_MEASURE(0.1),#7579);
#7788 = DRAUGHTING_PRE_DEFINED_CURVE_FONT('continuous');
#7789 = STYLED_ITEM('color',(#7790),#3206);
#7790 = PRESENTATION_STYLE_ASSIGNMENT((#7791,#7796));
#7791 = SURFACE_STYLE_USAGE(.BOTH.,#7792);
#7792 = SURFACE_SIDE_STYLE('',(#7793));
#7793 = SURFACE_STYLE_FILL_AREA(#7794);
#7794 = FILL_AREA_STYLE('',(#7795));
#7795 = FILL_AREA_STYLE_COLOUR('',#7181);
#7796 = CURVE_STYLE('',#7797,POSITIVE_LENGTH_MEASURE(0.1),#7181);
#7797 = DRAUGHTING_PRE_DEFINED_CURVE_FONT('continuous');
#7798 = STYLED_ITEM('color',(#7799),#3251);
#7799 = PRESENTATION_STYLE_ASSIGNMENT((#7800,#7805));
#7800 = SURFACE_STYLE_USAGE(.BOTH.,#7801);
#7801 = SURFACE_SIDE_STYLE('',(#7802));
#7802 = SURFACE_STYLE_FILL_AREA(#7803);
#7803 = FILL_AREA_STYLE('',(#7804));
#7804 = FILL_AREA_STYLE_COLOUR('',#7579);
#7805 = CURVE_STYLE('',#7806,POSITIVE_LENGTH_MEASURE(0.1),#7579);
#7806 = DRAUGHTING_PRE_DEFINED_CURVE_FONT('continuous');
#7807 = STYLED_ITEM('color',(#7808),#3305);
#7808 = PRESENTATION_STYLE_ASSIGNMENT((#7809,#7814));
#7809 = SURFACE_STYLE_USAGE(.BOTH.,#7810);
#7810 = SURFACE_SIDE_STYLE('',(#7811));
#7811 = SURFACE_STYLE_FILL_AREA(#7812);
#7812 = FILL_AREA_STYLE('',(#7813));
#7813 = FILL_AREA_STYLE_COLOUR('',#7579);
#7814 = CURVE_STYLE('',#7815,POSITIVE_LENGTH_MEASURE(0.1),#7579);
#7815 = DRAUGHTING_PRE_DEFINED_CURVE_FONT('continuous');
#7816 = STYLED_ITEM('color',(#7817),#3328);
#7817 = PRESENTATION_STYLE_ASSIGNMENT((#7818,#7823));
#7818 = SURFACE_STYLE_USAGE(.BOTH.,#7819);
#7819 = SURFACE_SIDE_STYLE('',(#7820));
#7820 = SURFACE_STYLE_FILL_AREA(#7821);
#7821 = FILL_AREA_STYLE('',(#7822));
#7822 = FILL_AREA_STYLE_COLOUR('',#7579);
#7823 = CURVE_STYLE('',#7824,POSITIVE_LENGTH_MEASURE(0.1),#7579);
#7824 = DRAUGHTING_PRE_DEFINED_CURVE_FONT('continuous');
#7825 = STYLED_ITEM('color',(#7826),#3351);
#7826 = PRESENTATION_STYLE_ASSIGNMENT((#7827,#7832));
#7827 = SURFACE_STYLE_USAGE(.BOTH.,#7828);
#7828 = SURFACE_SIDE_STYLE('',(#7829));
#7829 = SURFACE_STYLE_FILL_AREA(#7830);
#7830 = FILL_AREA_STYLE('',(#7831));
#7831 = FILL_AREA_STYLE_COLOUR('',#7579);
#7832 = CURVE_STYLE('',#7833,POSITIVE_LENGTH_MEASURE(0.1),#7579);
#7833 = DRAUGHTING_PRE_DEFINED_CURVE_FONT('continuous');
#7834 = STYLED_ITEM('color',(#7835),#3374);
#7835 = PRESENTATION_STYLE_ASSIGNMENT((#7836,#7841));
#7836 = SURFACE_STYLE_USAGE(.BOTH.,#7837);
#7837 = SURFACE_SIDE_STYLE('',(#7838));
#7838 = SURFACE_STYLE_FILL_AREA(#7839);
#7839 = FILL_AREA_STYLE('',(#7840));
#7840 = FILL_AREA_STYLE_COLOUR('',#7579);
#7841 = CURVE_STYLE('',#7842,POSITIVE_LENGTH_MEASURE(0.1),#7579);
#7842 = DRAUGHTING_PRE_DEFINED_CURVE_FONT('continuous');
#7843 = STYLED_ITEM('color',(#7844),#3413);
#7844 = PRESENTATION_STYLE_ASSIGNMENT((#7845,#7850));
#7845 = SURFACE_STYLE_USAGE(.BOTH.,#7846);
#7846 = SURFACE_SIDE_STYLE('',(#7847));
#7847 = SURFACE_STYLE_FILL_AREA(#7848);
#7848 = FILL_AREA_STYLE('',(#7849));
#7849 = FILL_AREA_STYLE_COLOUR('',#7181);
#7850 = CURVE_STYLE('',#7851,POSITIVE_LENGTH_MEASURE(0.1),#7181);
#7851 = DRAUGHTING_PRE_DEFINED_CURVE_FONT('continuous');
#7852 = STYLED_ITEM('color',(#7853),#3451);
#7853 = PRESENTATION_STYLE_ASSIGNMENT((#7854,#7859));
#7854 = SURFACE_STYLE_USAGE(.BOTH.,#7855);
#7855 = SURFACE_SIDE_STYLE('',(#7856));
#7856 = SURFACE_STYLE_FILL_AREA(#7857);
#7857 = FILL_AREA_STYLE('',(#7858));
#7858 = FILL_AREA_STYLE_COLOUR('',#7579);
#7859 = CURVE_STYLE('',#7860,POSITIVE_LENGTH_MEASURE(0.1),#7579);
#7860 = DRAUGHTING_PRE_DEFINED_CURVE_FONT('continuous');
#7861 = STYLED_ITEM('color',(#7862),#3495);
#7862 = PRESENTATION_STYLE_ASSIGNMENT((#7863,#7868));
#7863 = SURFACE_STYLE_USAGE(.BOTH.,#7864);
#7864 = SURFACE_SIDE_STYLE('',(#7865));
#7865 = SURFACE_STYLE_FILL_AREA(#7866);
#7866 = FILL_AREA_STYLE('',(#7867));
#7867 = FILL_AREA_STYLE_COLOUR('',#7181);
#7868 = CURVE_STYLE('',#7869,POSITIVE_LENGTH_MEASURE(0.1),#7181);
#7869 = DRAUGHTING_PRE_DEFINED_CURVE_FONT('continuous');
#7870 = STYLED_ITEM('color',(#7871),#3587);
#7871 = PRESENTATION_STYLE_ASSIGNMENT((#7872,#7877));
#7872 = SURFACE_STYLE_USAGE(.BOTH.,#7873);
#7873 = SURFACE_SIDE_STYLE('',(#7874));
#7874 = SURFACE_STYLE_FILL_AREA(#7875);
#7875 = FILL_AREA_STYLE('',(#7876));
#7876 = FILL_AREA_STYLE_COLOUR('',#7181);
#7877 = CURVE_STYLE('',#7878,POSITIVE_LENGTH_MEASURE(0.1),#7181);
#7878 = DRAUGHTING_PRE_DEFINED_CURVE_FONT('continuous');
#7879 = STYLED_ITEM('color',(#7880),#3612);
#7880 = PRESENTATION_STYLE_ASSIGNMENT((#7881,#7886));
#7881 = SURFACE_STYLE_USAGE(.BOTH.,#7882);
#7882 = SURFACE_SIDE_STYLE('',(#7883));
#7883 = SURFACE_STYLE_FILL_AREA(#7884);
#7884 = FILL_AREA_STYLE('',(#7885));
#7885 = FILL_AREA_STYLE_COLOUR('',#7181);
#7886 = CURVE_STYLE('',#7887,POSITIVE_LENGTH_MEASURE(0.1),#7181);
#7887 = DRAUGHTING_PRE_DEFINED_CURVE_FONT('continuous');
#7888 = STYLED_ITEM('color',(#7889),#3696);
#7889 = PRESENTATION_STYLE_ASSIGNMENT((#7890,#7895));
#7890 = SURFACE_STYLE_USAGE(.BOTH.,#7891);
#7891 = SURFACE_SIDE_STYLE('',(#7892));
#7892 = SURFACE_STYLE_FILL_AREA(#7893);
#7893 = FILL_AREA_STYLE('',(#7894));
#7894 = FILL_AREA_STYLE_COLOUR('',#7579);
#7895 = CURVE_STYLE('',#7896,POSITIVE_LENGTH_MEASURE(0.1),#7579);
#7896 = DRAUGHTING_PRE_DEFINED_CURVE_FONT('continuous');
#7897 = STYLED_ITEM('color',(#7898),#3713);
#7898 = PRESENTATION_STYLE_ASSIGNMENT((#7899,#7904));
#7899 = SURFACE_STYLE_USAGE(.BOTH.,#7900);
#7900 = SURFACE_SIDE_STYLE('',(#7901));
#7901 = SURFACE_STYLE_FILL_AREA(#7902);
#7902 = FILL_AREA_STYLE('',(#7903));
#7903 = FILL_AREA_STYLE_COLOUR('',#7181);
#7904 = CURVE_STYLE('',#7905,POSITIVE_LENGTH_MEASURE(0.1),#7181);
#7905 = DRAUGHTING_PRE_DEFINED_CURVE_FONT('continuous');
#7906 = STYLED_ITEM('color',(#7907),#3798);
#7907 = PRESENTATION_STYLE_ASSIGNMENT((#7908,#7913));
#7908 = SURFACE_STYLE_USAGE(.BOTH.,#7909);
#7909 = SURFACE_SIDE_STYLE('',(#7910));
#7910 = SURFACE_STYLE_FILL_AREA(#7911);
#7911 = FILL_AREA_STYLE('',(#7912));
#7912 = FILL_AREA_STYLE_COLOUR('',#7181);
#7913 = CURVE_STYLE('',#7914,POSITIVE_LENGTH_MEASURE(0.1),#7181);
#7914 = DRAUGHTING_PRE_DEFINED_CURVE_FONT('continuous');
#7915 = STYLED_ITEM('color',(#7916),#3823);
#7916 = PRESENTATION_STYLE_ASSIGNMENT((#7917,#7922));
#7917 = SURFACE_STYLE_USAGE(.BOTH.,#7918);
#7918 = SURFACE_SIDE_STYLE('',(#7919));
#7919 = SURFACE_STYLE_FILL_AREA(#7920);
#7920 = FILL_AREA_STYLE('',(#7921));
#7921 = FILL_AREA_STYLE_COLOUR('',#7181);
#7922 = CURVE_STYLE('',#7923,POSITIVE_LENGTH_MEASURE(0.1),#7181);
#7923 = DRAUGHTING_PRE_DEFINED_CURVE_FONT('continuous');
#7924 = STYLED_ITEM('color',(#7925),#3900);
#7925 = PRESENTATION_STYLE_ASSIGNMENT((#7926,#7931));
#7926 = SURFACE_STYLE_USAGE(.BOTH.,#7927);
#7927 = SURFACE_SIDE_STYLE('',(#7928));
#7928 = SURFACE_STYLE_FILL_AREA(#7929);
#7929 = FILL_AREA_STYLE('',(#7930));
#7930 = FILL_AREA_STYLE_COLOUR('',#7181);
#7931 = CURVE_STYLE('',#7932,POSITIVE_LENGTH_MEASURE(0.1),#7181);
#7932 = DRAUGHTING_PRE_DEFINED_CURVE_FONT('continuous');
#7933 = STYLED_ITEM('color',(#7934),#3985);
#7934 = PRESENTATION_STYLE_ASSIGNMENT((#7935,#7940));
#7935 = SURFACE_STYLE_USAGE(.BOTH.,#7936);
#7936 = SURFACE_SIDE_STYLE('',(#7937));
#7937 = SURFACE_STYLE_FILL_AREA(#7938);
#7938 = FILL_AREA_STYLE('',(#7939));
#7939 = FILL_AREA_STYLE_COLOUR('',#7181);
#7940 = CURVE_STYLE('',#7941,POSITIVE_LENGTH_MEASURE(0.1),#7181);
#7941 = DRAUGHTING_PRE_DEFINED_CURVE_FONT('continuous');
#7942 = STYLED_ITEM('color',(#7943),#4010);
#7943 = PRESENTATION_STYLE_ASSIGNMENT((#7944,#7949));
#7944 = SURFACE_STYLE_USAGE(.BOTH.,#7945);
#7945 = SURFACE_SIDE_STYLE('',(#7946));
#7946 = SURFACE_STYLE_FILL_AREA(#7947);
#7947 = FILL_AREA_STYLE('',(#7948));
#7948 = FILL_AREA_STYLE_COLOUR('',#7181);
#7949 = CURVE_STYLE('',#7950,POSITIVE_LENGTH_MEASURE(0.1),#7181);
#7950 = DRAUGHTING_PRE_DEFINED_CURVE_FONT('continuous');
#7951 = STYLED_ITEM('color',(#7952),#4087);
#7952 = PRESENTATION_STYLE_ASSIGNMENT((#7953,#7958));
#7953 = SURFACE_STYLE_USAGE(.BOTH.,#7954);
#7954 = SURFACE_SIDE_STYLE('',(#7955));
#7955 = SURFACE_STYLE_FILL_AREA(#7956);
#7956 = FILL_AREA_STYLE('',(#7957));
#7957 = FILL_AREA_STYLE_COLOUR('',#7181);
#7958 = CURVE_STYLE('',#7959,POSITIVE_LENGTH_MEASURE(0.1),#7181);
#7959 = DRAUGHTING_PRE_DEFINED_CURVE_FONT('continuous');
#7960 = STYLED_ITEM('color',(#7961),#4104);
#7961 = PRESENTATION_STYLE_ASSIGNMENT((#7962,#7967));
#7962 = SURFACE_STYLE_USAGE(.BOTH.,#7963);
#7963 = SURFACE_SIDE_STYLE('',(#7964));
#7964 = SURFACE_STYLE_FILL_AREA(#7965);
#7965 = FILL_AREA_STYLE('',(#7966));
#7966 = FILL_AREA_STYLE_COLOUR('',#7181);
#7967 = CURVE_STYLE('',#7968,POSITIVE_LENGTH_MEASURE(0.1),#7181);
#7968 = DRAUGHTING_PRE_DEFINED_CURVE_FONT('continuous');
#7969 = STYLED_ITEM('color',(#7970),#4123);
#7970 = PRESENTATION_STYLE_ASSIGNMENT((#7971,#7976));
#7971 = SURFACE_STYLE_USAGE(.BOTH.,#7972);
#7972 = SURFACE_SIDE_STYLE('',(#7973));
#7973 = SURFACE_STYLE_FILL_AREA(#7974);
#7974 = FILL_AREA_STYLE('',(#7975));
#7975 = FILL_AREA_STYLE_COLOUR('',#7579);
#7976 = CURVE_STYLE('',#7977,POSITIVE_LENGTH_MEASURE(0.1),#7579);
#7977 = DRAUGHTING_PRE_DEFINED_CURVE_FONT('continuous');
#7978 = STYLED_ITEM('color',(#7979),#4169);
#7979 = PRESENTATION_STYLE_ASSIGNMENT((#7980,#7985));
#7980 = SURFACE_STYLE_USAGE(.BOTH.,#7981);
#7981 = SURFACE_SIDE_STYLE('',(#7982));
#7982 = SURFACE_STYLE_FILL_AREA(#7983);
#7983 = FILL_AREA_STYLE('',(#7984));
#7984 = FILL_AREA_STYLE_COLOUR('',#7579);
#7985 = CURVE_STYLE('',#7986,POSITIVE_LENGTH_MEASURE(0.1),#7579);
#7986 = DRAUGHTING_PRE_DEFINED_CURVE_FONT('continuous');
#7987 = STYLED_ITEM('color',(#7988),#4185);
#7988 = PRESENTATION_STYLE_ASSIGNMENT((#7989,#7994));
#7989 = SURFACE_STYLE_USAGE(.BOTH.,#7990);
#7990 = SURFACE_SIDE_STYLE('',(#7991));
#7991 = SURFACE_STYLE_FILL_AREA(#7992);
#7992 = FILL_AREA_STYLE('',(#7993));
#7993 = FILL_AREA_STYLE_COLOUR('',#7579);
#7994 = CURVE_STYLE('',#7995,POSITIVE_LENGTH_MEASURE(0.1),#7579);
#7995 = DRAUGHTING_PRE_DEFINED_CURVE_FONT('continuous');
#7996 = STYLED_ITEM('color',(#7997),#4201);
#7997 = PRESENTATION_STYLE_ASSIGNMENT((#7998,#8003));
#7998 = SURFACE_STYLE_USAGE(.BOTH.,#7999);
#7999 = SURFACE_SIDE_STYLE('',(#8000));
#8000 = SURFACE_STYLE_FILL_AREA(#8001);
#8001 = FILL_AREA_STYLE('',(#8002));
#8002 = FILL_AREA_STYLE_COLOUR('',#7181);
#8003 = CURVE_STYLE('',#8004,POSITIVE_LENGTH_MEASURE(0.1),#7181);
#8004 = DRAUGHTING_PRE_DEFINED_CURVE_FONT('continuous');
#8005 = STYLED_ITEM('color',(#8006),#4218);
#8006 = PRESENTATION_STYLE_ASSIGNMENT((#8007,#8012));
#8007 = SURFACE_STYLE_USAGE(.BOTH.,#8008);
#8008 = SURFACE_SIDE_STYLE('',(#8009));
#8009 = SURFACE_STYLE_FILL_AREA(#8010);
#8010 = FILL_AREA_STYLE('',(#8011));
#8011 = FILL_AREA_STYLE_COLOUR('',#7579);
#8012 = CURVE_STYLE('',#8013,POSITIVE_LENGTH_MEASURE(0.1),#7579);
#8013 = DRAUGHTING_PRE_DEFINED_CURVE_FONT('continuous');
#8014 = STYLED_ITEM('color',(#8015),#4230);
#8015 = PRESENTATION_STYLE_ASSIGNMENT((#8016,#8021));
#8016 = SURFACE_STYLE_USAGE(.BOTH.,#8017);
#8017 = SURFACE_SIDE_STYLE('',(#8018));
#8018 = SURFACE_STYLE_FILL_AREA(#8019);
#8019 = FILL_AREA_STYLE('',(#8020));
#8020 = FILL_AREA_STYLE_COLOUR('',#7181);
#8021 = CURVE_STYLE('',#8022,POSITIVE_LENGTH_MEASURE(0.1),#7181);
#8022 = DRAUGHTING_PRE_DEFINED_CURVE_FONT('continuous');
#8023 = STYLED_ITEM('color',(#8024),#4247);
#8024 = PRESENTATION_STYLE_ASSIGNMENT((#8025,#8030));
#8025 = SURFACE_STYLE_USAGE(.BOTH.,#8026);
#8026 = SURFACE_SIDE_STYLE('',(#8027));
#8027 = SURFACE_STYLE_FILL_AREA(#8028);
#8028 = FILL_AREA_STYLE('',(#8029));
#8029 = FILL_AREA_STYLE_COLOUR('',#7181);
#8030 = CURVE_STYLE('',#8031,POSITIVE_LENGTH_MEASURE(0.1),#7181);
#8031 = DRAUGHTING_PRE_DEFINED_CURVE_FONT('continuous');
#8032 = STYLED_ITEM('color',(#8033),#4264);
#8033 = PRESENTATION_STYLE_ASSIGNMENT((#8034,#8039));
#8034 = SURFACE_STYLE_USAGE(.BOTH.,#8035);
#8035 = SURFACE_SIDE_STYLE('',(#8036));
#8036 = SURFACE_STYLE_FILL_AREA(#8037);
#8037 = FILL_AREA_STYLE('',(#8038));
#8038 = FILL_AREA_STYLE_COLOUR('',#7181);
#8039 = CURVE_STYLE('',#8040,POSITIVE_LENGTH_MEASURE(0.1),#7181);
#8040 = DRAUGHTING_PRE_DEFINED_CURVE_FONT('continuous');
#8041 = STYLED_ITEM('color',(#8042),#4281);
#8042 = PRESENTATION_STYLE_ASSIGNMENT((#8043,#8048));
#8043 = SURFACE_STYLE_USAGE(.BOTH.,#8044);
#8044 = SURFACE_SIDE_STYLE('',(#8045));
#8045 = SURFACE_STYLE_FILL_AREA(#8046);
#8046 = FILL_AREA_STYLE('',(#8047));
#8047 = FILL_AREA_STYLE_COLOUR('',#7181);
#8048 = CURVE_STYLE('',#8049,POSITIVE_LENGTH_MEASURE(0.1),#7181);
#8049 = DRAUGHTING_PRE_DEFINED_CURVE_FONT('continuous');
#8050 = STYLED_ITEM('color',(#8051),#4298);
#8051 = PRESENTATION_STYLE_ASSIGNMENT((#8052,#8057));
#8052 = SURFACE_STYLE_USAGE(.BOTH.,#8053);
#8053 = SURFACE_SIDE_STYLE('',(#8054));
#8054 = SURFACE_STYLE_FILL_AREA(#8055);
#8055 = FILL_AREA_STYLE('',(#8056));
#8056 = FILL_AREA_STYLE_COLOUR('',#7181);
#8057 = CURVE_STYLE('',#8058,POSITIVE_LENGTH_MEASURE(0.1),#7181);
#8058 = DRAUGHTING_PRE_DEFINED_CURVE_FONT('continuous');
#8059 = STYLED_ITEM('color',(#8060),#4315);
#8060 = PRESENTATION_STYLE_ASSIGNMENT((#8061,#8066));
#8061 = SURFACE_STYLE_USAGE(.BOTH.,#8062);
#8062 = SURFACE_SIDE_STYLE('',(#8063));
#8063 = SURFACE_STYLE_FILL_AREA(#8064);
#8064 = FILL_AREA_STYLE('',(#8065));
#8065 = FILL_AREA_STYLE_COLOUR('',#7181);
#8066 = CURVE_STYLE('',#8067,POSITIVE_LENGTH_MEASURE(0.1),#7181);
#8067 = DRAUGHTING_PRE_DEFINED_CURVE_FONT('continuous');
#8068 = STYLED_ITEM('color',(#8069),#4332);
#8069 = PRESENTATION_STYLE_ASSIGNMENT((#8070,#8075));
#8070 = SURFACE_STYLE_USAGE(.BOTH.,#8071);
#8071 = SURFACE_SIDE_STYLE('',(#8072));
#8072 = SURFACE_STYLE_FILL_AREA(#8073);
#8073 = FILL_AREA_STYLE('',(#8074));
#8074 = FILL_AREA_STYLE_COLOUR('',#7181);
#8075 = CURVE_STYLE('',#8076,POSITIVE_LENGTH_MEASURE(0.1),#7181);
#8076 = DRAUGHTING_PRE_DEFINED_CURVE_FONT('continuous');
#8077 = STYLED_ITEM('color',(#8078),#4349);
#8078 = PRESENTATION_STYLE_ASSIGNMENT((#8079,#8084));
#8079 = SURFACE_STYLE_USAGE(.BOTH.,#8080);
#8080 = SURFACE_SIDE_STYLE('',(#8081));
#8081 = SURFACE_STYLE_FILL_AREA(#8082);
#8082 = FILL_AREA_STYLE('',(#8083));
#8083 = FILL_AREA_STYLE_COLOUR('',#7181);
#8084 = CURVE_STYLE('',#8085,POSITIVE_LENGTH_MEASURE(0.1),#7181);
#8085 = DRAUGHTING_PRE_DEFINED_CURVE_FONT('continuous');
#8086 = STYLED_ITEM('color',(#8087),#4361);
#8087 = PRESENTATION_STYLE_ASSIGNMENT((#8088,#8093));
#8088 = SURFACE_STYLE_USAGE(.BOTH.,#8089);
#8089 = SURFACE_SIDE_STYLE('',(#8090));
#8090 = SURFACE_STYLE_FILL_AREA(#8091);
#8091 = FILL_AREA_STYLE('',(#8092));
#8092 = FILL_AREA_STYLE_COLOUR('',#7181);
#8093 = CURVE_STYLE('',#8094,POSITIVE_LENGTH_MEASURE(0.1),#7181);
#8094 = DRAUGHTING_PRE_DEFINED_CURVE_FONT('continuous');
#8095 = STYLED_ITEM('color',(#8096),#4378);
#8096 = PRESENTATION_STYLE_ASSIGNMENT((#8097,#8102));
#8097 = SURFACE_STYLE_USAGE(.BOTH.,#8098);
#8098 = SURFACE_SIDE_STYLE('',(#8099));
#8099 = SURFACE_STYLE_FILL_AREA(#8100);
#8100 = FILL_AREA_STYLE('',(#8101));
#8101 = FILL_AREA_STYLE_COLOUR('',#7181);
#8102 = CURVE_STYLE('',#8103,POSITIVE_LENGTH_MEASURE(0.1),#7181);
#8103 = DRAUGHTING_PRE_DEFINED_CURVE_FONT('continuous');
#8104 = STYLED_ITEM('color',(#8105),#4395);
#8105 = PRESENTATION_STYLE_ASSIGNMENT((#8106,#8111));
#8106 = SURFACE_STYLE_USAGE(.BOTH.,#8107);
#8107 = SURFACE_SIDE_STYLE('',(#8108));
#8108 = SURFACE_STYLE_FILL_AREA(#8109);
#8109 = FILL_AREA_STYLE('',(#8110));
#8110 = FILL_AREA_STYLE_COLOUR('',#7181);
#8111 = CURVE_STYLE('',#8112,POSITIVE_LENGTH_MEASURE(0.1),#7181);
#8112 = DRAUGHTING_PRE_DEFINED_CURVE_FONT('continuous');
#8113 = STYLED_ITEM('color',(#8114),#4412);
#8114 = PRESENTATION_STYLE_ASSIGNMENT((#8115,#8120));
#8115 = SURFACE_STYLE_USAGE(.BOTH.,#8116);
#8116 = SURFACE_SIDE_STYLE('',(#8117));
#8117 = SURFACE_STYLE_FILL_AREA(#8118);
#8118 = FILL_AREA_STYLE('',(#8119));
#8119 = FILL_AREA_STYLE_COLOUR('',#7181);
#8120 = CURVE_STYLE('',#8121,POSITIVE_LENGTH_MEASURE(0.1),#7181);
#8121 = DRAUGHTING_PRE_DEFINED_CURVE_FONT('continuous');
#8122 = STYLED_ITEM('color',(#8123),#4429);
#8123 = PRESENTATION_STYLE_ASSIGNMENT((#8124,#8129));
#8124 = SURFACE_STYLE_USAGE(.BOTH.,#8125);
#8125 = SURFACE_SIDE_STYLE('',(#8126));
#8126 = SURFACE_STYLE_FILL_AREA(#8127);
#8127 = FILL_AREA_STYLE('',(#8128));
#8128 = FILL_AREA_STYLE_COLOUR('',#7181);
#8129 = CURVE_STYLE('',#8130,POSITIVE_LENGTH_MEASURE(0.1),#7181);
#8130 = DRAUGHTING_PRE_DEFINED_CURVE_FONT('continuous');
#8131 = STYLED_ITEM('color',(#8132),#4446);
#8132 = PRESENTATION_STYLE_ASSIGNMENT((#8133,#8138));
#8133 = SURFACE_STYLE_USAGE(.BOTH.,#8134);
#8134 = SURFACE_SIDE_STYLE('',(#8135));
#8135 = SURFACE_STYLE_FILL_AREA(#8136);
#8136 = FILL_AREA_STYLE('',(#8137));
#8137 = FILL_AREA_STYLE_COLOUR('',#7181);
#8138 = CURVE_STYLE('',#8139,POSITIVE_LENGTH_MEASURE(0.1),#7181);
#8139 = DRAUGHTING_PRE_DEFINED_CURVE_FONT('continuous');
#8140 = STYLED_ITEM('color',(#8141),#4463);
#8141 = PRESENTATION_STYLE_ASSIGNMENT((#8142,#8147));
#8142 = SURFACE_STYLE_USAGE(.BOTH.,#8143);
#8143 = SURFACE_SIDE_STYLE('',(#8144));
#8144 = SURFACE_STYLE_FILL_AREA(#8145);
#8145 = FILL_AREA_STYLE('',(#8146));
#8146 = FILL_AREA_STYLE_COLOUR('',#7181);
#8147 = CURVE_STYLE('',#8148,POSITIVE_LENGTH_MEASURE(0.1),#7181);
#8148 = DRAUGHTING_PRE_DEFINED_CURVE_FONT('continuous');
#8149 = STYLED_ITEM('color',(#8150),#4475);
#8150 = PRESENTATION_STYLE_ASSIGNMENT((#8151,#8156));
#8151 = SURFACE_STYLE_USAGE(.BOTH.,#8152);
#8152 = SURFACE_SIDE_STYLE('',(#8153));
#8153 = SURFACE_STYLE_FILL_AREA(#8154);
#8154 = FILL_AREA_STYLE('',(#8155));
#8155 = FILL_AREA_STYLE_COLOUR('',#7181);
#8156 = CURVE_STYLE('',#8157,POSITIVE_LENGTH_MEASURE(0.1),#7181);
#8157 = DRAUGHTING_PRE_DEFINED_CURVE_FONT('continuous');
#8158 = STYLED_ITEM('color',(#8159),#4492);
#8159 = PRESENTATION_STYLE_ASSIGNMENT((#8160,#8165));
#8160 = SURFACE_STYLE_USAGE(.BOTH.,#8161);
#8161 = SURFACE_SIDE_STYLE('',(#8162));
#8162 = SURFACE_STYLE_FILL_AREA(#8163);
#8163 = FILL_AREA_STYLE('',(#8164));
#8164 = FILL_AREA_STYLE_COLOUR('',#7181);
#8165 = CURVE_STYLE('',#8166,POSITIVE_LENGTH_MEASURE(0.1),#7181);
#8166 = DRAUGHTING_PRE_DEFINED_CURVE_FONT('continuous');
#8167 = STYLED_ITEM('color',(#8168),#4509);
#8168 = PRESENTATION_STYLE_ASSIGNMENT((#8169,#8174));
#8169 = SURFACE_STYLE_USAGE(.BOTH.,#8170);
#8170 = SURFACE_SIDE_STYLE('',(#8171));
#8171 = SURFACE_STYLE_FILL_AREA(#8172);
#8172 = FILL_AREA_STYLE('',(#8173));
#8173 = FILL_AREA_STYLE_COLOUR('',#7181);
#8174 = CURVE_STYLE('',#8175,POSITIVE_LENGTH_MEASURE(0.1),#7181);
#8175 = DRAUGHTING_PRE_DEFINED_CURVE_FONT('continuous');
#8176 = STYLED_ITEM('color',(#8177),#4526);
#8177 = PRESENTATION_STYLE_ASSIGNMENT((#8178,#8183));
#8178 = SURFACE_STYLE_USAGE(.BOTH.,#8179);
#8179 = SURFACE_SIDE_STYLE('',(#8180));
#8180 = SURFACE_STYLE_FILL_AREA(#8181);
#8181 = FILL_AREA_STYLE('',(#8182));
#8182 = FILL_AREA_STYLE_COLOUR('',#7181);
#8183 = CURVE_STYLE('',#8184,POSITIVE_LENGTH_MEASURE(0.1),#7181);
#8184 = DRAUGHTING_PRE_DEFINED_CURVE_FONT('continuous');
#8185 = STYLED_ITEM('color',(#8186),#4543);
#8186 = PRESENTATION_STYLE_ASSIGNMENT((#8187,#8192));
#8187 = SURFACE_STYLE_USAGE(.BOTH.,#8188);
#8188 = SURFACE_SIDE_STYLE('',(#8189));
#8189 = SURFACE_STYLE_FILL_AREA(#8190);
#8190 = FILL_AREA_STYLE('',(#8191));
#8191 = FILL_AREA_STYLE_COLOUR('',#7181);
#8192 = CURVE_STYLE('',#8193,POSITIVE_LENGTH_MEASURE(0.1),#7181);
#8193 = DRAUGHTING_PRE_DEFINED_CURVE_FONT('continuous');
#8194 = STYLED_ITEM('color',(#8195),#4560);
#8195 = PRESENTATION_STYLE_ASSIGNMENT((#8196,#8201));
#8196 = SURFACE_STYLE_USAGE(.BOTH.,#8197);
#8197 = SURFACE_SIDE_STYLE('',(#8198));
#8198 = SURFACE_STYLE_FILL_AREA(#8199);
#8199 = FILL_AREA_STYLE('',(#8200));
#8200 = FILL_AREA_STYLE_COLOUR('',#7181);
#8201 = CURVE_STYLE('',#8202,POSITIVE_LENGTH_MEASURE(0.1),#7181);
#8202 = DRAUGHTING_PRE_DEFINED_CURVE_FONT('continuous');
#8203 = STYLED_ITEM('color',(#8204),#4577);
#8204 = PRESENTATION_STYLE_ASSIGNMENT((#8205,#8210));
#8205 = SURFACE_STYLE_USAGE(.BOTH.,#8206);
#8206 = SURFACE_SIDE_STYLE('',(#8207));
#8207 = SURFACE_STYLE_FILL_AREA(#8208);
#8208 = FILL_AREA_STYLE('',(#8209));
#8209 = FILL_AREA_STYLE_COLOUR('',#7181);
#8210 = CURVE_STYLE('',#8211,POSITIVE_LENGTH_MEASURE(0.1),#7181);
#8211 = DRAUGHTING_PRE_DEFINED_CURVE_FONT('continuous');
#8212 = STYLED_ITEM('color',(#8213),#4589);
#8213 = PRESENTATION_STYLE_ASSIGNMENT((#8214,#8220));
#8214 = SURFACE_STYLE_USAGE(.BOTH.,#8215);
#8215 = SURFACE_SIDE_STYLE('',(#8216));
#8216 = SURFACE_STYLE_FILL_AREA(#8217);
#8217 = FILL_AREA_STYLE('',(#8218));
#8218 = FILL_AREA_STYLE_COLOUR('',#8219);
#8219 = COLOUR_RGB('',0.690999998585,0.664000007176,0.597999987832);
#8220 = CURVE_STYLE('',#8221,POSITIVE_LENGTH_MEASURE(0.1),#8219);
#8221 = DRAUGHTING_PRE_DEFINED_CURVE_FONT('continuous');
#8222 = MECHANICAL_DESIGN_GEOMETRIC_PRESENTATION_REPRESENTATION('',(
    #8223,#8230,#8237,#8244,#8251,#8258,#8265,#8272,#8279,#8286,#8293,
    #8300,#8307,#8314,#8322,#8329,#8336,#8343,#8350,#8357,#8364,#8371,
    #8378,#8385,#8392,#8399),#2444);
#8223 = STYLED_ITEM('color',(#8224),#1656);
#8224 = PRESENTATION_STYLE_ASSIGNMENT((#8225));
#8225 = SURFACE_STYLE_USAGE(.BOTH.,#8226);
#8226 = SURFACE_SIDE_STYLE('',(#8227));
#8227 = SURFACE_STYLE_FILL_AREA(#8228);
#8228 = FILL_AREA_STYLE('',(#8229));
#8229 = FILL_AREA_STYLE_COLOUR('',#7181);
#8230 = STYLED_ITEM('color',(#8231),#1696);
#8231 = PRESENTATION_STYLE_ASSIGNMENT((#8232));
#8232 = SURFACE_STYLE_USAGE(.BOTH.,#8233);
#8233 = SURFACE_SIDE_STYLE('',(#8234));
#8234 = SURFACE_STYLE_FILL_AREA(#8235);
#8235 = FILL_AREA_STYLE('',(#8236));
#8236 = FILL_AREA_STYLE_COLOUR('',#7181);
#8237 = STYLED_ITEM('color',(#8238),#1779);
#8238 = PRESENTATION_STYLE_ASSIGNMENT((#8239));
#8239 = SURFACE_STYLE_USAGE(.BOTH.,#8240);
#8240 = SURFACE_SIDE_STYLE('',(#8241));
#8241 = SURFACE_STYLE_FILL_AREA(#8242);
#8242 = FILL_AREA_STYLE('',(#8243));
#8243 = FILL_AREA_STYLE_COLOUR('',#7181);
#8244 = STYLED_ITEM('color',(#8245),#1804);
#8245 = PRESENTATION_STYLE_ASSIGNMENT((#8246));
#8246 = SURFACE_STYLE_USAGE(.BOTH.,#8247);
#8247 = SURFACE_SIDE_STYLE('',(#8248));
#8248 = SURFACE_STYLE_FILL_AREA(#8249);
#8249 = FILL_AREA_STYLE('',(#8250));
#8250 = FILL_AREA_STYLE_COLOUR('',#7181);
#8251 = STYLED_ITEM('color',(#8252),#1829);
#8252 = PRESENTATION_STYLE_ASSIGNMENT((#8253));
#8253 = SURFACE_STYLE_USAGE(.BOTH.,#8254);
#8254 = SURFACE_SIDE_STYLE('',(#8255));
#8255 = SURFACE_STYLE_FILL_AREA(#8256);
#8256 = FILL_AREA_STYLE('',(#8257));
#8257 = FILL_AREA_STYLE_COLOUR('',#7181);
#8258 = STYLED_ITEM('color',(#8259),#1896);
#8259 = PRESENTATION_STYLE_ASSIGNMENT((#8260));
#8260 = SURFACE_STYLE_USAGE(.BOTH.,#8261);
#8261 = SURFACE_SIDE_STYLE('',(#8262));
#8262 = SURFACE_STYLE_FILL_AREA(#8263);
#8263 = FILL_AREA_STYLE('',(#8264));
#8264 = FILL_AREA_STYLE_COLOUR('',#7181);
#8265 = STYLED_ITEM('color',(#8266),#1913);
#8266 = PRESENTATION_STYLE_ASSIGNMENT((#8267));
#8267 = SURFACE_STYLE_USAGE(.BOTH.,#8268);
#8268 = SURFACE_SIDE_STYLE('',(#8269));
#8269 = SURFACE_STYLE_FILL_AREA(#8270);
#8270 = FILL_AREA_STYLE('',(#8271));
#8271 = FILL_AREA_STYLE_COLOUR('',#7181);
#8272 = STYLED_ITEM('color',(#8273),#1930);
#8273 = PRESENTATION_STYLE_ASSIGNMENT((#8274));
#8274 = SURFACE_STYLE_USAGE(.BOTH.,#8275);
#8275 = SURFACE_SIDE_STYLE('',(#8276));
#8276 = SURFACE_STYLE_FILL_AREA(#8277);
#8277 = FILL_AREA_STYLE('',(#8278));
#8278 = FILL_AREA_STYLE_COLOUR('',#7472);
#8279 = STYLED_ITEM('color',(#8280),#1979);
#8280 = PRESENTATION_STYLE_ASSIGNMENT((#8281));
#8281 = SURFACE_STYLE_USAGE(.BOTH.,#8282);
#8282 = SURFACE_SIDE_STYLE('',(#8283));
#8283 = SURFACE_STYLE_FILL_AREA(#8284);
#8284 = FILL_AREA_STYLE('',(#8285));
#8285 = FILL_AREA_STYLE_COLOUR('',#7181);
#8286 = STYLED_ITEM('color',(#8287),#1996);
#8287 = PRESENTATION_STYLE_ASSIGNMENT((#8288));
#8288 = SURFACE_STYLE_USAGE(.BOTH.,#8289);
#8289 = SURFACE_SIDE_STYLE('',(#8290));
#8290 = SURFACE_STYLE_FILL_AREA(#8291);
#8291 = FILL_AREA_STYLE('',(#8292));
#8292 = FILL_AREA_STYLE_COLOUR('',#7181);
#8293 = STYLED_ITEM('color',(#8294),#2013);
#8294 = PRESENTATION_STYLE_ASSIGNMENT((#8295));
#8295 = SURFACE_STYLE_USAGE(.BOTH.,#8296);
#8296 = SURFACE_SIDE_STYLE('',(#8297));
#8297 = SURFACE_STYLE_FILL_AREA(#8298);
#8298 = FILL_AREA_STYLE('',(#8299));
#8299 = FILL_AREA_STYLE_COLOUR('',#7472);
#8300 = STYLED_ITEM('color',(#8301),#2062);
#8301 = PRESENTATION_STYLE_ASSIGNMENT((#8302));
#8302 = SURFACE_STYLE_USAGE(.BOTH.,#8303);
#8303 = SURFACE_SIDE_STYLE('',(#8304));
#8304 = SURFACE_STYLE_FILL_AREA(#8305);
#8305 = FILL_AREA_STYLE('',(#8306));
#8306 = FILL_AREA_STYLE_COLOUR('',#7472);
#8307 = STYLED_ITEM('color',(#8308),#2079);
#8308 = PRESENTATION_STYLE_ASSIGNMENT((#8309));
#8309 = SURFACE_STYLE_USAGE(.BOTH.,#8310);
#8310 = SURFACE_SIDE_STYLE('',(#8311));
#8311 = SURFACE_STYLE_FILL_AREA(#8312);
#8312 = FILL_AREA_STYLE('',(#8313));
#8313 = FILL_AREA_STYLE_COLOUR('',#7181);
#8314 = STYLED_ITEM('color',(#8315),#2148);
#8315 = PRESENTATION_STYLE_ASSIGNMENT((#8316));
#8316 = SURFACE_STYLE_USAGE(.BOTH.,#8317);
#8317 = SURFACE_SIDE_STYLE('',(#8318));
#8318 = SURFACE_STYLE_FILL_AREA(#8319);
#8319 = FILL_AREA_STYLE('',(#8320));
#8320 = FILL_AREA_STYLE_COLOUR('',#8321);
#8321 = COLOUR_RGB('',8.200000279077E-02,8.600000121357E-02,
  9.399999706163E-02);
#8322 = STYLED_ITEM('color',(#8323),#2179);
#8323 = PRESENTATION_STYLE_ASSIGNMENT((#8324));
#8324 = SURFACE_STYLE_USAGE(.BOTH.,#8325);
#8325 = SURFACE_SIDE_STYLE('',(#8326));
#8326 = SURFACE_STYLE_FILL_AREA(#8327);
#8327 = FILL_AREA_STYLE('',(#8328));
#8328 = FILL_AREA_STYLE_COLOUR('',#8321);
#8329 = STYLED_ITEM('color',(#8330),#2203);
#8330 = PRESENTATION_STYLE_ASSIGNMENT((#8331));
#8331 = SURFACE_STYLE_USAGE(.BOTH.,#8332);
#8332 = SURFACE_SIDE_STYLE('',(#8333));
#8333 = SURFACE_STYLE_FILL_AREA(#8334);
#8334 = FILL_AREA_STYLE('',(#8335));
#8335 = FILL_AREA_STYLE_COLOUR('',#7181);
#8336 = STYLED_ITEM('color',(#8337),#2272);
#8337 = PRESENTATION_STYLE_ASSIGNMENT((#8338));
#8338 = SURFACE_STYLE_USAGE(.BOTH.,#8339);
#8339 = SURFACE_SIDE_STYLE('',(#8340));
#8340 = SURFACE_STYLE_FILL_AREA(#8341);
#8341 = FILL_AREA_STYLE('',(#8342));
#8342 = FILL_AREA_STYLE_COLOUR('',#8321);
#8343 = STYLED_ITEM('color',(#8344),#2296);
#8344 = PRESENTATION_STYLE_ASSIGNMENT((#8345));
#8345 = SURFACE_STYLE_USAGE(.BOTH.,#8346);
#8346 = SURFACE_SIDE_STYLE('',(#8347));
#8347 = SURFACE_STYLE_FILL_AREA(#8348);
#8348 = FILL_AREA_STYLE('',(#8349));
#8349 = FILL_AREA_STYLE_COLOUR('',#7181);
#8350 = STYLED_ITEM('color',(#8351),#2313);
#8351 = PRESENTATION_STYLE_ASSIGNMENT((#8352));
#8352 = SURFACE_STYLE_USAGE(.BOTH.,#8353);
#8353 = SURFACE_SIDE_STYLE('',(#8354));
#8354 = SURFACE_STYLE_FILL_AREA(#8355);
#8355 = FILL_AREA_STYLE('',(#8356));
#8356 = FILL_AREA_STYLE_COLOUR('',#7181);
#8357 = STYLED_ITEM('color',(#8358),#2330);
#8358 = PRESENTATION_STYLE_ASSIGNMENT((#8359));
#8359 = SURFACE_STYLE_USAGE(.BOTH.,#8360);
#8360 = SURFACE_SIDE_STYLE('',(#8361));
#8361 = SURFACE_STYLE_FILL_AREA(#8362);
#8362 = FILL_AREA_STYLE('',(#8363));
#8363 = FILL_AREA_STYLE_COLOUR('',#7181);
#8364 = STYLED_ITEM('color',(#8365),#2347);
#8365 = PRESENTATION_STYLE_ASSIGNMENT((#8366));
#8366 = SURFACE_STYLE_USAGE(.BOTH.,#8367);
#8367 = SURFACE_SIDE_STYLE('',(#8368));
#8368 = SURFACE_STYLE_FILL_AREA(#8369);
#8369 = FILL_AREA_STYLE('',(#8370));
#8370 = FILL_AREA_STYLE_COLOUR('',#7181);
#8371 = STYLED_ITEM('color',(#8372),#2364);
#8372 = PRESENTATION_STYLE_ASSIGNMENT((#8373));
#8373 = SURFACE_STYLE_USAGE(.BOTH.,#8374);
#8374 = SURFACE_SIDE_STYLE('',(#8375));
#8375 = SURFACE_STYLE_FILL_AREA(#8376);
#8376 = FILL_AREA_STYLE('',(#8377));
#8377 = FILL_AREA_STYLE_COLOUR('',#7181);
#8378 = STYLED_ITEM('color',(#8379),#2381);
#8379 = PRESENTATION_STYLE_ASSIGNMENT((#8380));
#8380 = SURFACE_STYLE_USAGE(.BOTH.,#8381);
#8381 = SURFACE_SIDE_STYLE('',(#8382));
#8382 = SURFACE_STYLE_FILL_AREA(#8383);
#8383 = FILL_AREA_STYLE('',(#8384));
#8384 = FILL_AREA_STYLE_COLOUR('',#7181);
#8385 = STYLED_ITEM('color',(#8386),#2398);
#8386 = PRESENTATION_STYLE_ASSIGNMENT((#8387));
#8387 = SURFACE_STYLE_USAGE(.BOTH.,#8388);
#8388 = SURFACE_SIDE_STYLE('',(#8389));
#8389 = SURFACE_STYLE_FILL_AREA(#8390);
#8390 = FILL_AREA_STYLE('',(#8391));
#8391 = FILL_AREA_STYLE_COLOUR('',#7181);
#8392 = STYLED_ITEM('color',(#8393),#2415);
#8393 = PRESENTATION_STYLE_ASSIGNMENT((#8394));
#8394 = SURFACE_STYLE_USAGE(.BOTH.,#8395);
#8395 = SURFACE_SIDE_STYLE('',(#8396));
#8396 = SURFACE_STYLE_FILL_AREA(#8397);
#8397 = FILL_AREA_STYLE('',(#8398));
#8398 = FILL_AREA_STYLE_COLOUR('',#8321);
#8399 = STYLED_ITEM('color',(#8400),#2432);
#8400 = PRESENTATION_STYLE_ASSIGNMENT((#8401));
#8401 = SURFACE_STYLE_USAGE(.BOTH.,#8402);
#8402 = SURFACE_SIDE_STYLE('',(#8403));
#8403 = SURFACE_STYLE_FILL_AREA(#8404);
#8404 = FILL_AREA_STYLE('',(#8405));
#8405 = FILL_AREA_STYLE_COLOUR('',#8321);
#8406 = MECHANICAL_DESIGN_GEOMETRIC_PRESENTATION_REPRESENTATION('',(
    #8407,#8414,#8421,#8428,#8435,#8442,#8449,#8456,#8463,#8470,#8477,
    #8485,#8492,#8499,#8506,#8513,#8520,#8527,#8534,#8541,#8548,#8555,
    #8562,#8569,#8576,#8583,#8590,#8597),#5471);
#8407 = STYLED_ITEM('color',(#8408),#4619);
#8408 = PRESENTATION_STYLE_ASSIGNMENT((#8409));
#8409 = SURFACE_STYLE_USAGE(.BOTH.,#8410);
#8410 = SURFACE_SIDE_STYLE('',(#8411));
#8411 = SURFACE_STYLE_FILL_AREA(#8412);
#8412 = FILL_AREA_STYLE('',(#8413));
#8413 = FILL_AREA_STYLE_COLOUR('',#7181);
#8414 = STYLED_ITEM('color',(#8415),#4695);
#8415 = PRESENTATION_STYLE_ASSIGNMENT((#8416));
#8416 = SURFACE_STYLE_USAGE(.BOTH.,#8417);
#8417 = SURFACE_SIDE_STYLE('',(#8418));
#8418 = SURFACE_STYLE_FILL_AREA(#8419);
#8419 = FILL_AREA_STYLE('',(#8420));
#8420 = FILL_AREA_STYLE_COLOUR('',#7181);
#8421 = STYLED_ITEM('color',(#8422),#4726);
#8422 = PRESENTATION_STYLE_ASSIGNMENT((#8423));
#8423 = SURFACE_STYLE_USAGE(.BOTH.,#8424);
#8424 = SURFACE_SIDE_STYLE('',(#8425));
#8425 = SURFACE_STYLE_FILL_AREA(#8426);
#8426 = FILL_AREA_STYLE('',(#8427));
#8427 = FILL_AREA_STYLE_COLOUR('',#7181);
#8428 = STYLED_ITEM('color',(#8429),#4751);
#8429 = PRESENTATION_STYLE_ASSIGNMENT((#8430));
#8430 = SURFACE_STYLE_USAGE(.BOTH.,#8431);
#8431 = SURFACE_SIDE_STYLE('',(#8432));
#8432 = SURFACE_STYLE_FILL_AREA(#8433);
#8433 = FILL_AREA_STYLE('',(#8434));
#8434 = FILL_AREA_STYLE_COLOUR('',#7181);
#8435 = STYLED_ITEM('color',(#8436),#4776);
#8436 = PRESENTATION_STYLE_ASSIGNMENT((#8437));
#8437 = SURFACE_STYLE_USAGE(.BOTH.,#8438);
#8438 = SURFACE_SIDE_STYLE('',(#8439));
#8439 = SURFACE_STYLE_FILL_AREA(#8440);
#8440 = FILL_AREA_STYLE('',(#8441));
#8441 = FILL_AREA_STYLE_COLOUR('',#7181);
#8442 = STYLED_ITEM('color',(#8443),#4800);
#8443 = PRESENTATION_STYLE_ASSIGNMENT((#8444));
#8444 = SURFACE_STYLE_USAGE(.BOTH.,#8445);
#8445 = SURFACE_SIDE_STYLE('',(#8446));
#8446 = SURFACE_STYLE_FILL_AREA(#8447);
#8447 = FILL_AREA_STYLE('',(#8448));
#8448 = FILL_AREA_STYLE_COLOUR('',#7181);
#8449 = STYLED_ITEM('color',(#8450),#4824);
#8450 = PRESENTATION_STYLE_ASSIGNMENT((#8451));
#8451 = SURFACE_STYLE_USAGE(.BOTH.,#8452);
#8452 = SURFACE_SIDE_STYLE('',(#8453));
#8453 = SURFACE_STYLE_FILL_AREA(#8454);
#8454 = FILL_AREA_STYLE('',(#8455));
#8455 = FILL_AREA_STYLE_COLOUR('',#7181);
#8456 = STYLED_ITEM('color',(#8457),#4849);
#8457 = PRESENTATION_STYLE_ASSIGNMENT((#8458));
#8458 = SURFACE_STYLE_USAGE(.BOTH.,#8459);
#8459 = SURFACE_SIDE_STYLE('',(#8460));
#8460 = SURFACE_STYLE_FILL_AREA(#8461);
#8461 = FILL_AREA_STYLE('',(#8462));
#8462 = FILL_AREA_STYLE_COLOUR('',#7181);
#8463 = STYLED_ITEM('color',(#8464),#4874);
#8464 = PRESENTATION_STYLE_ASSIGNMENT((#8465));
#8465 = SURFACE_STYLE_USAGE(.BOTH.,#8466);
#8466 = SURFACE_SIDE_STYLE('',(#8467));
#8467 = SURFACE_STYLE_FILL_AREA(#8468);
#8468 = FILL_AREA_STYLE('',(#8469));
#8469 = FILL_AREA_STYLE_COLOUR('',#7181);
#8470 = STYLED_ITEM('color',(#8471),#4891);
#8471 = PRESENTATION_STYLE_ASSIGNMENT((#8472));
#8472 = SURFACE_STYLE_USAGE(.BOTH.,#8473);
#8473 = SURFACE_SIDE_STYLE('',(#8474));
#8474 = SURFACE_STYLE_FILL_AREA(#8475);
#8475 = FILL_AREA_STYLE('',(#8476));
#8476 = FILL_AREA_STYLE_COLOUR('',#7181);
#8477 = STYLED_ITEM('color',(#8478),#4977);
#8478 = PRESENTATION_STYLE_ASSIGNMENT((#8479));
#8479 = SURFACE_STYLE_USAGE(.BOTH.,#8480);
#8480 = SURFACE_SIDE_STYLE('',(#8481));
#8481 = SURFACE_STYLE_FILL_AREA(#8482);
#8482 = FILL_AREA_STYLE('',(#8483));
#8483 = FILL_AREA_STYLE_COLOUR('',#8484);
#8484 = COLOUR_RGB('',0.379000005575,0.270000008848,0.214999999939);
#8485 = STYLED_ITEM('color',(#8486),#5009);
#8486 = PRESENTATION_STYLE_ASSIGNMENT((#8487));
#8487 = SURFACE_STYLE_USAGE(.BOTH.,#8488);
#8488 = SURFACE_SIDE_STYLE('',(#8489));
#8489 = SURFACE_STYLE_FILL_AREA(#8490);
#8490 = FILL_AREA_STYLE('',(#8491));
#8491 = FILL_AREA_STYLE_COLOUR('',#8484);
#8492 = STYLED_ITEM('color',(#8493),#5033);
#8493 = PRESENTATION_STYLE_ASSIGNMENT((#8494));
#8494 = SURFACE_STYLE_USAGE(.BOTH.,#8495);
#8495 = SURFACE_SIDE_STYLE('',(#8496));
#8496 = SURFACE_STYLE_FILL_AREA(#8497);
#8497 = FILL_AREA_STYLE('',(#8498));
#8498 = FILL_AREA_STYLE_COLOUR('',#8484);
#8499 = STYLED_ITEM('color',(#8500),#5058);
#8500 = PRESENTATION_STYLE_ASSIGNMENT((#8501));
#8501 = SURFACE_STYLE_USAGE(.BOTH.,#8502);
#8502 = SURFACE_SIDE_STYLE('',(#8503));
#8503 = SURFACE_STYLE_FILL_AREA(#8504);
#8504 = FILL_AREA_STYLE('',(#8505));
#8505 = FILL_AREA_STYLE_COLOUR('',#8484);
#8506 = STYLED_ITEM('color',(#8507),#5082);
#8507 = PRESENTATION_STYLE_ASSIGNMENT((#8508));
#8508 = SURFACE_STYLE_USAGE(.BOTH.,#8509);
#8509 = SURFACE_SIDE_STYLE('',(#8510));
#8510 = SURFACE_STYLE_FILL_AREA(#8511);
#8511 = FILL_AREA_STYLE('',(#8512));
#8512 = FILL_AREA_STYLE_COLOUR('',#8484);
#8513 = STYLED_ITEM('color',(#8514),#5107);
#8514 = PRESENTATION_STYLE_ASSIGNMENT((#8515));
#8515 = SURFACE_STYLE_USAGE(.BOTH.,#8516);
#8516 = SURFACE_SIDE_STYLE('',(#8517));
#8517 = SURFACE_STYLE_FILL_AREA(#8518);
#8518 = FILL_AREA_STYLE('',(#8519));
#8519 = FILL_AREA_STYLE_COLOUR('',#8484);
#8520 = STYLED_ITEM('color',(#8521),#5131);
#8521 = PRESENTATION_STYLE_ASSIGNMENT((#8522));
#8522 = SURFACE_STYLE_USAGE(.BOTH.,#8523);
#8523 = SURFACE_SIDE_STYLE('',(#8524));
#8524 = SURFACE_STYLE_FILL_AREA(#8525);
#8525 = FILL_AREA_STYLE('',(#8526));
#8526 = FILL_AREA_STYLE_COLOUR('',#8484);
#8527 = STYLED_ITEM('color',(#8528),#5156);
#8528 = PRESENTATION_STYLE_ASSIGNMENT((#8529));
#8529 = SURFACE_STYLE_USAGE(.BOTH.,#8530);
#8530 = SURFACE_SIDE_STYLE('',(#8531));
#8531 = SURFACE_STYLE_FILL_AREA(#8532);
#8532 = FILL_AREA_STYLE('',(#8533));
#8533 = FILL_AREA_STYLE_COLOUR('',#8484);
#8534 = STYLED_ITEM('color',(#8535),#5173);
#8535 = PRESENTATION_STYLE_ASSIGNMENT((#8536));
#8536 = SURFACE_STYLE_USAGE(.BOTH.,#8537);
#8537 = SURFACE_SIDE_STYLE('',(#8538));
#8538 = SURFACE_STYLE_FILL_AREA(#8539);
#8539 = FILL_AREA_STYLE('',(#8540));
#8540 = FILL_AREA_STYLE_COLOUR('',#7181);
#8541 = STYLED_ITEM('color',(#8542),#5259);
#8542 = PRESENTATION_STYLE_ASSIGNMENT((#8543));
#8543 = SURFACE_STYLE_USAGE(.BOTH.,#8544);
#8544 = SURFACE_SIDE_STYLE('',(#8545));
#8545 = SURFACE_STYLE_FILL_AREA(#8546);
#8546 = FILL_AREA_STYLE('',(#8547));
#8547 = FILL_AREA_STYLE_COLOUR('',#7181);
#8548 = STYLED_ITEM('color',(#8549),#5290);
#8549 = PRESENTATION_STYLE_ASSIGNMENT((#8550));
#8550 = SURFACE_STYLE_USAGE(.BOTH.,#8551);
#8551 = SURFACE_SIDE_STYLE('',(#8552));
#8552 = SURFACE_STYLE_FILL_AREA(#8553);
#8553 = FILL_AREA_STYLE('',(#8554));
#8554 = FILL_AREA_STYLE_COLOUR('',#7181);
#8555 = STYLED_ITEM('color',(#8556),#5315);
#8556 = PRESENTATION_STYLE_ASSIGNMENT((#8557));
#8557 = SURFACE_STYLE_USAGE(.BOTH.,#8558);
#8558 = SURFACE_SIDE_STYLE('',(#8559));
#8559 = SURFACE_STYLE_FILL_AREA(#8560);
#8560 = FILL_AREA_STYLE('',(#8561));
#8561 = FILL_AREA_STYLE_COLOUR('',#7181);
#8562 = STYLED_ITEM('color',(#8563),#5340);
#8563 = PRESENTATION_STYLE_ASSIGNMENT((#8564));
#8564 = SURFACE_STYLE_USAGE(.BOTH.,#8565);
#8565 = SURFACE_SIDE_STYLE('',(#8566));
#8566 = SURFACE_STYLE_FILL_AREA(#8567);
#8567 = FILL_AREA_STYLE('',(#8568));
#8568 = FILL_AREA_STYLE_COLOUR('',#7181);
#8569 = STYLED_ITEM('color',(#8570),#5364);
#8570 = PRESENTATION_STYLE_ASSIGNMENT((#8571));
#8571 = SURFACE_STYLE_USAGE(.BOTH.,#8572);
#8572 = SURFACE_SIDE_STYLE('',(#8573));
#8573 = SURFACE_STYLE_FILL_AREA(#8574);
#8574 = FILL_AREA_STYLE('',(#8575));
#8575 = FILL_AREA_STYLE_COLOUR('',#7181);
#8576 = STYLED_ITEM('color',(#8577),#5388);
#8577 = PRESENTATION_STYLE_ASSIGNMENT((#8578));
#8578 = SURFACE_STYLE_USAGE(.BOTH.,#8579);
#8579 = SURFACE_SIDE_STYLE('',(#8580));
#8580 = SURFACE_STYLE_FILL_AREA(#8581);
#8581 = FILL_AREA_STYLE('',(#8582));
#8582 = FILL_AREA_STYLE_COLOUR('',#7181);
#8583 = STYLED_ITEM('color',(#8584),#5413);
#8584 = PRESENTATION_STYLE_ASSIGNMENT((#8585));
#8585 = SURFACE_STYLE_USAGE(.BOTH.,#8586);
#8586 = SURFACE_SIDE_STYLE('',(#8587));
#8587 = SURFACE_STYLE_FILL_AREA(#8588);
#8588 = FILL_AREA_STYLE('',(#8589));
#8589 = FILL_AREA_STYLE_COLOUR('',#7181);
#8590 = STYLED_ITEM('color',(#8591),#5438);
#8591 = PRESENTATION_STYLE_ASSIGNMENT((#8592));
#8592 = SURFACE_STYLE_USAGE(.BOTH.,#8593);
#8593 = SURFACE_SIDE_STYLE('',(#8594));
#8594 = SURFACE_STYLE_FILL_AREA(#8595);
#8595 = FILL_AREA_STYLE('',(#8596));
#8596 = FILL_AREA_STYLE_COLOUR('',#7181);
#8597 = STYLED_ITEM('color',(#8598),#5455);
#8598 = PRESENTATION_STYLE_ASSIGNMENT((#8599));
#8599 = SURFACE_STYLE_USAGE(.BOTH.,#8600);
#8600 = SURFACE_SIDE_STYLE('',(#8601));
#8601 = SURFACE_STYLE_FILL_AREA(#8602);
#8602 = FILL_AREA_STYLE('',(#8603));
#8603 = FILL_AREA_STYLE_COLOUR('',#7181);
#8604 = MECHANICAL_DESIGN_GEOMETRIC_PRESENTATION_REPRESENTATION('',(
    #8605),#7162);
#8605 = STYLED_ITEM('color',(#8606),#5515);
#8606 = PRESENTATION_STYLE_ASSIGNMENT((#8607));
#8607 = SURFACE_STYLE_USAGE(.BOTH.,#8608);
#8608 = SURFACE_SIDE_STYLE('',(#8609));
#8609 = SURFACE_STYLE_FILL_AREA(#8610);
#8610 = FILL_AREA_STYLE('',(#8611));
#8611 = FILL_AREA_STYLE_COLOUR('',#8612);
#8612 = COLOUR_RGB('',0.313304153717,0.484529207832,0.410020903123);
ENDSEC;
END-ISO-10303-21;
