ISO-10303-21;
HEADER;
FILE_DESCRIPTION(('KiCad electronic assembly'),'2;1');
FILE_NAME('remote.step','2026-01-19T17:50:21',('Pcbnew'),('Kicad'),
  'Open CASCADE STEP processor 7.9','KiCad to STEP converter','Unknown'
  );
FILE_SCHEMA(('AUTOMOTIVE_DESIGN { 1 0 10303 214 1 1 1 1 }'));
ENDSEC;
DATA;
#1 = APPLICATION_PROTOCOL_DEFINITION('international standard',
  'automotive_design',2000,#2);
#2 = APPLICATION_CONTEXT(
  'core data for automotive mechanical design processes');
#3 = SHAPE_DEFINITION_REPRESENTATION(#4,#10);
#4 = PRODUCT_DEFINITION_SHAPE('','',#5);
#5 = PRODUCT_DEFINITION('design','',#6,#9);
#6 = PRODUCT_DEFINITION_FORMATION('','',#7);
#7 = PRODUCT('remote 1','remote 1','',(#8));
#8 = PRODUCT_CONTEXT('',#2,'mechanical');
#9 = PRODUCT_DEFINITION_CONTEXT('part definition',#2,'design');
#10 = SHAPE_REPRESENTATION('',(#11,#15,#19,#23,#27,#31,#35,#39,#43,#47,
    #51,#55,#59,#63,#67),#71);
#11 = AXIS2_PLACEMENT_3D('',#12,#13,#14);
#12 = CARTESIAN_POINT('',(0.,0.,0.));
#13 = DIRECTION('',(0.,0.,1.));
#14 = DIRECTION('',(1.,0.,-0.));
#15 = AXIS2_PLACEMENT_3D('',#16,#17,#18);
#16 = CARTESIAN_POINT('',(-11.650176,-0.299187,1.595198));
#17 = DIRECTION('',(0.,0.,1.));
#18 = DIRECTION('',(1.,0.,0.));
#19 = AXIS2_PLACEMENT_3D('',#20,#21,#22);
#20 = CARTESIAN_POINT('',(-6.600176,-13.749187,1.595198));
#21 = DIRECTION('',(-0.,0.,1.));
#22 = DIRECTION('',(1.110223024625E-16,-1.,0.));
#23 = AXIS2_PLACEMENT_3D('',#24,#25,#26);
#24 = CARTESIAN_POINT('',(0.,0.,1.595198));
#25 = DIRECTION('',(0.,0.,1.));
#26 = DIRECTION('',(-1.,1.224646799147E-16,0.));
#27 = AXIS2_PLACEMENT_3D('',#28,#29,#30);
#28 = CARTESIAN_POINT('',(16.149824,12.000813,1.595198));
#29 = DIRECTION('',(0.,0.,1.));
#30 = DIRECTION('',(1.,0.,0.));
#31 = AXIS2_PLACEMENT_3D('',#32,#33,#34);
#32 = CARTESIAN_POINT('',(-8.148176,-6.049187,1.595198));
#33 = DIRECTION('',(0.,0.,1.));
#34 = DIRECTION('',(-1.,1.224646799147E-16,0.));
#35 = AXIS2_PLACEMENT_3D('',#36,#37,#38);
#36 = CARTESIAN_POINT('',(-0.600176,8.750813,1.595198));
#37 = DIRECTION('',(-0.,0.,1.));
#38 = DIRECTION('',(1.110223024625E-16,-1.,0.));
#39 = AXIS2_PLACEMENT_3D('',#40,#41,#42);
#40 = CARTESIAN_POINT('',(-7.900176,-0.349187,1.595198));
#41 = DIRECTION('',(0.,0.,1.));
#42 = DIRECTION('',(1.,0.,0.));
#43 = AXIS2_PLACEMENT_3D('',#44,#45,#46);
#44 = CARTESIAN_POINT('',(-9.100176,8.750813,1.595198));
#45 = DIRECTION('',(-0.,0.,1.));
#46 = DIRECTION('',(1.110223024625E-16,-1.,0.));
#47 = AXIS2_PLACEMENT_3D('',#48,#49,#50);
#48 = CARTESIAN_POINT('',(-3.75,-0.1,1.595198));
#49 = DIRECTION('',(0.,0.,1.));
#50 = DIRECTION('',(-1.,1.224646799147E-16,0.));
#51 = AXIS2_PLACEMENT_3D('',#52,#53,#54);
#52 = CARTESIAN_POINT('',(2.899824,-13.749187,1.595198));
#53 = DIRECTION('',(-0.,0.,1.));
#54 = DIRECTION('',(1.110223024625E-16,-1.,0.));
#55 = AXIS2_PLACEMENT_3D('',#56,#57,#58);
#56 = CARTESIAN_POINT('',(15.199824,1.450813,1.595198));
#57 = DIRECTION('',(0.,-0.,1.));
#58 = DIRECTION('',(1.110223024625E-16,1.,0.));
#59 = AXIS2_PLACEMENT_3D('',#60,#61,#62);
#60 = CARTESIAN_POINT('',(7.899824,8.750813,1.595198));
#61 = DIRECTION('',(-0.,0.,1.));
#62 = DIRECTION('',(1.110223024625E-16,-1.,0.));
#63 = AXIS2_PLACEMENT_3D('',#64,#65,#66);
#64 = CARTESIAN_POINT('',(13.499824,-6.549187,1.595198));
#65 = DIRECTION('',(-0.,0.,1.));
#66 = DIRECTION('',(1.110223024625E-16,-1.,0.));
#67 = AXIS2_PLACEMENT_3D('',#68,#69,#70);
#68 = CARTESIAN_POINT('',(0.,0.,0.));
#69 = DIRECTION('',(0.,0.,1.));
#70 = DIRECTION('',(1.,0.,-0.));
#71 = ( GEOMETRIC_REPRESENTATION_CONTEXT(3) 
GLOBAL_UNCERTAINTY_ASSIGNED_CONTEXT((#75)) GLOBAL_UNIT_ASSIGNED_CONTEXT(
(#72,#73,#74)) REPRESENTATION_CONTEXT('Context #1',
  '3D Context with UNIT and UNCERTAINTY') );
#72 = ( LENGTH_UNIT() NAMED_UNIT(*) SI_UNIT(.MILLI.,.METRE.) );
#73 = ( NAMED_UNIT(*) PLANE_ANGLE_UNIT() SI_UNIT($,.RADIAN.) );
#74 = ( NAMED_UNIT(*) SI_UNIT($,.STERADIAN.) SOLID_ANGLE_UNIT() );
#75 = UNCERTAINTY_MEASURE_WITH_UNIT(LENGTH_MEASURE(1.E-07),#72,
  'distance_accuracy_value','confusion accuracy');
#76 = PRODUCT_RELATED_PRODUCT_CATEGORY('part',$,(#7));
#77 = SHAPE_DEFINITION_REPRESENTATION(#78,#84);
#78 = PRODUCT_DEFINITION_SHAPE('','',#79);
#79 = PRODUCT_DEFINITION('design','',#80,#83);
#80 = PRODUCT_DEFINITION_FORMATION('','',#81);
#81 = PRODUCT('R_0805_2012Metric','R_0805_2012Metric','',(#82));
#82 = PRODUCT_CONTEXT('',#2,'mechanical');
#83 = PRODUCT_DEFINITION_CONTEXT('part definition',#2,'design');
#84 = ADVANCED_BREP_SHAPE_REPRESENTATION('',(#11,#85),#875);
#85 = MANIFOLD_SOLID_BREP('',#86);
#86 = CLOSED_SHELL('',(#87,#127,#210,#235,#260,#327,#344,#361,#410,#427,
    #444,#493,#510,#579,#610,#634,#703,#727,#744,#761,#778,#795,#812,
    #829,#846,#863));
#87 = ADVANCED_FACE('',(#88),#122,.F.);
#88 = FACE_BOUND('',#89,.F.);
#89 = EDGE_LOOP('',(#90,#100,#108,#116));
#90 = ORIENTED_EDGE('',*,*,#91,.F.);
#91 = EDGE_CURVE('',#92,#94,#96,.T.);
#92 = VERTEX_POINT('',#93);
#93 = CARTESIAN_POINT('',(-1.,-0.6,4.5E-02));
#94 = VERTEX_POINT('',#95);
#95 = CARTESIAN_POINT('',(-1.,-0.6,0.405));
#96 = LINE('',#97,#98);
#97 = CARTESIAN_POINT('',(-1.,-0.6,0.));
#98 = VECTOR('',#99,1.);
#99 = DIRECTION('',(0.,0.,1.));
#100 = ORIENTED_EDGE('',*,*,#101,.T.);
#101 = EDGE_CURVE('',#92,#102,#104,.T.);
#102 = VERTEX_POINT('',#103);
#103 = CARTESIAN_POINT('',(-1.,0.6,4.5E-02));
#104 = LINE('',#105,#106);
#105 = CARTESIAN_POINT('',(-1.,-0.6,4.5E-02));
#106 = VECTOR('',#107,1.);
#107 = DIRECTION('',(0.,1.,0.));
#108 = ORIENTED_EDGE('',*,*,#109,.T.);
#109 = EDGE_CURVE('',#102,#110,#112,.T.);
#110 = VERTEX_POINT('',#111);
#111 = CARTESIAN_POINT('',(-1.,0.6,0.405));
#112 = LINE('',#113,#114);
#113 = CARTESIAN_POINT('',(-1.,0.6,0.));
#114 = VECTOR('',#115,1.);
#115 = DIRECTION('',(0.,0.,1.));
#116 = ORIENTED_EDGE('',*,*,#117,.F.);
#117 = EDGE_CURVE('',#94,#110,#118,.T.);
#118 = LINE('',#119,#120);
#119 = CARTESIAN_POINT('',(-1.,-0.6,0.405));
#120 = VECTOR('',#121,1.);
#121 = DIRECTION('',(0.,1.,0.));
#122 = PLANE('',#123);
#123 = AXIS2_PLACEMENT_3D('',#124,#125,#126);
#124 = CARTESIAN_POINT('',(-1.,-0.6,0.));
#125 = DIRECTION('',(1.,0.,0.));
#126 = DIRECTION('',(0.,0.,1.));
#127 = ADVANCED_FACE('',(#128),#205,.F.);
#128 = FACE_BOUND('',#129,.F.);
#129 = EDGE_LOOP('',(#130,#140,#147,#148,#157,#165,#174,#182,#190,#198)
  );
#130 = ORIENTED_EDGE('',*,*,#131,.F.);
#131 = EDGE_CURVE('',#132,#134,#136,.T.);
#132 = VERTEX_POINT('',#133);
#133 = CARTESIAN_POINT('',(-0.955,-0.6,-2.775557561563E-17));
#134 = VERTEX_POINT('',#135);
#135 = CARTESIAN_POINT('',(-0.745,-0.6,-2.775557561563E-17));
#136 = LINE('',#137,#138);
#137 = CARTESIAN_POINT('',(-1.,-0.6,0.));
#138 = VECTOR('',#139,1.);
#139 = DIRECTION('',(1.,0.,0.));
#140 = ORIENTED_EDGE('',*,*,#141,.F.);
#141 = EDGE_CURVE('',#92,#132,#142,.T.);
#142 = CIRCLE('',#143,4.5E-02);
#143 = AXIS2_PLACEMENT_3D('',#144,#145,#146);
#144 = CARTESIAN_POINT('',(-0.955,-0.6,4.5E-02));
#145 = DIRECTION('',(0.,-1.,0.));
#146 = DIRECTION('',(0.,0.,1.));
#147 = ORIENTED_EDGE('',*,*,#91,.T.);
#148 = ORIENTED_EDGE('',*,*,#149,.T.);
#149 = EDGE_CURVE('',#94,#150,#152,.T.);
#150 = VERTEX_POINT('',#151);
#151 = CARTESIAN_POINT('',(-0.955,-0.6,0.45));
#152 = CIRCLE('',#153,4.5E-02);
#153 = AXIS2_PLACEMENT_3D('',#154,#155,#156);
#154 = CARTESIAN_POINT('',(-0.955,-0.6,0.405));
#155 = DIRECTION('',(0.,1.,0.));
#156 = DIRECTION('',(0.,-0.,1.));
#157 = ORIENTED_EDGE('',*,*,#158,.T.);
#158 = EDGE_CURVE('',#150,#159,#161,.T.);
#159 = VERTEX_POINT('',#160);
#160 = CARTESIAN_POINT('',(-0.745,-0.6,0.45));
#161 = LINE('',#162,#163);
#162 = CARTESIAN_POINT('',(-1.,-0.6,0.45));
#163 = VECTOR('',#164,1.);
#164 = DIRECTION('',(1.,0.,0.));
#165 = ORIENTED_EDGE('',*,*,#166,.F.);
#166 = EDGE_CURVE('',#167,#159,#169,.T.);
#167 = VERTEX_POINT('',#168);
#168 = CARTESIAN_POINT('',(-0.7,-0.6,0.405));
#169 = CIRCLE('',#170,4.5E-02);
#170 = AXIS2_PLACEMENT_3D('',#171,#172,#173);
#171 = CARTESIAN_POINT('',(-0.745,-0.6,0.405));
#172 = DIRECTION('',(0.,-1.,0.));
#173 = DIRECTION('',(0.,0.,1.));
#174 = ORIENTED_EDGE('',*,*,#175,.F.);
#175 = EDGE_CURVE('',#176,#167,#178,.T.);
#176 = VERTEX_POINT('',#177);
#177 = CARTESIAN_POINT('',(-0.955,-0.6,0.405));
#178 = LINE('',#179,#180);
#179 = CARTESIAN_POINT('',(-0.955,-0.6,0.405));
#180 = VECTOR('',#181,1.);
#181 = DIRECTION('',(1.,0.,0.));
#182 = ORIENTED_EDGE('',*,*,#183,.F.);
#183 = EDGE_CURVE('',#184,#176,#186,.T.);
#184 = VERTEX_POINT('',#185);
#185 = CARTESIAN_POINT('',(-0.955,-0.6,4.5E-02));
#186 = LINE('',#187,#188);
#187 = CARTESIAN_POINT('',(-0.955,-0.6,4.5E-02));
#188 = VECTOR('',#189,1.);
#189 = DIRECTION('',(0.,0.,1.));
#190 = ORIENTED_EDGE('',*,*,#191,.T.);
#191 = EDGE_CURVE('',#184,#192,#194,.T.);
#192 = VERTEX_POINT('',#193);
#193 = CARTESIAN_POINT('',(-0.7,-0.6,4.5E-02));
#194 = LINE('',#195,#196);
#195 = CARTESIAN_POINT('',(-0.955,-0.6,4.5E-02));
#196 = VECTOR('',#197,1.);
#197 = DIRECTION('',(1.,0.,0.));
#198 = ORIENTED_EDGE('',*,*,#199,.T.);
#199 = EDGE_CURVE('',#192,#134,#200,.T.);
#200 = CIRCLE('',#201,4.5E-02);
#201 = AXIS2_PLACEMENT_3D('',#202,#203,#204);
#202 = CARTESIAN_POINT('',(-0.745,-0.6,4.5E-02));
#203 = DIRECTION('',(0.,1.,0.));
#204 = DIRECTION('',(0.,-0.,1.));
#205 = PLANE('',#206);
#206 = AXIS2_PLACEMENT_3D('',#207,#208,#209);
#207 = CARTESIAN_POINT('',(-1.,-0.6,0.));
#208 = DIRECTION('',(0.,1.,0.));
#209 = DIRECTION('',(0.,-0.,1.));
#210 = ADVANCED_FACE('',(#211),#230,.T.);
#211 = FACE_BOUND('',#212,.T.);
#212 = EDGE_LOOP('',(#213,#214,#223,#229));
#213 = ORIENTED_EDGE('',*,*,#101,.T.);
#214 = ORIENTED_EDGE('',*,*,#215,.T.);
#215 = EDGE_CURVE('',#102,#216,#218,.T.);
#216 = VERTEX_POINT('',#217);
#217 = CARTESIAN_POINT('',(-0.955,0.6,-2.775557561563E-17));
#218 = CIRCLE('',#219,4.5E-02);
#219 = AXIS2_PLACEMENT_3D('',#220,#221,#222);
#220 = CARTESIAN_POINT('',(-0.955,0.6,4.5E-02));
#221 = DIRECTION('',(0.,-1.,0.));
#222 = DIRECTION('',(0.,0.,1.));
#223 = ORIENTED_EDGE('',*,*,#224,.F.);
#224 = EDGE_CURVE('',#132,#216,#225,.T.);
#225 = LINE('',#226,#227);
#226 = CARTESIAN_POINT('',(-0.955,-0.6,-2.775557561563E-17));
#227 = VECTOR('',#228,1.);
#228 = DIRECTION('',(0.,1.,0.));
#229 = ORIENTED_EDGE('',*,*,#141,.F.);
#230 = CYLINDRICAL_SURFACE('',#231,4.5E-02);
#231 = AXIS2_PLACEMENT_3D('',#232,#233,#234);
#232 = CARTESIAN_POINT('',(-0.955,-0.6,4.5E-02));
#233 = DIRECTION('',(0.,1.,0.));
#234 = DIRECTION('',(-1.,0.,0.));
#235 = ADVANCED_FACE('',(#236),#255,.T.);
#236 = FACE_BOUND('',#237,.T.);
#237 = EDGE_LOOP('',(#238,#239,#247,#254));
#238 = ORIENTED_EDGE('',*,*,#149,.T.);
#239 = ORIENTED_EDGE('',*,*,#240,.T.);
#240 = EDGE_CURVE('',#150,#241,#243,.T.);
#241 = VERTEX_POINT('',#242);
#242 = CARTESIAN_POINT('',(-0.955,0.6,0.45));
#243 = LINE('',#244,#245);
#244 = CARTESIAN_POINT('',(-0.955,-0.6,0.45));
#245 = VECTOR('',#246,1.);
#246 = DIRECTION('',(0.,1.,0.));
#247 = ORIENTED_EDGE('',*,*,#248,.F.);
#248 = EDGE_CURVE('',#110,#241,#249,.T.);
#249 = CIRCLE('',#250,4.5E-02);
#250 = AXIS2_PLACEMENT_3D('',#251,#252,#253);
#251 = CARTESIAN_POINT('',(-0.955,0.6,0.405));
#252 = DIRECTION('',(0.,1.,0.));
#253 = DIRECTION('',(0.,-0.,1.));
#254 = ORIENTED_EDGE('',*,*,#117,.F.);
#255 = CYLINDRICAL_SURFACE('',#256,4.5E-02);
#256 = AXIS2_PLACEMENT_3D('',#257,#258,#259);
#257 = CARTESIAN_POINT('',(-0.955,-0.6,0.405));
#258 = DIRECTION('',(0.,1.,0.));
#259 = DIRECTION('',(-1.,0.,0.));
#260 = ADVANCED_FACE('',(#261),#322,.T.);
#261 = FACE_BOUND('',#262,.T.);
#262 = EDGE_LOOP('',(#263,#271,#272,#273,#274,#282,#291,#299,#307,#315)
  );
#263 = ORIENTED_EDGE('',*,*,#264,.F.);
#264 = EDGE_CURVE('',#216,#265,#267,.T.);
#265 = VERTEX_POINT('',#266);
#266 = CARTESIAN_POINT('',(-0.745,0.6,-2.775557561563E-17));
#267 = LINE('',#268,#269);
#268 = CARTESIAN_POINT('',(-1.,0.6,0.));
#269 = VECTOR('',#270,1.);
#270 = DIRECTION('',(1.,0.,0.));
#271 = ORIENTED_EDGE('',*,*,#215,.F.);
#272 = ORIENTED_EDGE('',*,*,#109,.T.);
#273 = ORIENTED_EDGE('',*,*,#248,.T.);
#274 = ORIENTED_EDGE('',*,*,#275,.T.);
#275 = EDGE_CURVE('',#241,#276,#278,.T.);
#276 = VERTEX_POINT('',#277);
#277 = CARTESIAN_POINT('',(-0.745,0.6,0.45));
#278 = LINE('',#279,#280);
#279 = CARTESIAN_POINT('',(-1.,0.6,0.45));
#280 = VECTOR('',#281,1.);
#281 = DIRECTION('',(1.,0.,0.));
#282 = ORIENTED_EDGE('',*,*,#283,.F.);
#283 = EDGE_CURVE('',#284,#276,#286,.T.);
#284 = VERTEX_POINT('',#285);
#285 = CARTESIAN_POINT('',(-0.7,0.6,0.405));
#286 = CIRCLE('',#287,4.5E-02);
#287 = AXIS2_PLACEMENT_3D('',#288,#289,#290);
#288 = CARTESIAN_POINT('',(-0.745,0.6,0.405));
#289 = DIRECTION('',(0.,-1.,0.));
#290 = DIRECTION('',(0.,0.,1.));
#291 = ORIENTED_EDGE('',*,*,#292,.F.);
#292 = EDGE_CURVE('',#293,#284,#295,.T.);
#293 = VERTEX_POINT('',#294);
#294 = CARTESIAN_POINT('',(-0.955,0.6,0.405));
#295 = LINE('',#296,#297);
#296 = CARTESIAN_POINT('',(-0.955,0.6,0.405));
#297 = VECTOR('',#298,1.);
#298 = DIRECTION('',(1.,0.,0.));
#299 = ORIENTED_EDGE('',*,*,#300,.F.);
#300 = EDGE_CURVE('',#301,#293,#303,.T.);
#301 = VERTEX_POINT('',#302);
#302 = CARTESIAN_POINT('',(-0.955,0.6,4.5E-02));
#303 = LINE('',#304,#305);
#304 = CARTESIAN_POINT('',(-0.955,0.6,4.5E-02));
#305 = VECTOR('',#306,1.);
#306 = DIRECTION('',(0.,0.,1.));
#307 = ORIENTED_EDGE('',*,*,#308,.T.);
#308 = EDGE_CURVE('',#301,#309,#311,.T.);
#309 = VERTEX_POINT('',#310);
#310 = CARTESIAN_POINT('',(-0.7,0.6,4.5E-02));
#311 = LINE('',#312,#313);
#312 = CARTESIAN_POINT('',(-0.955,0.6,4.5E-02));
#313 = VECTOR('',#314,1.);
#314 = DIRECTION('',(1.,0.,0.));
#315 = ORIENTED_EDGE('',*,*,#316,.T.);
#316 = EDGE_CURVE('',#309,#265,#317,.T.);
#317 = CIRCLE('',#318,4.5E-02);
#318 = AXIS2_PLACEMENT_3D('',#319,#320,#321);
#319 = CARTESIAN_POINT('',(-0.745,0.6,4.5E-02));
#320 = DIRECTION('',(0.,1.,0.));
#321 = DIRECTION('',(0.,-0.,1.));
#322 = PLANE('',#323);
#323 = AXIS2_PLACEMENT_3D('',#324,#325,#326);
#324 = CARTESIAN_POINT('',(-1.,0.6,0.));
#325 = DIRECTION('',(0.,1.,0.));
#326 = DIRECTION('',(0.,-0.,1.));
#327 = ADVANCED_FACE('',(#328),#339,.F.);
#328 = FACE_BOUND('',#329,.F.);
#329 = EDGE_LOOP('',(#330,#331,#332,#333));
#330 = ORIENTED_EDGE('',*,*,#264,.F.);
#331 = ORIENTED_EDGE('',*,*,#224,.F.);
#332 = ORIENTED_EDGE('',*,*,#131,.T.);
#333 = ORIENTED_EDGE('',*,*,#334,.T.);
#334 = EDGE_CURVE('',#134,#265,#335,.T.);
#335 = LINE('',#336,#337);
#336 = CARTESIAN_POINT('',(-0.745,-0.6,-2.775557561563E-17));
#337 = VECTOR('',#338,1.);
#338 = DIRECTION('',(0.,1.,0.));
#339 = PLANE('',#340);
#340 = AXIS2_PLACEMENT_3D('',#341,#342,#343);
#341 = CARTESIAN_POINT('',(-1.,-0.6,0.));
#342 = DIRECTION('',(0.,0.,1.));
#343 = DIRECTION('',(1.,0.,-0.));
#344 = ADVANCED_FACE('',(#345),#356,.T.);
#345 = FACE_BOUND('',#346,.T.);
#346 = EDGE_LOOP('',(#347,#348,#349,#350));
#347 = ORIENTED_EDGE('',*,*,#199,.T.);
#348 = ORIENTED_EDGE('',*,*,#334,.T.);
#349 = ORIENTED_EDGE('',*,*,#316,.F.);
#350 = ORIENTED_EDGE('',*,*,#351,.F.);
#351 = EDGE_CURVE('',#192,#309,#352,.T.);
#352 = LINE('',#353,#354);
#353 = CARTESIAN_POINT('',(-0.7,-0.6,4.5E-02));
#354 = VECTOR('',#355,1.);
#355 = DIRECTION('',(0.,1.,0.));
#356 = CYLINDRICAL_SURFACE('',#357,4.5E-02);
#357 = AXIS2_PLACEMENT_3D('',#358,#359,#360);
#358 = CARTESIAN_POINT('',(-0.745,-0.6,4.5E-02));
#359 = DIRECTION('',(0.,1.,0.));
#360 = DIRECTION('',(1.,0.,0.));
#361 = ADVANCED_FACE('',(#362),#405,.F.);
#362 = FACE_BOUND('',#363,.F.);
#363 = EDGE_LOOP('',(#364,#365,#366,#367,#375,#383,#391,#399));
#364 = ORIENTED_EDGE('',*,*,#191,.F.);
#365 = ORIENTED_EDGE('',*,*,#183,.T.);
#366 = ORIENTED_EDGE('',*,*,#175,.T.);
#367 = ORIENTED_EDGE('',*,*,#368,.T.);
#368 = EDGE_CURVE('',#167,#369,#371,.T.);
#369 = VERTEX_POINT('',#370);
#370 = CARTESIAN_POINT('',(0.7,-0.6,0.405));
#371 = LINE('',#372,#373);
#372 = CARTESIAN_POINT('',(-0.7,-0.6,0.405));
#373 = VECTOR('',#374,1.);
#374 = DIRECTION('',(1.,0.,0.));
#375 = ORIENTED_EDGE('',*,*,#376,.T.);
#376 = EDGE_CURVE('',#369,#377,#379,.T.);
#377 = VERTEX_POINT('',#378);
#378 = CARTESIAN_POINT('',(0.955,-0.6,0.405));
#379 = LINE('',#380,#381);
#380 = CARTESIAN_POINT('',(-0.955,-0.6,0.405));
#381 = VECTOR('',#382,1.);
#382 = DIRECTION('',(1.,0.,0.));
#383 = ORIENTED_EDGE('',*,*,#384,.F.);
#384 = EDGE_CURVE('',#385,#377,#387,.T.);
#385 = VERTEX_POINT('',#386);
#386 = CARTESIAN_POINT('',(0.955,-0.6,4.5E-02));
#387 = LINE('',#388,#389);
#388 = CARTESIAN_POINT('',(0.955,-0.6,4.5E-02));
#389 = VECTOR('',#390,1.);
#390 = DIRECTION('',(0.,0.,1.));
#391 = ORIENTED_EDGE('',*,*,#392,.F.);
#392 = EDGE_CURVE('',#393,#385,#395,.T.);
#393 = VERTEX_POINT('',#394);
#394 = CARTESIAN_POINT('',(0.7,-0.6,4.5E-02));
#395 = LINE('',#396,#397);
#396 = CARTESIAN_POINT('',(-0.955,-0.6,4.5E-02));
#397 = VECTOR('',#398,1.);
#398 = DIRECTION('',(1.,0.,0.));
#399 = ORIENTED_EDGE('',*,*,#400,.F.);
#400 = EDGE_CURVE('',#192,#393,#401,.T.);
#401 = LINE('',#402,#403);
#402 = CARTESIAN_POINT('',(-0.955,-0.6,4.5E-02));
#403 = VECTOR('',#404,1.);
#404 = DIRECTION('',(1.,0.,0.));
#405 = PLANE('',#406);
#406 = AXIS2_PLACEMENT_3D('',#407,#408,#409);
#407 = CARTESIAN_POINT('',(-0.955,-0.6,4.5E-02));
#408 = DIRECTION('',(0.,1.,0.));
#409 = DIRECTION('',(0.,-0.,1.));
#410 = ADVANCED_FACE('',(#411),#422,.T.);
#411 = FACE_BOUND('',#412,.T.);
#412 = EDGE_LOOP('',(#413,#414,#415,#416));
#413 = ORIENTED_EDGE('',*,*,#275,.F.);
#414 = ORIENTED_EDGE('',*,*,#240,.F.);
#415 = ORIENTED_EDGE('',*,*,#158,.T.);
#416 = ORIENTED_EDGE('',*,*,#417,.T.);
#417 = EDGE_CURVE('',#159,#276,#418,.T.);
#418 = LINE('',#419,#420);
#419 = CARTESIAN_POINT('',(-0.745,-0.6,0.45));
#420 = VECTOR('',#421,1.);
#421 = DIRECTION('',(0.,1.,0.));
#422 = PLANE('',#423);
#423 = AXIS2_PLACEMENT_3D('',#424,#425,#426);
#424 = CARTESIAN_POINT('',(-1.,-0.6,0.45));
#425 = DIRECTION('',(0.,0.,1.));
#426 = DIRECTION('',(1.,0.,-0.));
#427 = ADVANCED_FACE('',(#428),#439,.T.);
#428 = FACE_BOUND('',#429,.T.);
#429 = EDGE_LOOP('',(#430,#436,#437,#438));
#430 = ORIENTED_EDGE('',*,*,#431,.T.);
#431 = EDGE_CURVE('',#167,#284,#432,.T.);
#432 = LINE('',#433,#434);
#433 = CARTESIAN_POINT('',(-0.7,-0.6,0.405));
#434 = VECTOR('',#435,1.);
#435 = DIRECTION('',(0.,1.,0.));
#436 = ORIENTED_EDGE('',*,*,#283,.T.);
#437 = ORIENTED_EDGE('',*,*,#417,.F.);
#438 = ORIENTED_EDGE('',*,*,#166,.F.);
#439 = CYLINDRICAL_SURFACE('',#440,4.5E-02);
#440 = AXIS2_PLACEMENT_3D('',#441,#442,#443);
#441 = CARTESIAN_POINT('',(-0.745,-0.6,0.405));
#442 = DIRECTION('',(0.,1.,0.));
#443 = DIRECTION('',(1.,0.,0.));
#444 = ADVANCED_FACE('',(#445),#488,.T.);
#445 = FACE_BOUND('',#446,.T.);
#446 = EDGE_LOOP('',(#447,#448,#449,#450,#458,#466,#474,#482));
#447 = ORIENTED_EDGE('',*,*,#308,.F.);
#448 = ORIENTED_EDGE('',*,*,#300,.T.);
#449 = ORIENTED_EDGE('',*,*,#292,.T.);
#450 = ORIENTED_EDGE('',*,*,#451,.T.);
#451 = EDGE_CURVE('',#284,#452,#454,.T.);
#452 = VERTEX_POINT('',#453);
#453 = CARTESIAN_POINT('',(0.7,0.6,0.405));
#454 = LINE('',#455,#456);
#455 = CARTESIAN_POINT('',(-0.7,0.6,0.405));
#456 = VECTOR('',#457,1.);
#457 = DIRECTION('',(1.,0.,0.));
#458 = ORIENTED_EDGE('',*,*,#459,.T.);
#459 = EDGE_CURVE('',#452,#460,#462,.T.);
#460 = VERTEX_POINT('',#461);
#461 = CARTESIAN_POINT('',(0.955,0.6,0.405));
#462 = LINE('',#463,#464);
#463 = CARTESIAN_POINT('',(-0.955,0.6,0.405));
#464 = VECTOR('',#465,1.);
#465 = DIRECTION('',(1.,0.,0.));
#466 = ORIENTED_EDGE('',*,*,#467,.F.);
#467 = EDGE_CURVE('',#468,#460,#470,.T.);
#468 = VERTEX_POINT('',#469);
#469 = CARTESIAN_POINT('',(0.955,0.6,4.5E-02));
#470 = LINE('',#471,#472);
#471 = CARTESIAN_POINT('',(0.955,0.6,4.5E-02));
#472 = VECTOR('',#473,1.);
#473 = DIRECTION('',(0.,0.,1.));
#474 = ORIENTED_EDGE('',*,*,#475,.F.);
#475 = EDGE_CURVE('',#476,#468,#478,.T.);
#476 = VERTEX_POINT('',#477);
#477 = CARTESIAN_POINT('',(0.7,0.6,4.5E-02));
#478 = LINE('',#479,#480);
#479 = CARTESIAN_POINT('',(-0.955,0.6,4.5E-02));
#480 = VECTOR('',#481,1.);
#481 = DIRECTION('',(1.,0.,0.));
#482 = ORIENTED_EDGE('',*,*,#483,.F.);
#483 = EDGE_CURVE('',#309,#476,#484,.T.);
#484 = LINE('',#485,#486);
#485 = CARTESIAN_POINT('',(-0.955,0.6,4.5E-02));
#486 = VECTOR('',#487,1.);
#487 = DIRECTION('',(1.,0.,0.));
#488 = PLANE('',#489);
#489 = AXIS2_PLACEMENT_3D('',#490,#491,#492);
#490 = CARTESIAN_POINT('',(-0.955,0.6,4.5E-02));
#491 = DIRECTION('',(0.,1.,0.));
#492 = DIRECTION('',(0.,-0.,1.));
#493 = ADVANCED_FACE('',(#494),#505,.F.);
#494 = FACE_BOUND('',#495,.F.);
#495 = EDGE_LOOP('',(#496,#497,#498,#504));
#496 = ORIENTED_EDGE('',*,*,#351,.F.);
#497 = ORIENTED_EDGE('',*,*,#400,.T.);
#498 = ORIENTED_EDGE('',*,*,#499,.T.);
#499 = EDGE_CURVE('',#393,#476,#500,.T.);
#500 = LINE('',#501,#502);
#501 = CARTESIAN_POINT('',(0.7,-0.6,4.5E-02));
#502 = VECTOR('',#503,1.);
#503 = DIRECTION('',(0.,1.,0.));
#504 = ORIENTED_EDGE('',*,*,#483,.F.);
#505 = PLANE('',#506);
#506 = AXIS2_PLACEMENT_3D('',#507,#508,#509);
#507 = CARTESIAN_POINT('',(-0.955,-0.6,4.5E-02));
#508 = DIRECTION('',(0.,0.,1.));
#509 = DIRECTION('',(1.,0.,-0.));
#510 = ADVANCED_FACE('',(#511),#574,.F.);
#511 = FACE_BOUND('',#512,.F.);
#512 = EDGE_LOOP('',(#513,#523,#530,#531,#532,#533,#542,#550,#559,#567)
  );
#513 = ORIENTED_EDGE('',*,*,#514,.F.);
#514 = EDGE_CURVE('',#515,#517,#519,.T.);
#515 = VERTEX_POINT('',#516);
#516 = CARTESIAN_POINT('',(0.745,-0.6,-2.775557561563E-17));
#517 = VERTEX_POINT('',#518);
#518 = CARTESIAN_POINT('',(0.955,-0.6,-2.775557561563E-17));
#519 = LINE('',#520,#521);
#520 = CARTESIAN_POINT('',(0.7,-0.6,0.));
#521 = VECTOR('',#522,1.);
#522 = DIRECTION('',(1.,0.,0.));
#523 = ORIENTED_EDGE('',*,*,#524,.F.);
#524 = EDGE_CURVE('',#393,#515,#525,.T.);
#525 = CIRCLE('',#526,4.5E-02);
#526 = AXIS2_PLACEMENT_3D('',#527,#528,#529);
#527 = CARTESIAN_POINT('',(0.745,-0.6,4.5E-02));
#528 = DIRECTION('',(0.,-1.,0.));
#529 = DIRECTION('',(0.,0.,1.));
#530 = ORIENTED_EDGE('',*,*,#392,.T.);
#531 = ORIENTED_EDGE('',*,*,#384,.T.);
#532 = ORIENTED_EDGE('',*,*,#376,.F.);
#533 = ORIENTED_EDGE('',*,*,#534,.T.);
#534 = EDGE_CURVE('',#369,#535,#537,.T.);
#535 = VERTEX_POINT('',#536);
#536 = CARTESIAN_POINT('',(0.745,-0.6,0.45));
#537 = CIRCLE('',#538,4.5E-02);
#538 = AXIS2_PLACEMENT_3D('',#539,#540,#541);
#539 = CARTESIAN_POINT('',(0.745,-0.6,0.405));
#540 = DIRECTION('',(0.,1.,0.));
#541 = DIRECTION('',(0.,-0.,1.));
#542 = ORIENTED_EDGE('',*,*,#543,.T.);
#543 = EDGE_CURVE('',#535,#544,#546,.T.);
#544 = VERTEX_POINT('',#545);
#545 = CARTESIAN_POINT('',(0.955,-0.6,0.45));
#546 = LINE('',#547,#548);
#547 = CARTESIAN_POINT('',(0.7,-0.6,0.45));
#548 = VECTOR('',#549,1.);
#549 = DIRECTION('',(1.,0.,0.));
#550 = ORIENTED_EDGE('',*,*,#551,.F.);
#551 = EDGE_CURVE('',#552,#544,#554,.T.);
#552 = VERTEX_POINT('',#553);
#553 = CARTESIAN_POINT('',(1.,-0.6,0.405));
#554 = CIRCLE('',#555,4.5E-02);
#555 = AXIS2_PLACEMENT_3D('',#556,#557,#558);
#556 = CARTESIAN_POINT('',(0.955,-0.6,0.405));
#557 = DIRECTION('',(0.,-1.,0.));
#558 = DIRECTION('',(0.,0.,1.));
#559 = ORIENTED_EDGE('',*,*,#560,.F.);
#560 = EDGE_CURVE('',#561,#552,#563,.T.);
#561 = VERTEX_POINT('',#562);
#562 = CARTESIAN_POINT('',(1.,-0.6,4.5E-02));
#563 = LINE('',#564,#565);
#564 = CARTESIAN_POINT('',(1.,-0.6,0.));
#565 = VECTOR('',#566,1.);
#566 = DIRECTION('',(0.,0.,1.));
#567 = ORIENTED_EDGE('',*,*,#568,.T.);
#568 = EDGE_CURVE('',#561,#517,#569,.T.);
#569 = CIRCLE('',#570,4.5E-02);
#570 = AXIS2_PLACEMENT_3D('',#571,#572,#573);
#571 = CARTESIAN_POINT('',(0.955,-0.6,4.5E-02));
#572 = DIRECTION('',(0.,1.,0.));
#573 = DIRECTION('',(0.,-0.,1.));
#574 = PLANE('',#575);
#575 = AXIS2_PLACEMENT_3D('',#576,#577,#578);
#576 = CARTESIAN_POINT('',(0.7,-0.6,0.));
#577 = DIRECTION('',(0.,1.,0.));
#578 = DIRECTION('',(0.,-0.,1.));
#579 = ADVANCED_FACE('',(#580),#605,.F.);
#580 = FACE_BOUND('',#581,.F.);
#581 = EDGE_LOOP('',(#582,#583,#591,#599));
#582 = ORIENTED_EDGE('',*,*,#368,.F.);
#583 = ORIENTED_EDGE('',*,*,#584,.T.);
#584 = EDGE_CURVE('',#167,#585,#587,.T.);
#585 = VERTEX_POINT('',#586);
#586 = CARTESIAN_POINT('',(-0.7,-0.6,0.45));
#587 = LINE('',#588,#589);
#588 = CARTESIAN_POINT('',(-0.7,-0.6,0.405));
#589 = VECTOR('',#590,1.);
#590 = DIRECTION('',(0.,0.,1.));
#591 = ORIENTED_EDGE('',*,*,#592,.T.);
#592 = EDGE_CURVE('',#585,#593,#595,.T.);
#593 = VERTEX_POINT('',#594);
#594 = CARTESIAN_POINT('',(0.7,-0.6,0.45));
#595 = LINE('',#596,#597);
#596 = CARTESIAN_POINT('',(-0.7,-0.6,0.45));
#597 = VECTOR('',#598,1.);
#598 = DIRECTION('',(1.,0.,0.));
#599 = ORIENTED_EDGE('',*,*,#600,.F.);
#600 = EDGE_CURVE('',#369,#593,#601,.T.);
#601 = LINE('',#602,#603);
#602 = CARTESIAN_POINT('',(0.7,-0.6,0.405));
#603 = VECTOR('',#604,1.);
#604 = DIRECTION('',(0.,0.,1.));
#605 = PLANE('',#606);
#606 = AXIS2_PLACEMENT_3D('',#607,#608,#609);
#607 = CARTESIAN_POINT('',(-0.7,-0.6,0.405));
#608 = DIRECTION('',(0.,1.,0.));
#609 = DIRECTION('',(0.,-0.,1.));
#610 = ADVANCED_FACE('',(#611),#629,.F.);
#611 = FACE_BOUND('',#612,.F.);
#612 = EDGE_LOOP('',(#613,#614,#615,#623));
#613 = ORIENTED_EDGE('',*,*,#584,.F.);
#614 = ORIENTED_EDGE('',*,*,#431,.T.);
#615 = ORIENTED_EDGE('',*,*,#616,.T.);
#616 = EDGE_CURVE('',#284,#617,#619,.T.);
#617 = VERTEX_POINT('',#618);
#618 = CARTESIAN_POINT('',(-0.7,0.6,0.45));
#619 = LINE('',#620,#621);
#620 = CARTESIAN_POINT('',(-0.7,0.6,0.405));
#621 = VECTOR('',#622,1.);
#622 = DIRECTION('',(0.,0.,1.));
#623 = ORIENTED_EDGE('',*,*,#624,.F.);
#624 = EDGE_CURVE('',#585,#617,#625,.T.);
#625 = LINE('',#626,#627);
#626 = CARTESIAN_POINT('',(-0.7,-0.6,0.45));
#627 = VECTOR('',#628,1.);
#628 = DIRECTION('',(0.,1.,0.));
#629 = PLANE('',#630);
#630 = AXIS2_PLACEMENT_3D('',#631,#632,#633);
#631 = CARTESIAN_POINT('',(-0.7,-0.6,0.405));
#632 = DIRECTION('',(1.,0.,0.));
#633 = DIRECTION('',(0.,0.,1.));
#634 = ADVANCED_FACE('',(#635),#698,.T.);
#635 = FACE_BOUND('',#636,.T.);
#636 = EDGE_LOOP('',(#637,#647,#654,#655,#656,#657,#666,#674,#683,#691)
  );
#637 = ORIENTED_EDGE('',*,*,#638,.F.);
#638 = EDGE_CURVE('',#639,#641,#643,.T.);
#639 = VERTEX_POINT('',#640);
#640 = CARTESIAN_POINT('',(0.745,0.6,-2.775557561563E-17));
#641 = VERTEX_POINT('',#642);
#642 = CARTESIAN_POINT('',(0.955,0.6,-2.775557561563E-17));
#643 = LINE('',#644,#645);
#644 = CARTESIAN_POINT('',(0.7,0.6,0.));
#645 = VECTOR('',#646,1.);
#646 = DIRECTION('',(1.,0.,0.));
#647 = ORIENTED_EDGE('',*,*,#648,.F.);
#648 = EDGE_CURVE('',#476,#639,#649,.T.);
#649 = CIRCLE('',#650,4.5E-02);
#650 = AXIS2_PLACEMENT_3D('',#651,#652,#653);
#651 = CARTESIAN_POINT('',(0.745,0.6,4.5E-02));
#652 = DIRECTION('',(0.,-1.,0.));
#653 = DIRECTION('',(0.,0.,1.));
#654 = ORIENTED_EDGE('',*,*,#475,.T.);
#655 = ORIENTED_EDGE('',*,*,#467,.T.);
#656 = ORIENTED_EDGE('',*,*,#459,.F.);
#657 = ORIENTED_EDGE('',*,*,#658,.T.);
#658 = EDGE_CURVE('',#452,#659,#661,.T.);
#659 = VERTEX_POINT('',#660);
#660 = CARTESIAN_POINT('',(0.745,0.6,0.45));
#661 = CIRCLE('',#662,4.5E-02);
#662 = AXIS2_PLACEMENT_3D('',#663,#664,#665);
#663 = CARTESIAN_POINT('',(0.745,0.6,0.405));
#664 = DIRECTION('',(0.,1.,0.));
#665 = DIRECTION('',(0.,-0.,1.));
#666 = ORIENTED_EDGE('',*,*,#667,.T.);
#667 = EDGE_CURVE('',#659,#668,#670,.T.);
#668 = VERTEX_POINT('',#669);
#669 = CARTESIAN_POINT('',(0.955,0.6,0.45));
#670 = LINE('',#671,#672);
#671 = CARTESIAN_POINT('',(0.7,0.6,0.45));
#672 = VECTOR('',#673,1.);
#673 = DIRECTION('',(1.,0.,0.));
#674 = ORIENTED_EDGE('',*,*,#675,.F.);
#675 = EDGE_CURVE('',#676,#668,#678,.T.);
#676 = VERTEX_POINT('',#677);
#677 = CARTESIAN_POINT('',(1.,0.6,0.405));
#678 = CIRCLE('',#679,4.5E-02);
#679 = AXIS2_PLACEMENT_3D('',#680,#681,#682);
#680 = CARTESIAN_POINT('',(0.955,0.6,0.405));
#681 = DIRECTION('',(0.,-1.,0.));
#682 = DIRECTION('',(0.,0.,1.));
#683 = ORIENTED_EDGE('',*,*,#684,.F.);
#684 = EDGE_CURVE('',#685,#676,#687,.T.);
#685 = VERTEX_POINT('',#686);
#686 = CARTESIAN_POINT('',(1.,0.6,4.5E-02));
#687 = LINE('',#688,#689);
#688 = CARTESIAN_POINT('',(1.,0.6,0.));
#689 = VECTOR('',#690,1.);
#690 = DIRECTION('',(0.,0.,1.));
#691 = ORIENTED_EDGE('',*,*,#692,.T.);
#692 = EDGE_CURVE('',#685,#641,#693,.T.);
#693 = CIRCLE('',#694,4.5E-02);
#694 = AXIS2_PLACEMENT_3D('',#695,#696,#697);
#695 = CARTESIAN_POINT('',(0.955,0.6,4.5E-02));
#696 = DIRECTION('',(0.,1.,0.));
#697 = DIRECTION('',(0.,-0.,1.));
#698 = PLANE('',#699);
#699 = AXIS2_PLACEMENT_3D('',#700,#701,#702);
#700 = CARTESIAN_POINT('',(0.7,0.6,0.));
#701 = DIRECTION('',(0.,1.,0.));
#702 = DIRECTION('',(0.,-0.,1.));
#703 = ADVANCED_FACE('',(#704),#722,.T.);
#704 = FACE_BOUND('',#705,.T.);
#705 = EDGE_LOOP('',(#706,#707,#708,#716));
#706 = ORIENTED_EDGE('',*,*,#451,.F.);
#707 = ORIENTED_EDGE('',*,*,#616,.T.);
#708 = ORIENTED_EDGE('',*,*,#709,.T.);
#709 = EDGE_CURVE('',#617,#710,#712,.T.);
#710 = VERTEX_POINT('',#711);
#711 = CARTESIAN_POINT('',(0.7,0.6,0.45));
#712 = LINE('',#713,#714);
#713 = CARTESIAN_POINT('',(-0.7,0.6,0.45));
#714 = VECTOR('',#715,1.);
#715 = DIRECTION('',(1.,0.,0.));
#716 = ORIENTED_EDGE('',*,*,#717,.F.);
#717 = EDGE_CURVE('',#452,#710,#718,.T.);
#718 = LINE('',#719,#720);
#719 = CARTESIAN_POINT('',(0.7,0.6,0.405));
#720 = VECTOR('',#721,1.);
#721 = DIRECTION('',(0.,0.,1.));
#722 = PLANE('',#723);
#723 = AXIS2_PLACEMENT_3D('',#724,#725,#726);
#724 = CARTESIAN_POINT('',(-0.7,0.6,0.405));
#725 = DIRECTION('',(0.,1.,0.));
#726 = DIRECTION('',(0.,-0.,1.));
#727 = ADVANCED_FACE('',(#728),#739,.T.);
#728 = FACE_BOUND('',#729,.T.);
#729 = EDGE_LOOP('',(#730,#731,#732,#738));
#730 = ORIENTED_EDGE('',*,*,#499,.T.);
#731 = ORIENTED_EDGE('',*,*,#648,.T.);
#732 = ORIENTED_EDGE('',*,*,#733,.F.);
#733 = EDGE_CURVE('',#515,#639,#734,.T.);
#734 = LINE('',#735,#736);
#735 = CARTESIAN_POINT('',(0.745,-0.6,-2.775557561563E-17));
#736 = VECTOR('',#737,1.);
#737 = DIRECTION('',(0.,1.,0.));
#738 = ORIENTED_EDGE('',*,*,#524,.F.);
#739 = CYLINDRICAL_SURFACE('',#740,4.5E-02);
#740 = AXIS2_PLACEMENT_3D('',#741,#742,#743);
#741 = CARTESIAN_POINT('',(0.745,-0.6,4.5E-02));
#742 = DIRECTION('',(0.,1.,0.));
#743 = DIRECTION('',(-1.,0.,0.));
#744 = ADVANCED_FACE('',(#745),#756,.F.);
#745 = FACE_BOUND('',#746,.F.);
#746 = EDGE_LOOP('',(#747,#748,#749,#750));
#747 = ORIENTED_EDGE('',*,*,#638,.F.);
#748 = ORIENTED_EDGE('',*,*,#733,.F.);
#749 = ORIENTED_EDGE('',*,*,#514,.T.);
#750 = ORIENTED_EDGE('',*,*,#751,.T.);
#751 = EDGE_CURVE('',#517,#641,#752,.T.);
#752 = LINE('',#753,#754);
#753 = CARTESIAN_POINT('',(0.955,-0.6,-2.775557561563E-17));
#754 = VECTOR('',#755,1.);
#755 = DIRECTION('',(0.,1.,0.));
#756 = PLANE('',#757);
#757 = AXIS2_PLACEMENT_3D('',#758,#759,#760);
#758 = CARTESIAN_POINT('',(0.7,-0.6,0.));
#759 = DIRECTION('',(0.,0.,1.));
#760 = DIRECTION('',(1.,0.,-0.));
#761 = ADVANCED_FACE('',(#762),#773,.T.);
#762 = FACE_BOUND('',#763,.T.);
#763 = EDGE_LOOP('',(#764,#765,#766,#767));
#764 = ORIENTED_EDGE('',*,*,#568,.T.);
#765 = ORIENTED_EDGE('',*,*,#751,.T.);
#766 = ORIENTED_EDGE('',*,*,#692,.F.);
#767 = ORIENTED_EDGE('',*,*,#768,.F.);
#768 = EDGE_CURVE('',#561,#685,#769,.T.);
#769 = LINE('',#770,#771);
#770 = CARTESIAN_POINT('',(1.,-0.6,4.5E-02));
#771 = VECTOR('',#772,1.);
#772 = DIRECTION('',(0.,1.,0.));
#773 = CYLINDRICAL_SURFACE('',#774,4.5E-02);
#774 = AXIS2_PLACEMENT_3D('',#775,#776,#777);
#775 = CARTESIAN_POINT('',(0.955,-0.6,4.5E-02));
#776 = DIRECTION('',(0.,1.,0.));
#777 = DIRECTION('',(1.,0.,0.));
#778 = ADVANCED_FACE('',(#779),#790,.T.);
#779 = FACE_BOUND('',#780,.T.);
#780 = EDGE_LOOP('',(#781,#782,#783,#784));
#781 = ORIENTED_EDGE('',*,*,#560,.F.);
#782 = ORIENTED_EDGE('',*,*,#768,.T.);
#783 = ORIENTED_EDGE('',*,*,#684,.T.);
#784 = ORIENTED_EDGE('',*,*,#785,.F.);
#785 = EDGE_CURVE('',#552,#676,#786,.T.);
#786 = LINE('',#787,#788);
#787 = CARTESIAN_POINT('',(1.,-0.6,0.405));
#788 = VECTOR('',#789,1.);
#789 = DIRECTION('',(0.,1.,0.));
#790 = PLANE('',#791);
#791 = AXIS2_PLACEMENT_3D('',#792,#793,#794);
#792 = CARTESIAN_POINT('',(1.,-0.6,0.));
#793 = DIRECTION('',(1.,0.,0.));
#794 = DIRECTION('',(0.,0.,1.));
#795 = ADVANCED_FACE('',(#796),#807,.T.);
#796 = FACE_BOUND('',#797,.T.);
#797 = EDGE_LOOP('',(#798,#799,#800,#806));
#798 = ORIENTED_EDGE('',*,*,#785,.T.);
#799 = ORIENTED_EDGE('',*,*,#675,.T.);
#800 = ORIENTED_EDGE('',*,*,#801,.F.);
#801 = EDGE_CURVE('',#544,#668,#802,.T.);
#802 = LINE('',#803,#804);
#803 = CARTESIAN_POINT('',(0.955,-0.6,0.45));
#804 = VECTOR('',#805,1.);
#805 = DIRECTION('',(0.,1.,0.));
#806 = ORIENTED_EDGE('',*,*,#551,.F.);
#807 = CYLINDRICAL_SURFACE('',#808,4.5E-02);
#808 = AXIS2_PLACEMENT_3D('',#809,#810,#811);
#809 = CARTESIAN_POINT('',(0.955,-0.6,0.405));
#810 = DIRECTION('',(0.,1.,0.));
#811 = DIRECTION('',(1.,0.,0.));
#812 = ADVANCED_FACE('',(#813),#824,.T.);
#813 = FACE_BOUND('',#814,.T.);
#814 = EDGE_LOOP('',(#815,#816,#822,#823));
#815 = ORIENTED_EDGE('',*,*,#667,.F.);
#816 = ORIENTED_EDGE('',*,*,#817,.F.);
#817 = EDGE_CURVE('',#535,#659,#818,.T.);
#818 = LINE('',#819,#820);
#819 = CARTESIAN_POINT('',(0.745,-0.6,0.45));
#820 = VECTOR('',#821,1.);
#821 = DIRECTION('',(0.,1.,0.));
#822 = ORIENTED_EDGE('',*,*,#543,.T.);
#823 = ORIENTED_EDGE('',*,*,#801,.T.);
#824 = PLANE('',#825);
#825 = AXIS2_PLACEMENT_3D('',#826,#827,#828);
#826 = CARTESIAN_POINT('',(0.7,-0.6,0.45));
#827 = DIRECTION('',(0.,0.,1.));
#828 = DIRECTION('',(1.,0.,-0.));
#829 = ADVANCED_FACE('',(#830),#841,.T.);
#830 = FACE_BOUND('',#831,.T.);
#831 = EDGE_LOOP('',(#832,#833,#834,#835));
#832 = ORIENTED_EDGE('',*,*,#534,.T.);
#833 = ORIENTED_EDGE('',*,*,#817,.T.);
#834 = ORIENTED_EDGE('',*,*,#658,.F.);
#835 = ORIENTED_EDGE('',*,*,#836,.F.);
#836 = EDGE_CURVE('',#369,#452,#837,.T.);
#837 = LINE('',#838,#839);
#838 = CARTESIAN_POINT('',(0.7,-0.6,0.405));
#839 = VECTOR('',#840,1.);
#840 = DIRECTION('',(0.,1.,0.));
#841 = CYLINDRICAL_SURFACE('',#842,4.5E-02);
#842 = AXIS2_PLACEMENT_3D('',#843,#844,#845);
#843 = CARTESIAN_POINT('',(0.745,-0.6,0.405));
#844 = DIRECTION('',(0.,1.,0.));
#845 = DIRECTION('',(-1.,0.,0.));
#846 = ADVANCED_FACE('',(#847),#858,.T.);
#847 = FACE_BOUND('',#848,.T.);
#848 = EDGE_LOOP('',(#849,#850,#851,#852));
#849 = ORIENTED_EDGE('',*,*,#600,.F.);
#850 = ORIENTED_EDGE('',*,*,#836,.T.);
#851 = ORIENTED_EDGE('',*,*,#717,.T.);
#852 = ORIENTED_EDGE('',*,*,#853,.F.);
#853 = EDGE_CURVE('',#593,#710,#854,.T.);
#854 = LINE('',#855,#856);
#855 = CARTESIAN_POINT('',(0.7,-0.6,0.45));
#856 = VECTOR('',#857,1.);
#857 = DIRECTION('',(0.,1.,0.));
#858 = PLANE('',#859);
#859 = AXIS2_PLACEMENT_3D('',#860,#861,#862);
#860 = CARTESIAN_POINT('',(0.7,-0.6,0.405));
#861 = DIRECTION('',(1.,0.,0.));
#862 = DIRECTION('',(0.,0.,1.));
#863 = ADVANCED_FACE('',(#864),#870,.T.);
#864 = FACE_BOUND('',#865,.T.);
#865 = EDGE_LOOP('',(#866,#867,#868,#869));
#866 = ORIENTED_EDGE('',*,*,#624,.F.);
#867 = ORIENTED_EDGE('',*,*,#592,.T.);
#868 = ORIENTED_EDGE('',*,*,#853,.T.);
#869 = ORIENTED_EDGE('',*,*,#709,.F.);
#870 = PLANE('',#871);
#871 = AXIS2_PLACEMENT_3D('',#872,#873,#874);
#872 = CARTESIAN_POINT('',(-0.7,-0.6,0.45));
#873 = DIRECTION('',(0.,0.,1.));
#874 = DIRECTION('',(1.,0.,-0.));
#875 = ( GEOMETRIC_REPRESENTATION_CONTEXT(3) 
GLOBAL_UNCERTAINTY_ASSIGNED_CONTEXT((#879)) GLOBAL_UNIT_ASSIGNED_CONTEXT
((#876,#877,#878)) REPRESENTATION_CONTEXT('Context #1',
  '3D Context with UNIT and UNCERTAINTY') );
#876 = ( LENGTH_UNIT() NAMED_UNIT(*) SI_UNIT(.MILLI.,.METRE.) );
#877 = ( NAMED_UNIT(*) PLANE_ANGLE_UNIT() SI_UNIT($,.RADIAN.) );
#878 = ( NAMED_UNIT(*) SI_UNIT($,.STERADIAN.) SOLID_ANGLE_UNIT() );
#879 = UNCERTAINTY_MEASURE_WITH_UNIT(LENGTH_MEASURE(1.E-07),#876,
  'distance_accuracy_value','confusion accuracy');
#880 = CONTEXT_DEPENDENT_SHAPE_REPRESENTATION(#881,#883);
#881 = ( REPRESENTATION_RELATIONSHIP('','',#84,#10) 
REPRESENTATION_RELATIONSHIP_WITH_TRANSFORMATION(#882) 
SHAPE_REPRESENTATION_RELATIONSHIP() );
#882 = ITEM_DEFINED_TRANSFORMATION('','',#11,#15);
#883 = PRODUCT_DEFINITION_SHAPE('Placement','Placement of an item',#884
  );
#884 = NEXT_ASSEMBLY_USAGE_OCCURRENCE('1','R10','',#5,#79,$);
#885 = PRODUCT_RELATED_PRODUCT_CATEGORY('part',$,(#81));
#886 = SHAPE_DEFINITION_REPRESENTATION(#887,#893);
#887 = PRODUCT_DEFINITION_SHAPE('','',#888);
#888 = PRODUCT_DEFINITION('design','',#889,#892);
#889 = PRODUCT_DEFINITION_FORMATION('','',#890);
#890 = PRODUCT('C_0805_2012Metric','C_0805_2012Metric','',(#891));
#891 = PRODUCT_CONTEXT('',#2,'mechanical');
#892 = PRODUCT_DEFINITION_CONTEXT('part definition',#2,'design');
#893 = ADVANCED_BREP_SHAPE_REPRESENTATION('',(#11,#894),#1748);
#894 = MANIFOLD_SOLID_BREP('',#895);
#895 = CLOSED_SHELL('',(#896,#972,#1003,#1028,#1053,#1077,#1101,#1126,
    #1151,#1168,#1254,#1286,#1310,#1335,#1359,#1384,#1408,#1433,#1450,
    #1536,#1567,#1592,#1617,#1641,#1665,#1690,#1715,#1732));
#896 = ADVANCED_FACE('',(#897),#967,.F.);
#897 = FACE_BOUND('',#898,.F.);
#898 = EDGE_LOOP('',(#899,#909,#918,#926,#935,#943,#952,#960));
#899 = ORIENTED_EDGE('',*,*,#900,.F.);
#900 = EDGE_CURVE('',#901,#903,#905,.T.);
#901 = VERTEX_POINT('',#902);
#902 = CARTESIAN_POINT('',(-1.,-0.625,4.E-02));
#903 = VERTEX_POINT('',#904);
#904 = CARTESIAN_POINT('',(-1.,-0.625,1.21));
#905 = LINE('',#906,#907);
#906 = CARTESIAN_POINT('',(-1.,-0.625,0.));
#907 = VECTOR('',#908,1.);
#908 = DIRECTION('',(0.,0.,1.));
#909 = ORIENTED_EDGE('',*,*,#910,.T.);
#910 = EDGE_CURVE('',#901,#911,#913,.T.);
#911 = VERTEX_POINT('',#912);
#912 = CARTESIAN_POINT('',(-1.,-0.585,0.));
#913 = CIRCLE('',#914,4.E-02);
#914 = AXIS2_PLACEMENT_3D('',#915,#916,#917);
#915 = CARTESIAN_POINT('',(-1.,-0.585,4.E-02));
#916 = DIRECTION('',(1.,0.,-0.));
#917 = DIRECTION('',(0.,0.,1.));
#918 = ORIENTED_EDGE('',*,*,#919,.T.);
#919 = EDGE_CURVE('',#911,#920,#922,.T.);
#920 = VERTEX_POINT('',#921);
#921 = CARTESIAN_POINT('',(-1.,0.585,0.));
#922 = LINE('',#923,#924);
#923 = CARTESIAN_POINT('',(-1.,-0.625,0.));
#924 = VECTOR('',#925,1.);
#925 = DIRECTION('',(0.,1.,0.));
#926 = ORIENTED_EDGE('',*,*,#927,.F.);
#927 = EDGE_CURVE('',#928,#920,#930,.T.);
#928 = VERTEX_POINT('',#929);
#929 = CARTESIAN_POINT('',(-1.,0.625,4.E-02));
#930 = CIRCLE('',#931,4.E-02);
#931 = AXIS2_PLACEMENT_3D('',#932,#933,#934);
#932 = CARTESIAN_POINT('',(-1.,0.585,4.E-02));
#933 = DIRECTION('',(-1.,0.,0.));
#934 = DIRECTION('',(0.,0.,1.));
#935 = ORIENTED_EDGE('',*,*,#936,.T.);
#936 = EDGE_CURVE('',#928,#937,#939,.T.);
#937 = VERTEX_POINT('',#938);
#938 = CARTESIAN_POINT('',(-1.,0.625,1.21));
#939 = LINE('',#940,#941);
#940 = CARTESIAN_POINT('',(-1.,0.625,0.));
#941 = VECTOR('',#942,1.);
#942 = DIRECTION('',(0.,0.,1.));
#943 = ORIENTED_EDGE('',*,*,#944,.T.);
#944 = EDGE_CURVE('',#937,#945,#947,.T.);
#945 = VERTEX_POINT('',#946);
#946 = CARTESIAN_POINT('',(-1.,0.585,1.25));
#947 = CIRCLE('',#948,4.E-02);
#948 = AXIS2_PLACEMENT_3D('',#949,#950,#951);
#949 = CARTESIAN_POINT('',(-1.,0.585,1.21));
#950 = DIRECTION('',(1.,0.,-0.));
#951 = DIRECTION('',(0.,0.,1.));
#952 = ORIENTED_EDGE('',*,*,#953,.F.);
#953 = EDGE_CURVE('',#954,#945,#956,.T.);
#954 = VERTEX_POINT('',#955);
#955 = CARTESIAN_POINT('',(-1.,-0.585,1.25));
#956 = LINE('',#957,#958);
#957 = CARTESIAN_POINT('',(-1.,-0.625,1.25));
#958 = VECTOR('',#959,1.);
#959 = DIRECTION('',(0.,1.,0.));
#960 = ORIENTED_EDGE('',*,*,#961,.F.);
#961 = EDGE_CURVE('',#903,#954,#962,.T.);
#962 = CIRCLE('',#963,4.E-02);
#963 = AXIS2_PLACEMENT_3D('',#964,#965,#966);
#964 = CARTESIAN_POINT('',(-1.,-0.585,1.21));
#965 = DIRECTION('',(-1.,0.,0.));
#966 = DIRECTION('',(0.,0.,1.));
#967 = PLANE('',#968);
#968 = AXIS2_PLACEMENT_3D('',#969,#970,#971);
#969 = CARTESIAN_POINT('',(-1.,-0.625,0.));
#970 = DIRECTION('',(1.,0.,0.));
#971 = DIRECTION('',(0.,0.,1.));
#972 = ADVANCED_FACE('',(#973),#998,.F.);
#973 = FACE_BOUND('',#974,.F.);
#974 = EDGE_LOOP('',(#975,#985,#991,#992));
#975 = ORIENTED_EDGE('',*,*,#976,.F.);
#976 = EDGE_CURVE('',#977,#979,#981,.T.);
#977 = VERTEX_POINT('',#978);
#978 = CARTESIAN_POINT('',(-0.6,-0.625,4.E-02));
#979 = VERTEX_POINT('',#980);
#980 = CARTESIAN_POINT('',(-0.6,-0.625,1.21));
#981 = LINE('',#982,#983);
#982 = CARTESIAN_POINT('',(-0.6,-0.625,0.));
#983 = VECTOR('',#984,1.);
#984 = DIRECTION('',(0.,0.,1.));
#985 = ORIENTED_EDGE('',*,*,#986,.F.);
#986 = EDGE_CURVE('',#901,#977,#987,.T.);
#987 = LINE('',#988,#989);
#988 = CARTESIAN_POINT('',(-1.,-0.625,4.E-02));
#989 = VECTOR('',#990,1.);
#990 = DIRECTION('',(1.,0.,0.));
#991 = ORIENTED_EDGE('',*,*,#900,.T.);
#992 = ORIENTED_EDGE('',*,*,#993,.T.);
#993 = EDGE_CURVE('',#903,#979,#994,.T.);
#994 = LINE('',#995,#996);
#995 = CARTESIAN_POINT('',(-1.,-0.625,1.21));
#996 = VECTOR('',#997,1.);
#997 = DIRECTION('',(1.,0.,0.));
#998 = PLANE('',#999);
#999 = AXIS2_PLACEMENT_3D('',#1000,#1001,#1002);
#1000 = CARTESIAN_POINT('',(-1.,-0.625,0.));
#1001 = DIRECTION('',(0.,1.,0.));
#1002 = DIRECTION('',(0.,-0.,1.));
#1003 = ADVANCED_FACE('',(#1004),#1023,.T.);
#1004 = FACE_BOUND('',#1005,.T.);
#1005 = EDGE_LOOP('',(#1006,#1007,#1015,#1022));
#1006 = ORIENTED_EDGE('',*,*,#910,.T.);
#1007 = ORIENTED_EDGE('',*,*,#1008,.T.);
#1008 = EDGE_CURVE('',#911,#1009,#1011,.T.);
#1009 = VERTEX_POINT('',#1010);
#1010 = CARTESIAN_POINT('',(-0.6,-0.585,0.));
#1011 = LINE('',#1012,#1013);
#1012 = CARTESIAN_POINT('',(-1.,-0.585,0.));
#1013 = VECTOR('',#1014,1.);
#1014 = DIRECTION('',(1.,0.,0.));
#1015 = ORIENTED_EDGE('',*,*,#1016,.F.);
#1016 = EDGE_CURVE('',#977,#1009,#1017,.T.);
#1017 = CIRCLE('',#1018,4.E-02);
#1018 = AXIS2_PLACEMENT_3D('',#1019,#1020,#1021);
#1019 = CARTESIAN_POINT('',(-0.6,-0.585,4.E-02));
#1020 = DIRECTION('',(1.,0.,-0.));
#1021 = DIRECTION('',(0.,0.,1.));
#1022 = ORIENTED_EDGE('',*,*,#986,.F.);
#1023 = CYLINDRICAL_SURFACE('',#1024,4.E-02);
#1024 = AXIS2_PLACEMENT_3D('',#1025,#1026,#1027);
#1025 = CARTESIAN_POINT('',(-1.,-0.585,4.E-02));
#1026 = DIRECTION('',(1.,0.,0.));
#1027 = DIRECTION('',(0.,-1.,0.));
#1028 = ADVANCED_FACE('',(#1029),#1048,.T.);
#1029 = FACE_BOUND('',#1030,.T.);
#1030 = EDGE_LOOP('',(#1031,#1032,#1041,#1047));
#1031 = ORIENTED_EDGE('',*,*,#993,.T.);
#1032 = ORIENTED_EDGE('',*,*,#1033,.T.);
#1033 = EDGE_CURVE('',#979,#1034,#1036,.T.);
#1034 = VERTEX_POINT('',#1035);
#1035 = CARTESIAN_POINT('',(-0.6,-0.585,1.25));
#1036 = CIRCLE('',#1037,4.E-02);
#1037 = AXIS2_PLACEMENT_3D('',#1038,#1039,#1040);
#1038 = CARTESIAN_POINT('',(-0.6,-0.585,1.21));
#1039 = DIRECTION('',(-1.,0.,0.));
#1040 = DIRECTION('',(0.,0.,1.));
#1041 = ORIENTED_EDGE('',*,*,#1042,.F.);
#1042 = EDGE_CURVE('',#954,#1034,#1043,.T.);
#1043 = LINE('',#1044,#1045);
#1044 = CARTESIAN_POINT('',(-1.,-0.585,1.25));
#1045 = VECTOR('',#1046,1.);
#1046 = DIRECTION('',(1.,0.,0.));
#1047 = ORIENTED_EDGE('',*,*,#961,.F.);
#1048 = CYLINDRICAL_SURFACE('',#1049,4.E-02);
#1049 = AXIS2_PLACEMENT_3D('',#1050,#1051,#1052);
#1050 = CARTESIAN_POINT('',(-1.,-0.585,1.21));
#1051 = DIRECTION('',(1.,0.,0.));
#1052 = DIRECTION('',(0.,-1.,0.));
#1053 = ADVANCED_FACE('',(#1054),#1072,.F.);
#1054 = FACE_BOUND('',#1055,.F.);
#1055 = EDGE_LOOP('',(#1056,#1057,#1058,#1066));
#1056 = ORIENTED_EDGE('',*,*,#919,.F.);
#1057 = ORIENTED_EDGE('',*,*,#1008,.T.);
#1058 = ORIENTED_EDGE('',*,*,#1059,.T.);
#1059 = EDGE_CURVE('',#1009,#1060,#1062,.T.);
#1060 = VERTEX_POINT('',#1061);
#1061 = CARTESIAN_POINT('',(-0.6,0.585,0.));
#1062 = LINE('',#1063,#1064);
#1063 = CARTESIAN_POINT('',(-0.6,-0.625,0.));
#1064 = VECTOR('',#1065,1.);
#1065 = DIRECTION('',(0.,1.,0.));
#1066 = ORIENTED_EDGE('',*,*,#1067,.F.);
#1067 = EDGE_CURVE('',#920,#1060,#1068,.T.);
#1068 = LINE('',#1069,#1070);
#1069 = CARTESIAN_POINT('',(-1.,0.585,0.));
#1070 = VECTOR('',#1071,1.);
#1071 = DIRECTION('',(1.,0.,0.));
#1072 = PLANE('',#1073);
#1073 = AXIS2_PLACEMENT_3D('',#1074,#1075,#1076);
#1074 = CARTESIAN_POINT('',(-1.,-0.625,0.));
#1075 = DIRECTION('',(0.,0.,1.));
#1076 = DIRECTION('',(1.,0.,-0.));
#1077 = ADVANCED_FACE('',(#1078),#1096,.T.);
#1078 = FACE_BOUND('',#1079,.T.);
#1079 = EDGE_LOOP('',(#1080,#1081,#1082,#1090));
#1080 = ORIENTED_EDGE('',*,*,#953,.F.);
#1081 = ORIENTED_EDGE('',*,*,#1042,.T.);
#1082 = ORIENTED_EDGE('',*,*,#1083,.T.);
#1083 = EDGE_CURVE('',#1034,#1084,#1086,.T.);
#1084 = VERTEX_POINT('',#1085);
#1085 = CARTESIAN_POINT('',(-0.6,0.585,1.25));
#1086 = LINE('',#1087,#1088);
#1087 = CARTESIAN_POINT('',(-0.6,-0.625,1.25));
#1088 = VECTOR('',#1089,1.);
#1089 = DIRECTION('',(0.,1.,0.));
#1090 = ORIENTED_EDGE('',*,*,#1091,.F.);
#1091 = EDGE_CURVE('',#945,#1084,#1092,.T.);
#1092 = LINE('',#1093,#1094);
#1093 = CARTESIAN_POINT('',(-1.,0.585,1.25));
#1094 = VECTOR('',#1095,1.);
#1095 = DIRECTION('',(1.,0.,0.));
#1096 = PLANE('',#1097);
#1097 = AXIS2_PLACEMENT_3D('',#1098,#1099,#1100);
#1098 = CARTESIAN_POINT('',(-1.,-0.625,1.25));
#1099 = DIRECTION('',(0.,0.,1.));
#1100 = DIRECTION('',(1.,0.,-0.));
#1101 = ADVANCED_FACE('',(#1102),#1121,.T.);
#1102 = FACE_BOUND('',#1103,.T.);
#1103 = EDGE_LOOP('',(#1104,#1112,#1119,#1120));
#1104 = ORIENTED_EDGE('',*,*,#1105,.T.);
#1105 = EDGE_CURVE('',#928,#1106,#1108,.T.);
#1106 = VERTEX_POINT('',#1107);
#1107 = CARTESIAN_POINT('',(-0.6,0.625,4.E-02));
#1108 = LINE('',#1109,#1110);
#1109 = CARTESIAN_POINT('',(-1.,0.625,4.E-02));
#1110 = VECTOR('',#1111,1.);
#1111 = DIRECTION('',(1.,0.,0.));
#1112 = ORIENTED_EDGE('',*,*,#1113,.T.);
#1113 = EDGE_CURVE('',#1106,#1060,#1114,.T.);
#1114 = CIRCLE('',#1115,4.E-02);
#1115 = AXIS2_PLACEMENT_3D('',#1116,#1117,#1118);
#1116 = CARTESIAN_POINT('',(-0.6,0.585,4.E-02));
#1117 = DIRECTION('',(-1.,0.,0.));
#1118 = DIRECTION('',(0.,0.,1.));
#1119 = ORIENTED_EDGE('',*,*,#1067,.F.);
#1120 = ORIENTED_EDGE('',*,*,#927,.F.);
#1121 = CYLINDRICAL_SURFACE('',#1122,4.E-02);
#1122 = AXIS2_PLACEMENT_3D('',#1123,#1124,#1125);
#1123 = CARTESIAN_POINT('',(-1.,0.585,4.E-02));
#1124 = DIRECTION('',(1.,0.,0.));
#1125 = DIRECTION('',(-0.,1.,0.));
#1126 = ADVANCED_FACE('',(#1127),#1146,.T.);
#1127 = FACE_BOUND('',#1128,.T.);
#1128 = EDGE_LOOP('',(#1129,#1130,#1131,#1140));
#1129 = ORIENTED_EDGE('',*,*,#944,.T.);
#1130 = ORIENTED_EDGE('',*,*,#1091,.T.);
#1131 = ORIENTED_EDGE('',*,*,#1132,.F.);
#1132 = EDGE_CURVE('',#1133,#1084,#1135,.T.);
#1133 = VERTEX_POINT('',#1134);
#1134 = CARTESIAN_POINT('',(-0.6,0.625,1.21));
#1135 = CIRCLE('',#1136,4.E-02);
#1136 = AXIS2_PLACEMENT_3D('',#1137,#1138,#1139);
#1137 = CARTESIAN_POINT('',(-0.6,0.585,1.21));
#1138 = DIRECTION('',(1.,0.,-0.));
#1139 = DIRECTION('',(0.,0.,1.));
#1140 = ORIENTED_EDGE('',*,*,#1141,.F.);
#1141 = EDGE_CURVE('',#937,#1133,#1142,.T.);
#1142 = LINE('',#1143,#1144);
#1143 = CARTESIAN_POINT('',(-1.,0.625,1.21));
#1144 = VECTOR('',#1145,1.);
#1145 = DIRECTION('',(1.,0.,0.));
#1146 = CYLINDRICAL_SURFACE('',#1147,4.E-02);
#1147 = AXIS2_PLACEMENT_3D('',#1148,#1149,#1150);
#1148 = CARTESIAN_POINT('',(-1.,0.585,1.21));
#1149 = DIRECTION('',(1.,0.,0.));
#1150 = DIRECTION('',(-0.,1.,0.));
#1151 = ADVANCED_FACE('',(#1152),#1163,.T.);
#1152 = FACE_BOUND('',#1153,.T.);
#1153 = EDGE_LOOP('',(#1154,#1160,#1161,#1162));
#1154 = ORIENTED_EDGE('',*,*,#1155,.F.);
#1155 = EDGE_CURVE('',#1106,#1133,#1156,.T.);
#1156 = LINE('',#1157,#1158);
#1157 = CARTESIAN_POINT('',(-0.6,0.625,0.));
#1158 = VECTOR('',#1159,1.);
#1159 = DIRECTION('',(0.,0.,1.));
#1160 = ORIENTED_EDGE('',*,*,#1105,.F.);
#1161 = ORIENTED_EDGE('',*,*,#936,.T.);
#1162 = ORIENTED_EDGE('',*,*,#1141,.T.);
#1163 = PLANE('',#1164);
#1164 = AXIS2_PLACEMENT_3D('',#1165,#1166,#1167);
#1165 = CARTESIAN_POINT('',(-1.,0.625,0.));
#1166 = DIRECTION('',(0.,1.,0.));
#1167 = DIRECTION('',(0.,-0.,1.));
#1168 = ADVANCED_FACE('',(#1169,#1179),#1249,.T.);
#1169 = FACE_BOUND('',#1170,.T.);
#1170 = EDGE_LOOP('',(#1171,#1172,#1173,#1174,#1175,#1176,#1177,#1178));
#1171 = ORIENTED_EDGE('',*,*,#976,.F.);
#1172 = ORIENTED_EDGE('',*,*,#1016,.T.);
#1173 = ORIENTED_EDGE('',*,*,#1059,.T.);
#1174 = ORIENTED_EDGE('',*,*,#1113,.F.);
#1175 = ORIENTED_EDGE('',*,*,#1155,.T.);
#1176 = ORIENTED_EDGE('',*,*,#1132,.T.);
#1177 = ORIENTED_EDGE('',*,*,#1083,.F.);
#1178 = ORIENTED_EDGE('',*,*,#1033,.F.);
#1179 = FACE_BOUND('',#1180,.T.);
#1180 = EDGE_LOOP('',(#1181,#1192,#1200,#1209,#1217,#1226,#1234,#1243));
#1181 = ORIENTED_EDGE('',*,*,#1182,.F.);
#1182 = EDGE_CURVE('',#1183,#1185,#1187,.T.);
#1183 = VERTEX_POINT('',#1184);
#1184 = CARTESIAN_POINT('',(-0.6,-0.585,8.E-02));
#1185 = VERTEX_POINT('',#1186);
#1186 = CARTESIAN_POINT('',(-0.6,-0.545,4.E-02));
#1187 = CIRCLE('',#1188,4.E-02);
#1188 = AXIS2_PLACEMENT_3D('',#1189,#1190,#1191);
#1189 = CARTESIAN_POINT('',(-0.6,-0.545,8.E-02));
#1190 = DIRECTION('',(1.,0.,-0.));
#1191 = DIRECTION('',(0.,0.,1.));
#1192 = ORIENTED_EDGE('',*,*,#1193,.T.);
#1193 = EDGE_CURVE('',#1183,#1194,#1196,.T.);
#1194 = VERTEX_POINT('',#1195);
#1195 = CARTESIAN_POINT('',(-0.6,-0.585,1.17));
#1196 = LINE('',#1197,#1198);
#1197 = CARTESIAN_POINT('',(-0.6,-0.585,4.E-02));
#1198 = VECTOR('',#1199,1.);
#1199 = DIRECTION('',(0.,0.,1.));
#1200 = ORIENTED_EDGE('',*,*,#1201,.T.);
#1201 = EDGE_CURVE('',#1194,#1202,#1204,.T.);
#1202 = VERTEX_POINT('',#1203);
#1203 = CARTESIAN_POINT('',(-0.6,-0.545,1.21));
#1204 = CIRCLE('',#1205,4.E-02);
#1205 = AXIS2_PLACEMENT_3D('',#1206,#1207,#1208);
#1206 = CARTESIAN_POINT('',(-0.6,-0.545,1.17));
#1207 = DIRECTION('',(-1.,0.,0.));
#1208 = DIRECTION('',(0.,0.,1.));
#1209 = ORIENTED_EDGE('',*,*,#1210,.T.);
#1210 = EDGE_CURVE('',#1202,#1211,#1213,.T.);
#1211 = VERTEX_POINT('',#1212);
#1212 = CARTESIAN_POINT('',(-0.6,0.545,1.21));
#1213 = LINE('',#1214,#1215);
#1214 = CARTESIAN_POINT('',(-0.6,-0.585,1.21));
#1215 = VECTOR('',#1216,1.);
#1216 = DIRECTION('',(0.,1.,0.));
#1217 = ORIENTED_EDGE('',*,*,#1218,.F.);
#1218 = EDGE_CURVE('',#1219,#1211,#1221,.T.);
#1219 = VERTEX_POINT('',#1220);
#1220 = CARTESIAN_POINT('',(-0.6,0.585,1.17));
#1221 = CIRCLE('',#1222,4.E-02);
#1222 = AXIS2_PLACEMENT_3D('',#1223,#1224,#1225);
#1223 = CARTESIAN_POINT('',(-0.6,0.545,1.17));
#1224 = DIRECTION('',(1.,0.,-0.));
#1225 = DIRECTION('',(0.,0.,1.));
#1226 = ORIENTED_EDGE('',*,*,#1227,.F.);
#1227 = EDGE_CURVE('',#1228,#1219,#1230,.T.);
#1228 = VERTEX_POINT('',#1229);
#1229 = CARTESIAN_POINT('',(-0.6,0.585,8.E-02));
#1230 = LINE('',#1231,#1232);
#1231 = CARTESIAN_POINT('',(-0.6,0.585,4.E-02));
#1232 = VECTOR('',#1233,1.);
#1233 = DIRECTION('',(0.,0.,1.));
#1234 = ORIENTED_EDGE('',*,*,#1235,.T.);
#1235 = EDGE_CURVE('',#1228,#1236,#1238,.T.);
#1236 = VERTEX_POINT('',#1237);
#1237 = CARTESIAN_POINT('',(-0.6,0.545,4.E-02));
#1238 = CIRCLE('',#1239,4.E-02);
#1239 = AXIS2_PLACEMENT_3D('',#1240,#1241,#1242);
#1240 = CARTESIAN_POINT('',(-0.6,0.545,8.E-02));
#1241 = DIRECTION('',(-1.,0.,0.));
#1242 = DIRECTION('',(0.,0.,1.));
#1243 = ORIENTED_EDGE('',*,*,#1244,.F.);
#1244 = EDGE_CURVE('',#1185,#1236,#1245,.T.);
#1245 = LINE('',#1246,#1247);
#1246 = CARTESIAN_POINT('',(-0.6,-0.585,4.E-02));
#1247 = VECTOR('',#1248,1.);
#1248 = DIRECTION('',(0.,1.,0.));
#1249 = PLANE('',#1250);
#1250 = AXIS2_PLACEMENT_3D('',#1251,#1252,#1253);
#1251 = CARTESIAN_POINT('',(-0.6,-0.625,0.));
#1252 = DIRECTION('',(1.,0.,0.));
#1253 = DIRECTION('',(0.,0.,1.));
#1254 = ADVANCED_FACE('',(#1255),#1281,.T.);
#1255 = FACE_BOUND('',#1256,.T.);
#1256 = EDGE_LOOP('',(#1257,#1258,#1266,#1275));
#1257 = ORIENTED_EDGE('',*,*,#1182,.T.);
#1258 = ORIENTED_EDGE('',*,*,#1259,.T.);
#1259 = EDGE_CURVE('',#1185,#1260,#1262,.T.);
#1260 = VERTEX_POINT('',#1261);
#1261 = CARTESIAN_POINT('',(0.6,-0.545,4.E-02));
#1262 = LINE('',#1263,#1264);
#1263 = CARTESIAN_POINT('',(-0.6,-0.545,4.E-02));
#1264 = VECTOR('',#1265,1.);
#1265 = DIRECTION('',(1.,0.,0.));
#1266 = ORIENTED_EDGE('',*,*,#1267,.F.);
#1267 = EDGE_CURVE('',#1268,#1260,#1270,.T.);
#1268 = VERTEX_POINT('',#1269);
#1269 = CARTESIAN_POINT('',(0.6,-0.585,8.E-02));
#1270 = CIRCLE('',#1271,4.E-02);
#1271 = AXIS2_PLACEMENT_3D('',#1272,#1273,#1274);
#1272 = CARTESIAN_POINT('',(0.6,-0.545,8.E-02));
#1273 = DIRECTION('',(1.,0.,-0.));
#1274 = DIRECTION('',(0.,0.,1.));
#1275 = ORIENTED_EDGE('',*,*,#1276,.F.);
#1276 = EDGE_CURVE('',#1183,#1268,#1277,.T.);
#1277 = LINE('',#1278,#1279);
#1278 = CARTESIAN_POINT('',(-0.6,-0.585,8.E-02));
#1279 = VECTOR('',#1280,1.);
#1280 = DIRECTION('',(1.,0.,0.));
#1281 = CYLINDRICAL_SURFACE('',#1282,4.E-02);
#1282 = AXIS2_PLACEMENT_3D('',#1283,#1284,#1285);
#1283 = CARTESIAN_POINT('',(-0.6,-0.545,8.E-02));
#1284 = DIRECTION('',(1.,0.,0.));
#1285 = DIRECTION('',(0.,-1.,0.));
#1286 = ADVANCED_FACE('',(#1287),#1305,.F.);
#1287 = FACE_BOUND('',#1288,.F.);
#1288 = EDGE_LOOP('',(#1289,#1290,#1291,#1299));
#1289 = ORIENTED_EDGE('',*,*,#1244,.F.);
#1290 = ORIENTED_EDGE('',*,*,#1259,.T.);
#1291 = ORIENTED_EDGE('',*,*,#1292,.T.);
#1292 = EDGE_CURVE('',#1260,#1293,#1295,.T.);
#1293 = VERTEX_POINT('',#1294);
#1294 = CARTESIAN_POINT('',(0.6,0.545,4.E-02));
#1295 = LINE('',#1296,#1297);
#1296 = CARTESIAN_POINT('',(0.6,-0.585,4.E-02));
#1297 = VECTOR('',#1298,1.);
#1298 = DIRECTION('',(0.,1.,0.));
#1299 = ORIENTED_EDGE('',*,*,#1300,.F.);
#1300 = EDGE_CURVE('',#1236,#1293,#1301,.T.);
#1301 = LINE('',#1302,#1303);
#1302 = CARTESIAN_POINT('',(-0.6,0.545,4.E-02));
#1303 = VECTOR('',#1304,1.);
#1304 = DIRECTION('',(1.,0.,0.));
#1305 = PLANE('',#1306);
#1306 = AXIS2_PLACEMENT_3D('',#1307,#1308,#1309);
#1307 = CARTESIAN_POINT('',(-0.6,-0.585,4.E-02));
#1308 = DIRECTION('',(0.,0.,1.));
#1309 = DIRECTION('',(1.,0.,-0.));
#1310 = ADVANCED_FACE('',(#1311),#1330,.T.);
#1311 = FACE_BOUND('',#1312,.T.);
#1312 = EDGE_LOOP('',(#1313,#1321,#1328,#1329));
#1313 = ORIENTED_EDGE('',*,*,#1314,.T.);
#1314 = EDGE_CURVE('',#1228,#1315,#1317,.T.);
#1315 = VERTEX_POINT('',#1316);
#1316 = CARTESIAN_POINT('',(0.6,0.585,8.E-02));
#1317 = LINE('',#1318,#1319);
#1318 = CARTESIAN_POINT('',(-0.6,0.585,8.E-02));
#1319 = VECTOR('',#1320,1.);
#1320 = DIRECTION('',(1.,0.,0.));
#1321 = ORIENTED_EDGE('',*,*,#1322,.T.);
#1322 = EDGE_CURVE('',#1315,#1293,#1323,.T.);
#1323 = CIRCLE('',#1324,4.E-02);
#1324 = AXIS2_PLACEMENT_3D('',#1325,#1326,#1327);
#1325 = CARTESIAN_POINT('',(0.6,0.545,8.E-02));
#1326 = DIRECTION('',(-1.,0.,0.));
#1327 = DIRECTION('',(0.,0.,1.));
#1328 = ORIENTED_EDGE('',*,*,#1300,.F.);
#1329 = ORIENTED_EDGE('',*,*,#1235,.F.);
#1330 = CYLINDRICAL_SURFACE('',#1331,4.E-02);
#1331 = AXIS2_PLACEMENT_3D('',#1332,#1333,#1334);
#1332 = CARTESIAN_POINT('',(-0.6,0.545,8.E-02));
#1333 = DIRECTION('',(1.,0.,0.));
#1334 = DIRECTION('',(-0.,1.,0.));
#1335 = ADVANCED_FACE('',(#1336),#1354,.T.);
#1336 = FACE_BOUND('',#1337,.T.);
#1337 = EDGE_LOOP('',(#1338,#1346,#1347,#1348));
#1338 = ORIENTED_EDGE('',*,*,#1339,.F.);
#1339 = EDGE_CURVE('',#1315,#1340,#1342,.T.);
#1340 = VERTEX_POINT('',#1341);
#1341 = CARTESIAN_POINT('',(0.6,0.585,1.17));
#1342 = LINE('',#1343,#1344);
#1343 = CARTESIAN_POINT('',(0.6,0.585,4.E-02));
#1344 = VECTOR('',#1345,1.);
#1345 = DIRECTION('',(0.,0.,1.));
#1346 = ORIENTED_EDGE('',*,*,#1314,.F.);
#1347 = ORIENTED_EDGE('',*,*,#1227,.T.);
#1348 = ORIENTED_EDGE('',*,*,#1349,.T.);
#1349 = EDGE_CURVE('',#1219,#1340,#1350,.T.);
#1350 = LINE('',#1351,#1352);
#1351 = CARTESIAN_POINT('',(-0.6,0.585,1.17));
#1352 = VECTOR('',#1353,1.);
#1353 = DIRECTION('',(1.,0.,0.));
#1354 = PLANE('',#1355);
#1355 = AXIS2_PLACEMENT_3D('',#1356,#1357,#1358);
#1356 = CARTESIAN_POINT('',(-0.6,0.585,4.E-02));
#1357 = DIRECTION('',(0.,1.,0.));
#1358 = DIRECTION('',(0.,-0.,1.));
#1359 = ADVANCED_FACE('',(#1360),#1379,.T.);
#1360 = FACE_BOUND('',#1361,.T.);
#1361 = EDGE_LOOP('',(#1362,#1363,#1371,#1378));
#1362 = ORIENTED_EDGE('',*,*,#1218,.T.);
#1363 = ORIENTED_EDGE('',*,*,#1364,.T.);
#1364 = EDGE_CURVE('',#1211,#1365,#1367,.T.);
#1365 = VERTEX_POINT('',#1366);
#1366 = CARTESIAN_POINT('',(0.6,0.545,1.21));
#1367 = LINE('',#1368,#1369);
#1368 = CARTESIAN_POINT('',(-0.6,0.545,1.21));
#1369 = VECTOR('',#1370,1.);
#1370 = DIRECTION('',(1.,0.,0.));
#1371 = ORIENTED_EDGE('',*,*,#1372,.F.);
#1372 = EDGE_CURVE('',#1340,#1365,#1373,.T.);
#1373 = CIRCLE('',#1374,4.E-02);
#1374 = AXIS2_PLACEMENT_3D('',#1375,#1376,#1377);
#1375 = CARTESIAN_POINT('',(0.6,0.545,1.17));
#1376 = DIRECTION('',(1.,0.,-0.));
#1377 = DIRECTION('',(0.,0.,1.));
#1378 = ORIENTED_EDGE('',*,*,#1349,.F.);
#1379 = CYLINDRICAL_SURFACE('',#1380,4.E-02);
#1380 = AXIS2_PLACEMENT_3D('',#1381,#1382,#1383);
#1381 = CARTESIAN_POINT('',(-0.6,0.545,1.17));
#1382 = DIRECTION('',(1.,0.,0.));
#1383 = DIRECTION('',(-0.,1.,0.));
#1384 = ADVANCED_FACE('',(#1385),#1403,.T.);
#1385 = FACE_BOUND('',#1386,.T.);
#1386 = EDGE_LOOP('',(#1387,#1388,#1396,#1402));
#1387 = ORIENTED_EDGE('',*,*,#1210,.F.);
#1388 = ORIENTED_EDGE('',*,*,#1389,.T.);
#1389 = EDGE_CURVE('',#1202,#1390,#1392,.T.);
#1390 = VERTEX_POINT('',#1391);
#1391 = CARTESIAN_POINT('',(0.6,-0.545,1.21));
#1392 = LINE('',#1393,#1394);
#1393 = CARTESIAN_POINT('',(-0.6,-0.545,1.21));
#1394 = VECTOR('',#1395,1.);
#1395 = DIRECTION('',(1.,0.,0.));
#1396 = ORIENTED_EDGE('',*,*,#1397,.T.);
#1397 = EDGE_CURVE('',#1390,#1365,#1398,.T.);
#1398 = LINE('',#1399,#1400);
#1399 = CARTESIAN_POINT('',(0.6,-0.585,1.21));
#1400 = VECTOR('',#1401,1.);
#1401 = DIRECTION('',(0.,1.,0.));
#1402 = ORIENTED_EDGE('',*,*,#1364,.F.);
#1403 = PLANE('',#1404);
#1404 = AXIS2_PLACEMENT_3D('',#1405,#1406,#1407);
#1405 = CARTESIAN_POINT('',(-0.6,-0.585,1.21));
#1406 = DIRECTION('',(0.,0.,1.));
#1407 = DIRECTION('',(1.,0.,-0.));
#1408 = ADVANCED_FACE('',(#1409),#1428,.T.);
#1409 = FACE_BOUND('',#1410,.T.);
#1410 = EDGE_LOOP('',(#1411,#1419,#1426,#1427));
#1411 = ORIENTED_EDGE('',*,*,#1412,.T.);
#1412 = EDGE_CURVE('',#1194,#1413,#1415,.T.);
#1413 = VERTEX_POINT('',#1414);
#1414 = CARTESIAN_POINT('',(0.6,-0.585,1.17));
#1415 = LINE('',#1416,#1417);
#1416 = CARTESIAN_POINT('',(-0.6,-0.585,1.17));
#1417 = VECTOR('',#1418,1.);
#1418 = DIRECTION('',(1.,0.,0.));
#1419 = ORIENTED_EDGE('',*,*,#1420,.T.);
#1420 = EDGE_CURVE('',#1413,#1390,#1421,.T.);
#1421 = CIRCLE('',#1422,4.E-02);
#1422 = AXIS2_PLACEMENT_3D('',#1423,#1424,#1425);
#1423 = CARTESIAN_POINT('',(0.6,-0.545,1.17));
#1424 = DIRECTION('',(-1.,0.,0.));
#1425 = DIRECTION('',(0.,0.,1.));
#1426 = ORIENTED_EDGE('',*,*,#1389,.F.);
#1427 = ORIENTED_EDGE('',*,*,#1201,.F.);
#1428 = CYLINDRICAL_SURFACE('',#1429,4.E-02);
#1429 = AXIS2_PLACEMENT_3D('',#1430,#1431,#1432);
#1430 = CARTESIAN_POINT('',(-0.6,-0.545,1.17));
#1431 = DIRECTION('',(1.,0.,0.));
#1432 = DIRECTION('',(0.,-1.,0.));
#1433 = ADVANCED_FACE('',(#1434),#1445,.F.);
#1434 = FACE_BOUND('',#1435,.F.);
#1435 = EDGE_LOOP('',(#1436,#1442,#1443,#1444));
#1436 = ORIENTED_EDGE('',*,*,#1437,.F.);
#1437 = EDGE_CURVE('',#1268,#1413,#1438,.T.);
#1438 = LINE('',#1439,#1440);
#1439 = CARTESIAN_POINT('',(0.6,-0.585,4.E-02));
#1440 = VECTOR('',#1441,1.);
#1441 = DIRECTION('',(0.,0.,1.));
#1442 = ORIENTED_EDGE('',*,*,#1276,.F.);
#1443 = ORIENTED_EDGE('',*,*,#1193,.T.);
#1444 = ORIENTED_EDGE('',*,*,#1412,.T.);
#1445 = PLANE('',#1446);
#1446 = AXIS2_PLACEMENT_3D('',#1447,#1448,#1449);
#1447 = CARTESIAN_POINT('',(-0.6,-0.585,4.E-02));
#1448 = DIRECTION('',(0.,1.,0.));
#1449 = DIRECTION('',(0.,-0.,1.));
#1450 = ADVANCED_FACE('',(#1451,#1521),#1531,.F.);
#1451 = FACE_BOUND('',#1452,.F.);
#1452 = EDGE_LOOP('',(#1453,#1463,#1472,#1480,#1489,#1497,#1506,#1514));
#1453 = ORIENTED_EDGE('',*,*,#1454,.F.);
#1454 = EDGE_CURVE('',#1455,#1457,#1459,.T.);
#1455 = VERTEX_POINT('',#1456);
#1456 = CARTESIAN_POINT('',(0.6,-0.625,4.E-02));
#1457 = VERTEX_POINT('',#1458);
#1458 = CARTESIAN_POINT('',(0.6,-0.625,1.21));
#1459 = LINE('',#1460,#1461);
#1460 = CARTESIAN_POINT('',(0.6,-0.625,0.));
#1461 = VECTOR('',#1462,1.);
#1462 = DIRECTION('',(0.,0.,1.));
#1463 = ORIENTED_EDGE('',*,*,#1464,.T.);
#1464 = EDGE_CURVE('',#1455,#1465,#1467,.T.);
#1465 = VERTEX_POINT('',#1466);
#1466 = CARTESIAN_POINT('',(0.6,-0.585,0.));
#1467 = CIRCLE('',#1468,4.E-02);
#1468 = AXIS2_PLACEMENT_3D('',#1469,#1470,#1471);
#1469 = CARTESIAN_POINT('',(0.6,-0.585,4.E-02));
#1470 = DIRECTION('',(1.,0.,-0.));
#1471 = DIRECTION('',(0.,0.,1.));
#1472 = ORIENTED_EDGE('',*,*,#1473,.T.);
#1473 = EDGE_CURVE('',#1465,#1474,#1476,.T.);
#1474 = VERTEX_POINT('',#1475);
#1475 = CARTESIAN_POINT('',(0.6,0.585,0.));
#1476 = LINE('',#1477,#1478);
#1477 = CARTESIAN_POINT('',(0.6,-0.625,0.));
#1478 = VECTOR('',#1479,1.);
#1479 = DIRECTION('',(0.,1.,0.));
#1480 = ORIENTED_EDGE('',*,*,#1481,.F.);
#1481 = EDGE_CURVE('',#1482,#1474,#1484,.T.);
#1482 = VERTEX_POINT('',#1483);
#1483 = CARTESIAN_POINT('',(0.6,0.625,4.E-02));
#1484 = CIRCLE('',#1485,4.E-02);
#1485 = AXIS2_PLACEMENT_3D('',#1486,#1487,#1488);
#1486 = CARTESIAN_POINT('',(0.6,0.585,4.E-02));
#1487 = DIRECTION('',(-1.,0.,0.));
#1488 = DIRECTION('',(0.,0.,1.));
#1489 = ORIENTED_EDGE('',*,*,#1490,.T.);
#1490 = EDGE_CURVE('',#1482,#1491,#1493,.T.);
#1491 = VERTEX_POINT('',#1492);
#1492 = CARTESIAN_POINT('',(0.6,0.625,1.21));
#1493 = LINE('',#1494,#1495);
#1494 = CARTESIAN_POINT('',(0.6,0.625,0.));
#1495 = VECTOR('',#1496,1.);
#1496 = DIRECTION('',(0.,0.,1.));
#1497 = ORIENTED_EDGE('',*,*,#1498,.T.);
#1498 = EDGE_CURVE('',#1491,#1499,#1501,.T.);
#1499 = VERTEX_POINT('',#1500);
#1500 = CARTESIAN_POINT('',(0.6,0.585,1.25));
#1501 = CIRCLE('',#1502,4.E-02);
#1502 = AXIS2_PLACEMENT_3D('',#1503,#1504,#1505);
#1503 = CARTESIAN_POINT('',(0.6,0.585,1.21));
#1504 = DIRECTION('',(1.,0.,-0.));
#1505 = DIRECTION('',(0.,0.,1.));
#1506 = ORIENTED_EDGE('',*,*,#1507,.F.);
#1507 = EDGE_CURVE('',#1508,#1499,#1510,.T.);
#1508 = VERTEX_POINT('',#1509);
#1509 = CARTESIAN_POINT('',(0.6,-0.585,1.25));
#1510 = LINE('',#1511,#1512);
#1511 = CARTESIAN_POINT('',(0.6,-0.625,1.25));
#1512 = VECTOR('',#1513,1.);
#1513 = DIRECTION('',(0.,1.,0.));
#1514 = ORIENTED_EDGE('',*,*,#1515,.F.);
#1515 = EDGE_CURVE('',#1457,#1508,#1516,.T.);
#1516 = CIRCLE('',#1517,4.E-02);
#1517 = AXIS2_PLACEMENT_3D('',#1518,#1519,#1520);
#1518 = CARTESIAN_POINT('',(0.6,-0.585,1.21));
#1519 = DIRECTION('',(-1.,0.,0.));
#1520 = DIRECTION('',(0.,0.,1.));
#1521 = FACE_BOUND('',#1522,.F.);
#1522 = EDGE_LOOP('',(#1523,#1524,#1525,#1526,#1527,#1528,#1529,#1530));
#1523 = ORIENTED_EDGE('',*,*,#1267,.F.);
#1524 = ORIENTED_EDGE('',*,*,#1437,.T.);
#1525 = ORIENTED_EDGE('',*,*,#1420,.T.);
#1526 = ORIENTED_EDGE('',*,*,#1397,.T.);
#1527 = ORIENTED_EDGE('',*,*,#1372,.F.);
#1528 = ORIENTED_EDGE('',*,*,#1339,.F.);
#1529 = ORIENTED_EDGE('',*,*,#1322,.T.);
#1530 = ORIENTED_EDGE('',*,*,#1292,.F.);
#1531 = PLANE('',#1532);
#1532 = AXIS2_PLACEMENT_3D('',#1533,#1534,#1535);
#1533 = CARTESIAN_POINT('',(0.6,-0.625,0.));
#1534 = DIRECTION('',(1.,0.,0.));
#1535 = DIRECTION('',(0.,0.,1.));
#1536 = ADVANCED_FACE('',(#1537),#1562,.F.);
#1537 = FACE_BOUND('',#1538,.F.);
#1538 = EDGE_LOOP('',(#1539,#1549,#1555,#1556));
#1539 = ORIENTED_EDGE('',*,*,#1540,.F.);
#1540 = EDGE_CURVE('',#1541,#1543,#1545,.T.);
#1541 = VERTEX_POINT('',#1542);
#1542 = CARTESIAN_POINT('',(1.,-0.625,4.E-02));
#1543 = VERTEX_POINT('',#1544);
#1544 = CARTESIAN_POINT('',(1.,-0.625,1.21));
#1545 = LINE('',#1546,#1547);
#1546 = CARTESIAN_POINT('',(1.,-0.625,0.));
#1547 = VECTOR('',#1548,1.);
#1548 = DIRECTION('',(0.,0.,1.));
#1549 = ORIENTED_EDGE('',*,*,#1550,.F.);
#1550 = EDGE_CURVE('',#1455,#1541,#1551,.T.);
#1551 = LINE('',#1552,#1553);
#1552 = CARTESIAN_POINT('',(0.6,-0.625,4.E-02));
#1553 = VECTOR('',#1554,1.);
#1554 = DIRECTION('',(1.,0.,0.));
#1555 = ORIENTED_EDGE('',*,*,#1454,.T.);
#1556 = ORIENTED_EDGE('',*,*,#1557,.T.);
#1557 = EDGE_CURVE('',#1457,#1543,#1558,.T.);
#1558 = LINE('',#1559,#1560);
#1559 = CARTESIAN_POINT('',(0.6,-0.625,1.21));
#1560 = VECTOR('',#1561,1.);
#1561 = DIRECTION('',(1.,0.,0.));
#1562 = PLANE('',#1563);
#1563 = AXIS2_PLACEMENT_3D('',#1564,#1565,#1566);
#1564 = CARTESIAN_POINT('',(0.6,-0.625,0.));
#1565 = DIRECTION('',(0.,1.,0.));
#1566 = DIRECTION('',(0.,-0.,1.));
#1567 = ADVANCED_FACE('',(#1568),#1587,.T.);
#1568 = FACE_BOUND('',#1569,.T.);
#1569 = EDGE_LOOP('',(#1570,#1571,#1579,#1586));
#1570 = ORIENTED_EDGE('',*,*,#1464,.T.);
#1571 = ORIENTED_EDGE('',*,*,#1572,.T.);
#1572 = EDGE_CURVE('',#1465,#1573,#1575,.T.);
#1573 = VERTEX_POINT('',#1574);
#1574 = CARTESIAN_POINT('',(1.,-0.585,0.));
#1575 = LINE('',#1576,#1577);
#1576 = CARTESIAN_POINT('',(0.6,-0.585,0.));
#1577 = VECTOR('',#1578,1.);
#1578 = DIRECTION('',(1.,0.,0.));
#1579 = ORIENTED_EDGE('',*,*,#1580,.F.);
#1580 = EDGE_CURVE('',#1541,#1573,#1581,.T.);
#1581 = CIRCLE('',#1582,4.E-02);
#1582 = AXIS2_PLACEMENT_3D('',#1583,#1584,#1585);
#1583 = CARTESIAN_POINT('',(1.,-0.585,4.E-02));
#1584 = DIRECTION('',(1.,0.,-0.));
#1585 = DIRECTION('',(0.,0.,1.));
#1586 = ORIENTED_EDGE('',*,*,#1550,.F.);
#1587 = CYLINDRICAL_SURFACE('',#1588,4.E-02);
#1588 = AXIS2_PLACEMENT_3D('',#1589,#1590,#1591);
#1589 = CARTESIAN_POINT('',(0.6,-0.585,4.E-02));
#1590 = DIRECTION('',(1.,0.,0.));
#1591 = DIRECTION('',(0.,-1.,0.));
#1592 = ADVANCED_FACE('',(#1593),#1612,.T.);
#1593 = FACE_BOUND('',#1594,.T.);
#1594 = EDGE_LOOP('',(#1595,#1596,#1605,#1611));
#1595 = ORIENTED_EDGE('',*,*,#1557,.T.);
#1596 = ORIENTED_EDGE('',*,*,#1597,.T.);
#1597 = EDGE_CURVE('',#1543,#1598,#1600,.T.);
#1598 = VERTEX_POINT('',#1599);
#1599 = CARTESIAN_POINT('',(1.,-0.585,1.25));
#1600 = CIRCLE('',#1601,4.E-02);
#1601 = AXIS2_PLACEMENT_3D('',#1602,#1603,#1604);
#1602 = CARTESIAN_POINT('',(1.,-0.585,1.21));
#1603 = DIRECTION('',(-1.,0.,0.));
#1604 = DIRECTION('',(0.,0.,1.));
#1605 = ORIENTED_EDGE('',*,*,#1606,.F.);
#1606 = EDGE_CURVE('',#1508,#1598,#1607,.T.);
#1607 = LINE('',#1608,#1609);
#1608 = CARTESIAN_POINT('',(0.6,-0.585,1.25));
#1609 = VECTOR('',#1610,1.);
#1610 = DIRECTION('',(1.,0.,0.));
#1611 = ORIENTED_EDGE('',*,*,#1515,.F.);
#1612 = CYLINDRICAL_SURFACE('',#1613,4.E-02);
#1613 = AXIS2_PLACEMENT_3D('',#1614,#1615,#1616);
#1614 = CARTESIAN_POINT('',(0.6,-0.585,1.21));
#1615 = DIRECTION('',(1.,0.,0.));
#1616 = DIRECTION('',(0.,-1.,0.));
#1617 = ADVANCED_FACE('',(#1618),#1636,.F.);
#1618 = FACE_BOUND('',#1619,.F.);
#1619 = EDGE_LOOP('',(#1620,#1621,#1622,#1630));
#1620 = ORIENTED_EDGE('',*,*,#1473,.F.);
#1621 = ORIENTED_EDGE('',*,*,#1572,.T.);
#1622 = ORIENTED_EDGE('',*,*,#1623,.T.);
#1623 = EDGE_CURVE('',#1573,#1624,#1626,.T.);
#1624 = VERTEX_POINT('',#1625);
#1625 = CARTESIAN_POINT('',(1.,0.585,0.));
#1626 = LINE('',#1627,#1628);
#1627 = CARTESIAN_POINT('',(1.,-0.625,0.));
#1628 = VECTOR('',#1629,1.);
#1629 = DIRECTION('',(0.,1.,0.));
#1630 = ORIENTED_EDGE('',*,*,#1631,.F.);
#1631 = EDGE_CURVE('',#1474,#1624,#1632,.T.);
#1632 = LINE('',#1633,#1634);
#1633 = CARTESIAN_POINT('',(0.6,0.585,0.));
#1634 = VECTOR('',#1635,1.);
#1635 = DIRECTION('',(1.,0.,0.));
#1636 = PLANE('',#1637);
#1637 = AXIS2_PLACEMENT_3D('',#1638,#1639,#1640);
#1638 = CARTESIAN_POINT('',(0.6,-0.625,0.));
#1639 = DIRECTION('',(0.,0.,1.));
#1640 = DIRECTION('',(1.,0.,-0.));
#1641 = ADVANCED_FACE('',(#1642),#1660,.T.);
#1642 = FACE_BOUND('',#1643,.T.);
#1643 = EDGE_LOOP('',(#1644,#1645,#1646,#1654));
#1644 = ORIENTED_EDGE('',*,*,#1507,.F.);
#1645 = ORIENTED_EDGE('',*,*,#1606,.T.);
#1646 = ORIENTED_EDGE('',*,*,#1647,.T.);
#1647 = EDGE_CURVE('',#1598,#1648,#1650,.T.);
#1648 = VERTEX_POINT('',#1649);
#1649 = CARTESIAN_POINT('',(1.,0.585,1.25));
#1650 = LINE('',#1651,#1652);
#1651 = CARTESIAN_POINT('',(1.,-0.625,1.25));
#1652 = VECTOR('',#1653,1.);
#1653 = DIRECTION('',(0.,1.,0.));
#1654 = ORIENTED_EDGE('',*,*,#1655,.F.);
#1655 = EDGE_CURVE('',#1499,#1648,#1656,.T.);
#1656 = LINE('',#1657,#1658);
#1657 = CARTESIAN_POINT('',(0.6,0.585,1.25));
#1658 = VECTOR('',#1659,1.);
#1659 = DIRECTION('',(1.,0.,0.));
#1660 = PLANE('',#1661);
#1661 = AXIS2_PLACEMENT_3D('',#1662,#1663,#1664);
#1662 = CARTESIAN_POINT('',(0.6,-0.625,1.25));
#1663 = DIRECTION('',(0.,0.,1.));
#1664 = DIRECTION('',(1.,0.,-0.));
#1665 = ADVANCED_FACE('',(#1666),#1685,.T.);
#1666 = FACE_BOUND('',#1667,.T.);
#1667 = EDGE_LOOP('',(#1668,#1676,#1683,#1684));
#1668 = ORIENTED_EDGE('',*,*,#1669,.T.);
#1669 = EDGE_CURVE('',#1482,#1670,#1672,.T.);
#1670 = VERTEX_POINT('',#1671);
#1671 = CARTESIAN_POINT('',(1.,0.625,4.E-02));
#1672 = LINE('',#1673,#1674);
#1673 = CARTESIAN_POINT('',(0.6,0.625,4.E-02));
#1674 = VECTOR('',#1675,1.);
#1675 = DIRECTION('',(1.,0.,0.));
#1676 = ORIENTED_EDGE('',*,*,#1677,.T.);
#1677 = EDGE_CURVE('',#1670,#1624,#1678,.T.);
#1678 = CIRCLE('',#1679,4.E-02);
#1679 = AXIS2_PLACEMENT_3D('',#1680,#1681,#1682);
#1680 = CARTESIAN_POINT('',(1.,0.585,4.E-02));
#1681 = DIRECTION('',(-1.,0.,0.));
#1682 = DIRECTION('',(0.,0.,1.));
#1683 = ORIENTED_EDGE('',*,*,#1631,.F.);
#1684 = ORIENTED_EDGE('',*,*,#1481,.F.);
#1685 = CYLINDRICAL_SURFACE('',#1686,4.E-02);
#1686 = AXIS2_PLACEMENT_3D('',#1687,#1688,#1689);
#1687 = CARTESIAN_POINT('',(0.6,0.585,4.E-02));
#1688 = DIRECTION('',(1.,0.,0.));
#1689 = DIRECTION('',(-0.,1.,0.));
#1690 = ADVANCED_FACE('',(#1691),#1710,.T.);
#1691 = FACE_BOUND('',#1692,.T.);
#1692 = EDGE_LOOP('',(#1693,#1694,#1695,#1704));
#1693 = ORIENTED_EDGE('',*,*,#1498,.T.);
#1694 = ORIENTED_EDGE('',*,*,#1655,.T.);
#1695 = ORIENTED_EDGE('',*,*,#1696,.F.);
#1696 = EDGE_CURVE('',#1697,#1648,#1699,.T.);
#1697 = VERTEX_POINT('',#1698);
#1698 = CARTESIAN_POINT('',(1.,0.625,1.21));
#1699 = CIRCLE('',#1700,4.E-02);
#1700 = AXIS2_PLACEMENT_3D('',#1701,#1702,#1703);
#1701 = CARTESIAN_POINT('',(1.,0.585,1.21));
#1702 = DIRECTION('',(1.,0.,-0.));
#1703 = DIRECTION('',(0.,0.,1.));
#1704 = ORIENTED_EDGE('',*,*,#1705,.F.);
#1705 = EDGE_CURVE('',#1491,#1697,#1706,.T.);
#1706 = LINE('',#1707,#1708);
#1707 = CARTESIAN_POINT('',(0.6,0.625,1.21));
#1708 = VECTOR('',#1709,1.);
#1709 = DIRECTION('',(1.,0.,0.));
#1710 = CYLINDRICAL_SURFACE('',#1711,4.E-02);
#1711 = AXIS2_PLACEMENT_3D('',#1712,#1713,#1714);
#1712 = CARTESIAN_POINT('',(0.6,0.585,1.21));
#1713 = DIRECTION('',(1.,0.,0.));
#1714 = DIRECTION('',(-0.,1.,0.));
#1715 = ADVANCED_FACE('',(#1716),#1727,.T.);
#1716 = FACE_BOUND('',#1717,.T.);
#1717 = EDGE_LOOP('',(#1718,#1724,#1725,#1726));
#1718 = ORIENTED_EDGE('',*,*,#1719,.F.);
#1719 = EDGE_CURVE('',#1670,#1697,#1720,.T.);
#1720 = LINE('',#1721,#1722);
#1721 = CARTESIAN_POINT('',(1.,0.625,0.));
#1722 = VECTOR('',#1723,1.);
#1723 = DIRECTION('',(0.,0.,1.));
#1724 = ORIENTED_EDGE('',*,*,#1669,.F.);
#1725 = ORIENTED_EDGE('',*,*,#1490,.T.);
#1726 = ORIENTED_EDGE('',*,*,#1705,.T.);
#1727 = PLANE('',#1728);
#1728 = AXIS2_PLACEMENT_3D('',#1729,#1730,#1731);
#1729 = CARTESIAN_POINT('',(0.6,0.625,0.));
#1730 = DIRECTION('',(0.,1.,0.));
#1731 = DIRECTION('',(0.,-0.,1.));
#1732 = ADVANCED_FACE('',(#1733),#1743,.T.);
#1733 = FACE_BOUND('',#1734,.T.);
#1734 = EDGE_LOOP('',(#1735,#1736,#1737,#1738,#1739,#1740,#1741,#1742));
#1735 = ORIENTED_EDGE('',*,*,#1540,.F.);
#1736 = ORIENTED_EDGE('',*,*,#1580,.T.);
#1737 = ORIENTED_EDGE('',*,*,#1623,.T.);
#1738 = ORIENTED_EDGE('',*,*,#1677,.F.);
#1739 = ORIENTED_EDGE('',*,*,#1719,.T.);
#1740 = ORIENTED_EDGE('',*,*,#1696,.T.);
#1741 = ORIENTED_EDGE('',*,*,#1647,.F.);
#1742 = ORIENTED_EDGE('',*,*,#1597,.F.);
#1743 = PLANE('',#1744);
#1744 = AXIS2_PLACEMENT_3D('',#1745,#1746,#1747);
#1745 = CARTESIAN_POINT('',(1.,-0.625,0.));
#1746 = DIRECTION('',(1.,0.,0.));
#1747 = DIRECTION('',(0.,0.,1.));
#1748 = ( GEOMETRIC_REPRESENTATION_CONTEXT(3) 
GLOBAL_UNCERTAINTY_ASSIGNED_CONTEXT((#1752)) 
GLOBAL_UNIT_ASSIGNED_CONTEXT((#1749,#1750,#1751)) REPRESENTATION_CONTEXT
('Context #1','3D Context with UNIT and UNCERTAINTY') );
#1749 = ( LENGTH_UNIT() NAMED_UNIT(*) SI_UNIT(.MILLI.,.METRE.) );
#1750 = ( NAMED_UNIT(*) PLANE_ANGLE_UNIT() SI_UNIT($,.RADIAN.) );
#1751 = ( NAMED_UNIT(*) SI_UNIT($,.STERADIAN.) SOLID_ANGLE_UNIT() );
#1752 = UNCERTAINTY_MEASURE_WITH_UNIT(LENGTH_MEASURE(1.E-07),#1749,
  'distance_accuracy_value','confusion accuracy');
#1753 = CONTEXT_DEPENDENT_SHAPE_REPRESENTATION(#1754,#1756);
#1754 = ( REPRESENTATION_RELATIONSHIP('','',#893,#10) 
REPRESENTATION_RELATIONSHIP_WITH_TRANSFORMATION(#1755) 
SHAPE_REPRESENTATION_RELATIONSHIP() );
#1755 = ITEM_DEFINED_TRANSFORMATION('','',#11,#19);
#1756 = PRODUCT_DEFINITION_SHAPE('Placement','Placement of an item',
  #1757);
#1757 = NEXT_ASSEMBLY_USAGE_OCCURRENCE('2','C4','',#5,#888,$);
#1758 = PRODUCT_RELATED_PRODUCT_CATEGORY('part',$,(#890));
#1759 = CONTEXT_DEPENDENT_SHAPE_REPRESENTATION(#1760,#1762);
#1760 = ( REPRESENTATION_RELATIONSHIP('','',#84,#10) 
REPRESENTATION_RELATIONSHIP_WITH_TRANSFORMATION(#1761) 
SHAPE_REPRESENTATION_RELATIONSHIP() );
#1761 = ITEM_DEFINED_TRANSFORMATION('','',#11,#23);
#1762 = PRODUCT_DEFINITION_SHAPE('Placement','Placement of an item',
  #1763);
#1763 = NEXT_ASSEMBLY_USAGE_OCCURRENCE('3','R8','',#5,#79,$);
#1764 = SHAPE_DEFINITION_REPRESENTATION(#1765,#1771);
#1765 = PRODUCT_DEFINITION_SHAPE('','',#1766);
#1766 = PRODUCT_DEFINITION('design','',#1767,#1770);
#1767 = PRODUCT_DEFINITION_FORMATION('','',#1768);
#1768 = PRODUCT('D_SMA','D_SMA','',(#1769));
#1769 = PRODUCT_CONTEXT('',#2,'mechanical');
#1770 = PRODUCT_DEFINITION_CONTEXT('part definition',#2,'design');
#1771 = ADVANCED_BREP_SHAPE_REPRESENTATION('',(#11,#1772),#2980);
#1772 = MANIFOLD_SOLID_BREP('',#1773);
#1773 = CLOSED_SHELL('',(#1774,#1814,#1897,#1922,#1997,#2014,#2031,#2048
    ,#2065,#2082,#2098,#2145,#2180,#2219,#2248,#2287,#2316,#2370,#2413,
    #2436,#2459,#2482,#2533,#2556,#2573,#2647,#2671,#2738,#2750,#2762,
    #2779,#2808,#2831,#2854,#2871,#2893,#2905,#2922,#2939,#2956,#2968));
#1774 = ADVANCED_FACE('',(#1775),#1809,.T.);
#1775 = FACE_BOUND('',#1776,.T.);
#1776 = EDGE_LOOP('',(#1777,#1787,#1795,#1803));
#1777 = ORIENTED_EDGE('',*,*,#1778,.T.);
#1778 = EDGE_CURVE('',#1779,#1781,#1783,.T.);
#1779 = VERTEX_POINT('',#1780);
#1780 = CARTESIAN_POINT('',(1.14,0.75,0.));
#1781 = VERTEX_POINT('',#1782);
#1782 = CARTESIAN_POINT('',(2.353333333333,0.75,-2.775557561563E-17));
#1783 = LINE('',#1784,#1785);
#1784 = CARTESIAN_POINT('',(2.28,0.75,0.));
#1785 = VECTOR('',#1786,1.);
#1786 = DIRECTION('',(1.,-3.445092848398E-16,0.));
#1787 = ORIENTED_EDGE('',*,*,#1788,.T.);
#1788 = EDGE_CURVE('',#1781,#1789,#1791,.T.);
#1789 = VERTEX_POINT('',#1790);
#1790 = CARTESIAN_POINT('',(2.353333333333,-0.75,-2.775557561563E-17));
#1791 = LINE('',#1792,#1793);
#1792 = CARTESIAN_POINT('',(2.353333333333,0.75,-2.775557561563E-17));
#1793 = VECTOR('',#1794,1.);
#1794 = DIRECTION('',(-3.445092848398E-16,-1.,0.));
#1795 = ORIENTED_EDGE('',*,*,#1796,.T.);
#1796 = EDGE_CURVE('',#1789,#1797,#1799,.T.);
#1797 = VERTEX_POINT('',#1798);
#1798 = CARTESIAN_POINT('',(1.14,-0.75,0.));
#1799 = LINE('',#1800,#1801);
#1800 = CARTESIAN_POINT('',(2.28,-0.75,0.));
#1801 = VECTOR('',#1802,1.);
#1802 = DIRECTION('',(-1.,3.445092848398E-16,0.));
#1803 = ORIENTED_EDGE('',*,*,#1804,.T.);
#1804 = EDGE_CURVE('',#1797,#1779,#1805,.T.);
#1805 = LINE('',#1806,#1807);
#1806 = CARTESIAN_POINT('',(1.14,-0.75,0.));
#1807 = VECTOR('',#1808,1.);
#1808 = DIRECTION('',(3.445092848398E-16,1.,0.));
#1809 = PLANE('',#1810);
#1810 = AXIS2_PLACEMENT_3D('',#1811,#1812,#1813);
#1811 = CARTESIAN_POINT('',(1.746666666667,-5.821951347626E-16,
    -7.671995716851E-18));
#1812 = DIRECTION('',(-1.332277103521E-17,5.237186372803E-33,-1.));
#1813 = DIRECTION('',(1.,-2.22044604925E-16,-1.332277103521E-17));
#1814 = ADVANCED_FACE('',(#1815),#1892,.T.);
#1815 = FACE_BOUND('',#1816,.T.);
#1816 = EDGE_LOOP('',(#1817,#1827,#1834,#1835,#1843,#1851,#1861,#1869,
    #1877,#1885));
#1817 = ORIENTED_EDGE('',*,*,#1818,.F.);
#1818 = EDGE_CURVE('',#1819,#1821,#1823,.T.);
#1819 = VERTEX_POINT('',#1820);
#1820 = CARTESIAN_POINT('',(2.5,0.75,0.146666666667));
#1821 = VERTEX_POINT('',#1822);
#1822 = CARTESIAN_POINT('',(2.5,0.75,0.842343333333));
#1823 = LINE('',#1824,#1825);
#1824 = CARTESIAN_POINT('',(2.5,0.75,0.));
#1825 = VECTOR('',#1826,1.);
#1826 = DIRECTION('',(0.,0.,1.));
#1827 = ORIENTED_EDGE('',*,*,#1828,.T.);
#1828 = EDGE_CURVE('',#1819,#1781,#1829,.T.);
#1829 = CIRCLE('',#1830,0.146666666667);
#1830 = AXIS2_PLACEMENT_3D('',#1831,#1832,#1833);
#1831 = CARTESIAN_POINT('',(2.353333333333,0.75,0.146666666667));
#1832 = DIRECTION('',(3.445092848398E-16,1.,-0.));
#1833 = DIRECTION('',(0.,0.,1.));
#1834 = ORIENTED_EDGE('',*,*,#1778,.F.);
#1835 = ORIENTED_EDGE('',*,*,#1836,.T.);
#1836 = EDGE_CURVE('',#1779,#1837,#1839,.T.);
#1837 = VERTEX_POINT('',#1838);
#1838 = CARTESIAN_POINT('',(1.14,0.75,0.22));
#1839 = LINE('',#1840,#1841);
#1840 = CARTESIAN_POINT('',(1.14,0.75,0.));
#1841 = VECTOR('',#1842,1.);
#1842 = DIRECTION('',(0.,0.,1.));
#1843 = ORIENTED_EDGE('',*,*,#1844,.F.);
#1844 = EDGE_CURVE('',#1845,#1837,#1847,.T.);
#1845 = VERTEX_POINT('',#1846);
#1846 = CARTESIAN_POINT('',(2.225259344883,0.75,0.22));
#1847 = LINE('',#1848,#1849);
#1848 = CARTESIAN_POINT('',(2.108163247245,0.75,0.22));
#1849 = VECTOR('',#1850,1.);
#1850 = DIRECTION('',(-1.,4.514825988711E-16,0.));
#1851 = ORIENTED_EDGE('',*,*,#1852,.T.);
#1852 = EDGE_CURVE('',#1845,#1853,#1855,.T.);
#1853 = VERTEX_POINT('',#1854);
#1854 = CARTESIAN_POINT('',(2.225413939802,0.75,0.2222));
#1855 = B_SPLINE_CURVE_WITH_KNOTS('',4,(#1856,#1857,#1858,#1859,#1860),
  .UNSPECIFIED.,.F.,.F.,(5,5),(0.,1.),.PIECEWISE_BEZIER_KNOTS.);
#1856 = CARTESIAN_POINT('',(2.225259344883,0.75,0.22));
#1857 = CARTESIAN_POINT('',(2.238768685756,0.75,0.412247910026));
#1858 = CARTESIAN_POINT('',(2.25227825666,0.75,0.604499093572));
#1859 = CARTESIAN_POINT('',(2.265788033788,0.75,0.796753211837));
#1860 = CARTESIAN_POINT('',(2.279297998531,0.75,0.98901));
#1861 = ORIENTED_EDGE('',*,*,#1862,.T.);
#1862 = EDGE_CURVE('',#1853,#1863,#1865,.T.);
#1863 = VERTEX_POINT('',#1864);
#1864 = CARTESIAN_POINT('',(2.28,0.75,0.2222));
#1865 = LINE('',#1866,#1867);
#1866 = CARTESIAN_POINT('',(1.14,0.75,0.2222));
#1867 = VECTOR('',#1868,1.);
#1868 = DIRECTION('',(1.,-3.445092848398E-16,0.));
#1869 = ORIENTED_EDGE('',*,*,#1870,.T.);
#1870 = EDGE_CURVE('',#1863,#1871,#1873,.T.);
#1871 = VERTEX_POINT('',#1872);
#1872 = CARTESIAN_POINT('',(2.28,0.75,0.98901));
#1873 = LINE('',#1874,#1875);
#1874 = CARTESIAN_POINT('',(2.28,0.75,0.));
#1875 = VECTOR('',#1876,1.);
#1876 = DIRECTION('',(0.,0.,1.));
#1877 = ORIENTED_EDGE('',*,*,#1878,.T.);
#1878 = EDGE_CURVE('',#1871,#1879,#1881,.T.);
#1879 = VERTEX_POINT('',#1880);
#1880 = CARTESIAN_POINT('',(2.353333333333,0.75,0.98901));
#1881 = LINE('',#1882,#1883);
#1882 = CARTESIAN_POINT('',(2.28,0.75,0.98901));
#1883 = VECTOR('',#1884,1.);
#1884 = DIRECTION('',(1.,-3.445092848398E-16,0.));
#1885 = ORIENTED_EDGE('',*,*,#1886,.F.);
#1886 = EDGE_CURVE('',#1821,#1879,#1887,.T.);
#1887 = CIRCLE('',#1888,0.146666666667);
#1888 = AXIS2_PLACEMENT_3D('',#1889,#1890,#1891);
#1889 = CARTESIAN_POINT('',(2.353333333333,0.75,0.842343333333));
#1890 = DIRECTION('',(-3.445092848398E-16,-1.,0.));
#1891 = DIRECTION('',(0.,0.,1.));
#1892 = PLANE('',#1893);
#1893 = AXIS2_PLACEMENT_3D('',#1894,#1895,#1896);
#1894 = CARTESIAN_POINT('',(1.991067149606,0.75,0.303091083877));
#1895 = DIRECTION('',(4.514825988711E-16,1.,5.822139933717E-17));
#1896 = DIRECTION('',(-1.,4.514825988711E-16,0.));
#1897 = ADVANCED_FACE('',(#1898),#1917,.T.);
#1898 = FACE_BOUND('',#1899,.T.);
#1899 = EDGE_LOOP('',(#1900,#1908,#1915,#1916));
#1900 = ORIENTED_EDGE('',*,*,#1901,.T.);
#1901 = EDGE_CURVE('',#1819,#1902,#1904,.T.);
#1902 = VERTEX_POINT('',#1903);
#1903 = CARTESIAN_POINT('',(2.5,-0.75,0.146666666667));
#1904 = LINE('',#1905,#1906);
#1905 = CARTESIAN_POINT('',(2.5,0.75,0.146666666667));
#1906 = VECTOR('',#1907,1.);
#1907 = DIRECTION('',(-3.445092848398E-16,-1.,0.));
#1908 = ORIENTED_EDGE('',*,*,#1909,.T.);
#1909 = EDGE_CURVE('',#1902,#1789,#1910,.T.);
#1910 = CIRCLE('',#1911,0.146666666667);
#1911 = AXIS2_PLACEMENT_3D('',#1912,#1913,#1914);
#1912 = CARTESIAN_POINT('',(2.353333333333,-0.75,0.146666666667));
#1913 = DIRECTION('',(3.445092848398E-16,1.,-0.));
#1914 = DIRECTION('',(0.,0.,1.));
#1915 = ORIENTED_EDGE('',*,*,#1788,.F.);
#1916 = ORIENTED_EDGE('',*,*,#1828,.F.);
#1917 = CYLINDRICAL_SURFACE('',#1918,0.146666666667);
#1918 = AXIS2_PLACEMENT_3D('',#1919,#1920,#1921);
#1919 = CARTESIAN_POINT('',(2.353333333333,0.75,0.146666666667));
#1920 = DIRECTION('',(-3.445092848398E-16,-1.,0.));
#1921 = DIRECTION('',(1.,-3.445092848398E-16,0.));
#1922 = ADVANCED_FACE('',(#1923),#1992,.T.);
#1923 = FACE_BOUND('',#1924,.T.);
#1924 = EDGE_LOOP('',(#1925,#1926,#1934,#1943,#1951,#1959,#1967,#1977,
    #1985,#1991));
#1925 = ORIENTED_EDGE('',*,*,#1909,.F.);
#1926 = ORIENTED_EDGE('',*,*,#1927,.T.);
#1927 = EDGE_CURVE('',#1902,#1928,#1930,.T.);
#1928 = VERTEX_POINT('',#1929);
#1929 = CARTESIAN_POINT('',(2.5,-0.75,0.842343333333));
#1930 = LINE('',#1931,#1932);
#1931 = CARTESIAN_POINT('',(2.5,-0.75,0.));
#1932 = VECTOR('',#1933,1.);
#1933 = DIRECTION('',(0.,0.,1.));
#1934 = ORIENTED_EDGE('',*,*,#1935,.T.);
#1935 = EDGE_CURVE('',#1928,#1936,#1938,.T.);
#1936 = VERTEX_POINT('',#1937);
#1937 = CARTESIAN_POINT('',(2.353333333333,-0.75,0.98901));
#1938 = CIRCLE('',#1939,0.146666666667);
#1939 = AXIS2_PLACEMENT_3D('',#1940,#1941,#1942);
#1940 = CARTESIAN_POINT('',(2.353333333333,-0.75,0.842343333333));
#1941 = DIRECTION('',(-3.445092848398E-16,-1.,0.));
#1942 = DIRECTION('',(0.,0.,1.));
#1943 = ORIENTED_EDGE('',*,*,#1944,.T.);
#1944 = EDGE_CURVE('',#1936,#1945,#1947,.T.);
#1945 = VERTEX_POINT('',#1946);
#1946 = CARTESIAN_POINT('',(2.28,-0.75,0.98901));
#1947 = LINE('',#1948,#1949);
#1948 = CARTESIAN_POINT('',(2.5,-0.75,0.98901));
#1949 = VECTOR('',#1950,1.);
#1950 = DIRECTION('',(-1.,3.445092848398E-16,0.));
#1951 = ORIENTED_EDGE('',*,*,#1952,.F.);
#1952 = EDGE_CURVE('',#1953,#1945,#1955,.T.);
#1953 = VERTEX_POINT('',#1954);
#1954 = CARTESIAN_POINT('',(2.28,-0.75,0.2222));
#1955 = LINE('',#1956,#1957);
#1956 = CARTESIAN_POINT('',(2.28,-0.75,0.));
#1957 = VECTOR('',#1958,1.);
#1958 = DIRECTION('',(0.,0.,1.));
#1959 = ORIENTED_EDGE('',*,*,#1960,.T.);
#1960 = EDGE_CURVE('',#1953,#1961,#1963,.T.);
#1961 = VERTEX_POINT('',#1962);
#1962 = CARTESIAN_POINT('',(2.225413939802,-0.75,0.2222));
#1963 = LINE('',#1964,#1965);
#1964 = CARTESIAN_POINT('',(2.28,-0.75,0.2222));
#1965 = VECTOR('',#1966,1.);
#1966 = DIRECTION('',(-1.,3.445092848398E-16,0.));
#1967 = ORIENTED_EDGE('',*,*,#1968,.F.);
#1968 = EDGE_CURVE('',#1969,#1961,#1971,.T.);
#1969 = VERTEX_POINT('',#1970);
#1970 = CARTESIAN_POINT('',(2.225259344883,-0.75,0.22));
#1971 = B_SPLINE_CURVE_WITH_KNOTS('',4,(#1972,#1973,#1974,#1975,#1976),
  .UNSPECIFIED.,.F.,.F.,(5,5),(0.,1.),.PIECEWISE_BEZIER_KNOTS.);
#1972 = CARTESIAN_POINT('',(2.225259344883,-0.75,0.22));
#1973 = CARTESIAN_POINT('',(2.238768685756,-0.75,0.412247910026));
#1974 = CARTESIAN_POINT('',(2.25227825666,-0.75,0.604499093572));
#1975 = CARTESIAN_POINT('',(2.265788033788,-0.75,0.796753211837));
#1976 = CARTESIAN_POINT('',(2.279297998531,-0.75,0.98901));
#1977 = ORIENTED_EDGE('',*,*,#1978,.F.);
#1978 = EDGE_CURVE('',#1979,#1969,#1981,.T.);
#1979 = VERTEX_POINT('',#1980);
#1980 = CARTESIAN_POINT('',(1.14,-0.75,0.22));
#1981 = LINE('',#1982,#1983);
#1982 = CARTESIAN_POINT('',(2.108163247245,-0.75,0.22));
#1983 = VECTOR('',#1984,1.);
#1984 = DIRECTION('',(1.,-2.844998265321E-16,-0.));
#1985 = ORIENTED_EDGE('',*,*,#1986,.F.);
#1986 = EDGE_CURVE('',#1797,#1979,#1987,.T.);
#1987 = LINE('',#1988,#1989);
#1988 = CARTESIAN_POINT('',(1.14,-0.75,0.));
#1989 = VECTOR('',#1990,1.);
#1990 = DIRECTION('',(0.,0.,1.));
#1991 = ORIENTED_EDGE('',*,*,#1796,.F.);
#1992 = PLANE('',#1993);
#1993 = AXIS2_PLACEMENT_3D('',#1994,#1995,#1996);
#1994 = CARTESIAN_POINT('',(1.991067149606,-0.75,0.303091083877));
#1995 = DIRECTION('',(-2.844998265321E-16,-1.,-7.396066644327E-17));
#1996 = DIRECTION('',(1.642256696039E-32,7.396066644327E-17,-1.));
#1997 = ADVANCED_FACE('',(#1998),#2009,.T.);
#1998 = FACE_BOUND('',#1999,.T.);
#1999 = EDGE_LOOP('',(#2000,#2001,#2002,#2008));
#2000 = ORIENTED_EDGE('',*,*,#1804,.F.);
#2001 = ORIENTED_EDGE('',*,*,#1986,.T.);
#2002 = ORIENTED_EDGE('',*,*,#2003,.F.);
#2003 = EDGE_CURVE('',#1837,#1979,#2004,.T.);
#2004 = LINE('',#2005,#2006);
#2005 = CARTESIAN_POINT('',(1.14,-1.022629672442,0.22));
#2006 = VECTOR('',#2007,1.);
#2007 = DIRECTION('',(-3.445092848398E-16,-1.,0.));
#2008 = ORIENTED_EDGE('',*,*,#1836,.F.);
#2009 = PLANE('',#2010);
#2010 = AXIS2_PLACEMENT_3D('',#2011,#2012,#2013);
#2011 = CARTESIAN_POINT('',(1.14,-0.75,0.));
#2012 = DIRECTION('',(-1.,3.445092848398E-16,0.));
#2013 = DIRECTION('',(3.445092848398E-16,1.,0.));
#2014 = ADVANCED_FACE('',(#2015),#2026,.T.);
#2015 = FACE_BOUND('',#2016,.T.);
#2016 = EDGE_LOOP('',(#2017,#2018,#2024,#2025));
#2017 = ORIENTED_EDGE('',*,*,#1818,.T.);
#2018 = ORIENTED_EDGE('',*,*,#2019,.T.);
#2019 = EDGE_CURVE('',#1821,#1928,#2020,.T.);
#2020 = LINE('',#2021,#2022);
#2021 = CARTESIAN_POINT('',(2.5,0.75,0.842343333333));
#2022 = VECTOR('',#2023,1.);
#2023 = DIRECTION('',(-3.445092848398E-16,-1.,0.));
#2024 = ORIENTED_EDGE('',*,*,#1927,.F.);
#2025 = ORIENTED_EDGE('',*,*,#1901,.F.);
#2026 = PLANE('',#2027);
#2027 = AXIS2_PLACEMENT_3D('',#2028,#2029,#2030);
#2028 = CARTESIAN_POINT('',(2.5,0.75,0.));
#2029 = DIRECTION('',(1.,-3.445092848398E-16,0.));
#2030 = DIRECTION('',(-3.445092848398E-16,-1.,0.));
#2031 = ADVANCED_FACE('',(#2032),#2043,.T.);
#2032 = FACE_BOUND('',#2033,.T.);
#2033 = EDGE_LOOP('',(#2034,#2035,#2041,#2042));
#2034 = ORIENTED_EDGE('',*,*,#1886,.T.);
#2035 = ORIENTED_EDGE('',*,*,#2036,.T.);
#2036 = EDGE_CURVE('',#1879,#1936,#2037,.T.);
#2037 = LINE('',#2038,#2039);
#2038 = CARTESIAN_POINT('',(2.353333333333,0.75,0.98901));
#2039 = VECTOR('',#2040,1.);
#2040 = DIRECTION('',(-3.445092848398E-16,-1.,0.));
#2041 = ORIENTED_EDGE('',*,*,#1935,.F.);
#2042 = ORIENTED_EDGE('',*,*,#2019,.F.);
#2043 = CYLINDRICAL_SURFACE('',#2044,0.146666666667);
#2044 = AXIS2_PLACEMENT_3D('',#2045,#2046,#2047);
#2045 = CARTESIAN_POINT('',(2.353333333333,0.75,0.842343333333));
#2046 = DIRECTION('',(-3.445092848398E-16,-1.,0.));
#2047 = DIRECTION('',(1.,-3.445092848398E-16,0.));
#2048 = ADVANCED_FACE('',(#2049),#2060,.F.);
#2049 = FACE_BOUND('',#2050,.F.);
#2050 = EDGE_LOOP('',(#2051,#2052,#2053,#2054));
#2051 = ORIENTED_EDGE('',*,*,#1878,.T.);
#2052 = ORIENTED_EDGE('',*,*,#2036,.T.);
#2053 = ORIENTED_EDGE('',*,*,#1944,.T.);
#2054 = ORIENTED_EDGE('',*,*,#2055,.T.);
#2055 = EDGE_CURVE('',#1945,#1871,#2056,.T.);
#2056 = LINE('',#2057,#2058);
#2057 = CARTESIAN_POINT('',(2.28,-0.75,0.98901));
#2058 = VECTOR('',#2059,1.);
#2059 = DIRECTION('',(3.445092848398E-16,1.,0.));
#2060 = PLANE('',#2061);
#2061 = AXIS2_PLACEMENT_3D('',#2062,#2063,#2064);
#2062 = CARTESIAN_POINT('',(2.39,-6.661338147751E-16,0.98901));
#2063 = DIRECTION('',(0.,0.,-1.));
#2064 = DIRECTION('',(3.445092848398E-16,1.,0.));
#2065 = ADVANCED_FACE('',(#2066),#2077,.T.);
#2066 = FACE_BOUND('',#2067,.T.);
#2067 = EDGE_LOOP('',(#2068,#2074,#2075,#2076));
#2068 = ORIENTED_EDGE('',*,*,#2069,.T.);
#2069 = EDGE_CURVE('',#1863,#1953,#2070,.T.);
#2070 = LINE('',#2071,#2072);
#2071 = CARTESIAN_POINT('',(2.28,0.75,0.2222));
#2072 = VECTOR('',#2073,1.);
#2073 = DIRECTION('',(-3.445092848398E-16,-1.,0.));
#2074 = ORIENTED_EDGE('',*,*,#1952,.T.);
#2075 = ORIENTED_EDGE('',*,*,#2055,.T.);
#2076 = ORIENTED_EDGE('',*,*,#1870,.F.);
#2077 = PLANE('',#2078);
#2078 = AXIS2_PLACEMENT_3D('',#2079,#2080,#2081);
#2079 = CARTESIAN_POINT('',(2.28,-0.75,0.));
#2080 = DIRECTION('',(-1.,3.445092848398E-16,0.));
#2081 = DIRECTION('',(3.445092848398E-16,1.,0.));
#2082 = ADVANCED_FACE('',(#2083),#2093,.F.);
#2083 = FACE_BOUND('',#2084,.F.);
#2084 = EDGE_LOOP('',(#2085,#2090,#2091,#2092));
#2085 = ORIENTED_EDGE('',*,*,#2086,.F.);
#2086 = EDGE_CURVE('',#1853,#1961,#2087,.T.);
#2087 = B_SPLINE_CURVE_WITH_KNOTS('',1,(#2088,#2089),.UNSPECIFIED.,.F.,
  .F.,(2,2),(0.,1.),.PIECEWISE_BEZIER_KNOTS.);
#2088 = CARTESIAN_POINT('',(2.225413939802,0.75,0.2222));
#2089 = CARTESIAN_POINT('',(2.225413939802,-0.75,0.2222));
#2090 = ORIENTED_EDGE('',*,*,#1862,.T.);
#2091 = ORIENTED_EDGE('',*,*,#2069,.T.);
#2092 = ORIENTED_EDGE('',*,*,#1960,.T.);
#2093 = PLANE('',#2094);
#2094 = AXIS2_PLACEMENT_3D('',#2095,#2096,#2097);
#2095 = CARTESIAN_POINT('',(1.71,-5.551115123126E-16,0.2222));
#2096 = DIRECTION('',(0.,0.,-1.));
#2097 = DIRECTION('',(3.445092848398E-16,1.,0.));
#2098 = ADVANCED_FACE('',(#2099),#2140,.T.);
#2099 = FACE_BOUND('',#2100,.T.);
#2100 = EDGE_LOOP('',(#2101,#2110,#2116,#2117,#2118,#2119,#2127,#2134));
#2101 = ORIENTED_EDGE('',*,*,#2102,.F.);
#2102 = EDGE_CURVE('',#2103,#2105,#2107,.T.);
#2103 = VERTEX_POINT('',#2104);
#2104 = CARTESIAN_POINT('',(2.225259344883,-1.295259344883,0.22));
#2105 = VERTEX_POINT('',#2106);
#2106 = CARTESIAN_POINT('',(2.28,-1.35,0.999));
#2107 = B_SPLINE_CURVE_WITH_KNOTS('',1,(#2108,#2109),.UNSPECIFIED.,.F.,
  .F.,(2,2),(0.,1.),.PIECEWISE_BEZIER_KNOTS.);
#2108 = CARTESIAN_POINT('',(2.225259344883,-1.295259344883,0.22));
#2109 = CARTESIAN_POINT('',(2.28,-1.35,0.999));
#2110 = ORIENTED_EDGE('',*,*,#2111,.T.);
#2111 = EDGE_CURVE('',#2103,#1969,#2112,.T.);
#2112 = LINE('',#2113,#2114);
#2113 = CARTESIAN_POINT('',(2.225259344883,-1.295259344883,0.22));
#2114 = VECTOR('',#2115,1.);
#2115 = DIRECTION('',(2.22044604925E-16,1.,0.));
#2116 = ORIENTED_EDGE('',*,*,#1968,.T.);
#2117 = ORIENTED_EDGE('',*,*,#2086,.F.);
#2118 = ORIENTED_EDGE('',*,*,#1852,.F.);
#2119 = ORIENTED_EDGE('',*,*,#2120,.T.);
#2120 = EDGE_CURVE('',#1845,#2121,#2123,.T.);
#2121 = VERTEX_POINT('',#2122);
#2122 = CARTESIAN_POINT('',(2.225259344883,1.295259344883,0.22));
#2123 = LINE('',#2124,#2125);
#2124 = CARTESIAN_POINT('',(2.225259344883,-1.295259344883,0.22));
#2125 = VECTOR('',#2126,1.);
#2126 = DIRECTION('',(2.22044604925E-16,1.,0.));
#2127 = ORIENTED_EDGE('',*,*,#2128,.T.);
#2128 = EDGE_CURVE('',#2121,#2129,#2131,.T.);
#2129 = VERTEX_POINT('',#2130);
#2130 = CARTESIAN_POINT('',(2.28,1.35,0.999));
#2131 = B_SPLINE_CURVE_WITH_KNOTS('',1,(#2132,#2133),.UNSPECIFIED.,.F.,
  .F.,(2,2),(0.,1.),.PIECEWISE_BEZIER_KNOTS.);
#2132 = CARTESIAN_POINT('',(2.225259344883,1.295259344883,0.22));
#2133 = CARTESIAN_POINT('',(2.28,1.35,0.999));
#2134 = ORIENTED_EDGE('',*,*,#2135,.F.);
#2135 = EDGE_CURVE('',#2105,#2129,#2136,.T.);
#2136 = LINE('',#2137,#2138);
#2137 = CARTESIAN_POINT('',(2.28,-1.35,0.999));
#2138 = VECTOR('',#2139,1.);
#2139 = DIRECTION('',(2.22044604925E-16,1.,0.));
#2140 = B_SPLINE_SURFACE_WITH_KNOTS('',1,1,(
    (#2141,#2142)
    ,(#2143,#2144
    )),.UNSPECIFIED.,.F.,.F.,.F.,(2,2),(2,2),(0.,2.7),(0.,1.),
  .PIECEWISE_BEZIER_KNOTS.);
#2141 = CARTESIAN_POINT('',(2.225259344883,-1.295259344883,0.22));
#2142 = CARTESIAN_POINT('',(2.28,-1.35,0.999));
#2143 = CARTESIAN_POINT('',(2.225259344883,1.295259344883,0.22));
#2144 = CARTESIAN_POINT('',(2.28,1.35,0.999));
#2145 = ADVANCED_FACE('',(#2146),#2175,.T.);
#2146 = FACE_BOUND('',#2147,.T.);
#2147 = EDGE_LOOP('',(#2148,#2149,#2157,#2165,#2171,#2172,#2173,#2174));
#2148 = ORIENTED_EDGE('',*,*,#2111,.F.);
#2149 = ORIENTED_EDGE('',*,*,#2150,.F.);
#2150 = EDGE_CURVE('',#2151,#2103,#2153,.T.);
#2151 = VERTEX_POINT('',#2152);
#2152 = CARTESIAN_POINT('',(1.1,-1.295259344883,0.22));
#2153 = LINE('',#2154,#2155);
#2154 = CARTESIAN_POINT('',(-2.225259344883,-1.295259344883,0.22));
#2155 = VECTOR('',#2156,1.);
#2156 = DIRECTION('',(1.,-2.22044604925E-16,0.));
#2157 = ORIENTED_EDGE('',*,*,#2158,.T.);
#2158 = EDGE_CURVE('',#2151,#2159,#2161,.T.);
#2159 = VERTEX_POINT('',#2160);
#2160 = CARTESIAN_POINT('',(1.1,1.295259344883,0.22));
#2161 = LINE('',#2162,#2163);
#2162 = CARTESIAN_POINT('',(1.1,-1.295259344883,0.22));
#2163 = VECTOR('',#2164,1.);
#2164 = DIRECTION('',(2.22044604925E-16,1.,0.));
#2165 = ORIENTED_EDGE('',*,*,#2166,.F.);
#2166 = EDGE_CURVE('',#2121,#2159,#2167,.T.);
#2167 = LINE('',#2168,#2169);
#2168 = CARTESIAN_POINT('',(2.225259344883,1.295259344883,0.22));
#2169 = VECTOR('',#2170,1.);
#2170 = DIRECTION('',(-1.,2.22044604925E-16,0.));
#2171 = ORIENTED_EDGE('',*,*,#2120,.F.);
#2172 = ORIENTED_EDGE('',*,*,#1844,.T.);
#2173 = ORIENTED_EDGE('',*,*,#2003,.T.);
#2174 = ORIENTED_EDGE('',*,*,#1978,.T.);
#2175 = PLANE('',#2176);
#2176 = AXIS2_PLACEMENT_3D('',#2177,#2178,#2179);
#2177 = CARTESIAN_POINT('',(2.225259344883,-1.295259344883,0.22));
#2178 = DIRECTION('',(0.,0.,-1.));
#2179 = DIRECTION('',(-0.864253276514,0.503056929218,0.));
#2180 = ADVANCED_FACE('',(#2181),#2214,.T.);
#2181 = FACE_BOUND('',#2182,.T.);
#2182 = EDGE_LOOP('',(#2183,#2193,#2199,#2200,#2201,#2209));
#2183 = ORIENTED_EDGE('',*,*,#2184,.T.);
#2184 = EDGE_CURVE('',#2185,#2187,#2189,.T.);
#2185 = VERTEX_POINT('',#2186);
#2186 = CARTESIAN_POINT('',(-2.225259344883,-1.295259344883,0.22));
#2187 = VERTEX_POINT('',#2188);
#2188 = CARTESIAN_POINT('',(-1.1,-1.295259344883,0.22));
#2189 = LINE('',#2190,#2191);
#2190 = CARTESIAN_POINT('',(-2.225259344883,-1.295259344883,0.22));
#2191 = VECTOR('',#2192,1.);
#2192 = DIRECTION('',(1.,-2.22044604925E-16,0.));
#2193 = ORIENTED_EDGE('',*,*,#2194,.T.);
#2194 = EDGE_CURVE('',#2187,#2151,#2195,.T.);
#2195 = LINE('',#2196,#2197);
#2196 = CARTESIAN_POINT('',(-1.1,-1.295259344883,0.22));
#2197 = VECTOR('',#2198,1.);
#2198 = DIRECTION('',(1.,-2.22044604925E-16,0.));
#2199 = ORIENTED_EDGE('',*,*,#2150,.T.);
#2200 = ORIENTED_EDGE('',*,*,#2102,.T.);
#2201 = ORIENTED_EDGE('',*,*,#2202,.F.);
#2202 = EDGE_CURVE('',#2203,#2105,#2205,.T.);
#2203 = VERTEX_POINT('',#2204);
#2204 = CARTESIAN_POINT('',(-2.28,-1.35,0.999));
#2205 = LINE('',#2206,#2207);
#2206 = CARTESIAN_POINT('',(-2.28,-1.35,0.999));
#2207 = VECTOR('',#2208,1.);
#2208 = DIRECTION('',(1.,-2.22044604925E-16,0.));
#2209 = ORIENTED_EDGE('',*,*,#2210,.F.);
#2210 = EDGE_CURVE('',#2185,#2203,#2211,.T.);
#2211 = B_SPLINE_CURVE_WITH_KNOTS('',1,(#2212,#2213),.UNSPECIFIED.,.F.,
  .F.,(2,2),(0.,1.),.PIECEWISE_BEZIER_KNOTS.);
#2212 = CARTESIAN_POINT('',(-2.225259344883,-1.295259344883,0.22));
#2213 = CARTESIAN_POINT('',(-2.28,-1.35,0.999));
#2214 = B_SPLINE_SURFACE_WITH_KNOTS('',1,1,(
    (#2215,#2216)
    ,(#2217,#2218
    )),.UNSPECIFIED.,.F.,.F.,.F.,(2,2),(2,2),(0.,4.56),(0.,1.),
  .PIECEWISE_BEZIER_KNOTS.);
#2215 = CARTESIAN_POINT('',(-2.225259344883,-1.295259344883,0.22));
#2216 = CARTESIAN_POINT('',(-2.28,-1.35,0.999));
#2217 = CARTESIAN_POINT('',(2.225259344883,-1.295259344883,0.22));
#2218 = CARTESIAN_POINT('',(2.28,-1.35,0.999));
#2219 = ADVANCED_FACE('',(#2220),#2243,.T.);
#2220 = FACE_BOUND('',#2221,.T.);
#2221 = EDGE_LOOP('',(#2222,#2223,#2230,#2238));
#2222 = ORIENTED_EDGE('',*,*,#2135,.T.);
#2223 = ORIENTED_EDGE('',*,*,#2224,.T.);
#2224 = EDGE_CURVE('',#2129,#2225,#2227,.T.);
#2225 = VERTEX_POINT('',#2226);
#2226 = CARTESIAN_POINT('',(2.194199820414,1.264199820414,2.22));
#2227 = B_SPLINE_CURVE_WITH_KNOTS('',1,(#2228,#2229),.UNSPECIFIED.,.F.,
  .F.,(2,2),(0.,1.),.PIECEWISE_BEZIER_KNOTS.);
#2228 = CARTESIAN_POINT('',(2.28,1.35,0.999));
#2229 = CARTESIAN_POINT('',(2.194199820414,1.264199820414,2.22));
#2230 = ORIENTED_EDGE('',*,*,#2231,.F.);
#2231 = EDGE_CURVE('',#2232,#2225,#2234,.T.);
#2232 = VERTEX_POINT('',#2233);
#2233 = CARTESIAN_POINT('',(2.194199820414,-1.264199820414,2.22));
#2234 = LINE('',#2235,#2236);
#2235 = CARTESIAN_POINT('',(2.194199820414,-1.264199820414,2.22));
#2236 = VECTOR('',#2237,1.);
#2237 = DIRECTION('',(2.22044604925E-16,1.,0.));
#2238 = ORIENTED_EDGE('',*,*,#2239,.F.);
#2239 = EDGE_CURVE('',#2105,#2232,#2240,.T.);
#2240 = B_SPLINE_CURVE_WITH_KNOTS('',1,(#2241,#2242),.UNSPECIFIED.,.F.,
  .F.,(2,2),(0.,1.),.PIECEWISE_BEZIER_KNOTS.);
#2241 = CARTESIAN_POINT('',(2.28,-1.35,0.999));
#2242 = CARTESIAN_POINT('',(2.194199820414,-1.264199820414,2.22));
#2243 = B_SPLINE_SURFACE_WITH_KNOTS('',1,1,(
    (#2244,#2245)
    ,(#2246,#2247
    )),.UNSPECIFIED.,.F.,.F.,.F.,(2,2),(2,2),(0.,2.7),(0.,1.),
  .PIECEWISE_BEZIER_KNOTS.);
#2244 = CARTESIAN_POINT('',(2.28,-1.35,0.999));
#2245 = CARTESIAN_POINT('',(2.194199820414,-1.264199820414,2.22));
#2246 = CARTESIAN_POINT('',(2.28,1.35,0.999));
#2247 = CARTESIAN_POINT('',(2.194199820414,1.264199820414,2.22));
#2248 = ADVANCED_FACE('',(#2249),#2282,.T.);
#2249 = FACE_BOUND('',#2250,.T.);
#2250 = EDGE_LOOP('',(#2251,#2252,#2260,#2268,#2275,#2281));
#2251 = ORIENTED_EDGE('',*,*,#2166,.T.);
#2252 = ORIENTED_EDGE('',*,*,#2253,.T.);
#2253 = EDGE_CURVE('',#2159,#2254,#2256,.T.);
#2254 = VERTEX_POINT('',#2255);
#2255 = CARTESIAN_POINT('',(-1.1,1.295259344883,0.22));
#2256 = LINE('',#2257,#2258);
#2257 = CARTESIAN_POINT('',(1.1,1.295259344883,0.22));
#2258 = VECTOR('',#2259,1.);
#2259 = DIRECTION('',(-1.,2.22044604925E-16,0.));
#2260 = ORIENTED_EDGE('',*,*,#2261,.T.);
#2261 = EDGE_CURVE('',#2254,#2262,#2264,.T.);
#2262 = VERTEX_POINT('',#2263);
#2263 = CARTESIAN_POINT('',(-2.225259344883,1.295259344883,0.22));
#2264 = LINE('',#2265,#2266);
#2265 = CARTESIAN_POINT('',(2.225259344883,1.295259344883,0.22));
#2266 = VECTOR('',#2267,1.);
#2267 = DIRECTION('',(-1.,2.22044604925E-16,0.));
#2268 = ORIENTED_EDGE('',*,*,#2269,.T.);
#2269 = EDGE_CURVE('',#2262,#2270,#2272,.T.);
#2270 = VERTEX_POINT('',#2271);
#2271 = CARTESIAN_POINT('',(-2.28,1.35,0.999));
#2272 = B_SPLINE_CURVE_WITH_KNOTS('',1,(#2273,#2274),.UNSPECIFIED.,.F.,
  .F.,(2,2),(0.,1.),.PIECEWISE_BEZIER_KNOTS.);
#2273 = CARTESIAN_POINT('',(-2.225259344883,1.295259344883,0.22));
#2274 = CARTESIAN_POINT('',(-2.28,1.35,0.999));
#2275 = ORIENTED_EDGE('',*,*,#2276,.F.);
#2276 = EDGE_CURVE('',#2129,#2270,#2277,.T.);
#2277 = LINE('',#2278,#2279);
#2278 = CARTESIAN_POINT('',(2.28,1.35,0.999));
#2279 = VECTOR('',#2280,1.);
#2280 = DIRECTION('',(-1.,2.22044604925E-16,0.));
#2281 = ORIENTED_EDGE('',*,*,#2128,.F.);
#2282 = B_SPLINE_SURFACE_WITH_KNOTS('',1,1,(
    (#2283,#2284)
    ,(#2285,#2286
    )),.UNSPECIFIED.,.F.,.F.,.F.,(2,2),(2,2),(0.,4.56),(0.,1.),
  .PIECEWISE_BEZIER_KNOTS.);
#2283 = CARTESIAN_POINT('',(2.225259344883,1.295259344883,0.22));
#2284 = CARTESIAN_POINT('',(2.28,1.35,0.999));
#2285 = CARTESIAN_POINT('',(-2.225259344883,1.295259344883,0.22));
#2286 = CARTESIAN_POINT('',(-2.28,1.35,0.999));
#2287 = ADVANCED_FACE('',(#2288),#2311,.T.);
#2288 = FACE_BOUND('',#2289,.T.);
#2289 = EDGE_LOOP('',(#2290,#2300,#2305,#2306));
#2290 = ORIENTED_EDGE('',*,*,#2291,.T.);
#2291 = EDGE_CURVE('',#2292,#2294,#2296,.T.);
#2292 = VERTEX_POINT('',#2293);
#2293 = CARTESIAN_POINT('',(1.1,-1.279799853066,0.));
#2294 = VERTEX_POINT('',#2295);
#2295 = CARTESIAN_POINT('',(1.1,1.279799853066,0.));
#2296 = LINE('',#2297,#2298);
#2297 = CARTESIAN_POINT('',(1.1,-1.279799853066,0.));
#2298 = VECTOR('',#2299,1.);
#2299 = DIRECTION('',(2.22044604925E-16,1.,0.));
#2300 = ORIENTED_EDGE('',*,*,#2301,.T.);
#2301 = EDGE_CURVE('',#2294,#2159,#2302,.T.);
#2302 = B_SPLINE_CURVE_WITH_KNOTS('',1,(#2303,#2304),.UNSPECIFIED.,.F.,
  .F.,(2,2),(0.,1.),.PIECEWISE_BEZIER_KNOTS.);
#2303 = CARTESIAN_POINT('',(1.1,1.279799853066,0.));
#2304 = CARTESIAN_POINT('',(1.1,1.295259344883,0.22));
#2305 = ORIENTED_EDGE('',*,*,#2158,.F.);
#2306 = ORIENTED_EDGE('',*,*,#2307,.F.);
#2307 = EDGE_CURVE('',#2292,#2151,#2308,.T.);
#2308 = B_SPLINE_CURVE_WITH_KNOTS('',1,(#2309,#2310),.UNSPECIFIED.,.F.,
  .F.,(2,2),(0.,1.),.PIECEWISE_BEZIER_KNOTS.);
#2309 = CARTESIAN_POINT('',(1.1,-1.279799853066,0.));
#2310 = CARTESIAN_POINT('',(1.1,-1.295259344883,0.22));
#2311 = B_SPLINE_SURFACE_WITH_KNOTS('',1,1,(
    (#2312,#2313)
    ,(#2314,#2315
    )),.UNSPECIFIED.,.F.,.F.,.F.,(2,2),(2,2),(0.,2.590518689767),(0.,1.)
  ,.PIECEWISE_BEZIER_KNOTS.);
#2312 = CARTESIAN_POINT('',(1.1,-1.279799853066,0.));
#2313 = CARTESIAN_POINT('',(1.1,-1.295259344883,0.22));
#2314 = CARTESIAN_POINT('',(1.1,1.279799853066,0.));
#2315 = CARTESIAN_POINT('',(1.1,1.295259344883,0.22));
#2316 = ADVANCED_FACE('',(#2317),#2365,.T.);
#2317 = FACE_BOUND('',#2318,.T.);
#2318 = EDGE_LOOP('',(#2319,#2320,#2326,#2327,#2335,#2343,#2351,#2359));
#2319 = ORIENTED_EDGE('',*,*,#2261,.F.);
#2320 = ORIENTED_EDGE('',*,*,#2321,.T.);
#2321 = EDGE_CURVE('',#2254,#2187,#2322,.T.);
#2322 = LINE('',#2323,#2324);
#2323 = CARTESIAN_POINT('',(-1.1,1.295259344883,0.22));
#2324 = VECTOR('',#2325,1.);
#2325 = DIRECTION('',(-2.22044604925E-16,-1.,0.));
#2326 = ORIENTED_EDGE('',*,*,#2184,.F.);
#2327 = ORIENTED_EDGE('',*,*,#2328,.F.);
#2328 = EDGE_CURVE('',#2329,#2185,#2331,.T.);
#2329 = VERTEX_POINT('',#2330);
#2330 = CARTESIAN_POINT('',(-2.225259344883,-0.75,0.22));
#2331 = LINE('',#2332,#2333);
#2332 = CARTESIAN_POINT('',(-2.225259344883,1.295259344883,0.22));
#2333 = VECTOR('',#2334,1.);
#2334 = DIRECTION('',(-2.22044604925E-16,-1.,0.));
#2335 = ORIENTED_EDGE('',*,*,#2336,.T.);
#2336 = EDGE_CURVE('',#2329,#2337,#2339,.T.);
#2337 = VERTEX_POINT('',#2338);
#2338 = CARTESIAN_POINT('',(-1.14,-0.75,0.22));
#2339 = LINE('',#2340,#2341);
#2340 = CARTESIAN_POINT('',(0.117096097639,-0.75,0.22));
#2341 = VECTOR('',#2342,1.);
#2342 = DIRECTION('',(1.,-2.22044604925E-16,0.));
#2343 = ORIENTED_EDGE('',*,*,#2344,.T.);
#2344 = EDGE_CURVE('',#2337,#2345,#2347,.T.);
#2345 = VERTEX_POINT('',#2346);
#2346 = CARTESIAN_POINT('',(-1.14,0.75,0.22));
#2347 = LINE('',#2348,#2349);
#2348 = CARTESIAN_POINT('',(-1.14,-0.272629672442,0.22));
#2349 = VECTOR('',#2350,1.);
#2350 = DIRECTION('',(2.22044604925E-16,1.,0.));
#2351 = ORIENTED_EDGE('',*,*,#2352,.T.);
#2352 = EDGE_CURVE('',#2345,#2353,#2355,.T.);
#2353 = VERTEX_POINT('',#2354);
#2354 = CARTESIAN_POINT('',(-2.225259344883,0.75,0.22));
#2355 = LINE('',#2356,#2357);
#2356 = CARTESIAN_POINT('',(0.117096097639,0.75,0.22));
#2357 = VECTOR('',#2358,1.);
#2358 = DIRECTION('',(-1.,2.22044604925E-16,0.));
#2359 = ORIENTED_EDGE('',*,*,#2360,.F.);
#2360 = EDGE_CURVE('',#2262,#2353,#2361,.T.);
#2361 = LINE('',#2362,#2363);
#2362 = CARTESIAN_POINT('',(-2.225259344883,1.295259344883,0.22));
#2363 = VECTOR('',#2364,1.);
#2364 = DIRECTION('',(-2.22044604925E-16,-1.,0.));
#2365 = PLANE('',#2366);
#2366 = AXIS2_PLACEMENT_3D('',#2367,#2368,#2369);
#2367 = CARTESIAN_POINT('',(2.225259344883,-1.295259344883,0.22));
#2368 = DIRECTION('',(0.,0.,-1.));
#2369 = DIRECTION('',(-0.864253276514,0.503056929218,0.));
#2370 = ADVANCED_FACE('',(#2371),#2408,.T.);
#2371 = FACE_BOUND('',#2372,.T.);
#2372 = EDGE_LOOP('',(#2373,#2374,#2375,#2385,#2392,#2400,#2401,#2402));
#2373 = ORIENTED_EDGE('',*,*,#2269,.F.);
#2374 = ORIENTED_EDGE('',*,*,#2360,.T.);
#2375 = ORIENTED_EDGE('',*,*,#2376,.T.);
#2376 = EDGE_CURVE('',#2353,#2377,#2379,.T.);
#2377 = VERTEX_POINT('',#2378);
#2378 = CARTESIAN_POINT('',(-2.225413939802,0.75,0.2222));
#2379 = B_SPLINE_CURVE_WITH_KNOTS('',4,(#2380,#2381,#2382,#2383,#2384),
  .UNSPECIFIED.,.F.,.F.,(5,5),(0.,1.),.PIECEWISE_BEZIER_KNOTS.);
#2380 = CARTESIAN_POINT('',(-2.225259344883,0.75,0.22));
#2381 = CARTESIAN_POINT('',(-2.238768685756,0.75,0.412247910026));
#2382 = CARTESIAN_POINT('',(-2.25227825666,0.75,0.604499093572));
#2383 = CARTESIAN_POINT('',(-2.265788033788,0.75,0.796753211837));
#2384 = CARTESIAN_POINT('',(-2.279297998531,0.75,0.98901));
#2385 = ORIENTED_EDGE('',*,*,#2386,.F.);
#2386 = EDGE_CURVE('',#2387,#2377,#2389,.T.);
#2387 = VERTEX_POINT('',#2388);
#2388 = CARTESIAN_POINT('',(-2.225413939802,-0.75,0.2222));
#2389 = B_SPLINE_CURVE_WITH_KNOTS('',1,(#2390,#2391),.UNSPECIFIED.,.F.,
  .F.,(2,2),(0.,1.),.PIECEWISE_BEZIER_KNOTS.);
#2390 = CARTESIAN_POINT('',(-2.225413939802,-0.75,0.2222));
#2391 = CARTESIAN_POINT('',(-2.225413939802,0.75,0.2222));
#2392 = ORIENTED_EDGE('',*,*,#2393,.F.);
#2393 = EDGE_CURVE('',#2329,#2387,#2394,.T.);
#2394 = B_SPLINE_CURVE_WITH_KNOTS('',4,(#2395,#2396,#2397,#2398,#2399),
  .UNSPECIFIED.,.F.,.F.,(5,5),(0.,1.),.PIECEWISE_BEZIER_KNOTS.);
#2395 = CARTESIAN_POINT('',(-2.225259344883,-0.75,0.22));
#2396 = CARTESIAN_POINT('',(-2.238768685756,-0.75,0.412247910026));
#2397 = CARTESIAN_POINT('',(-2.25227825666,-0.75,0.604499093572));
#2398 = CARTESIAN_POINT('',(-2.265788033788,-0.75,0.796753211837));
#2399 = CARTESIAN_POINT('',(-2.279297998531,-0.75,0.98901));
#2400 = ORIENTED_EDGE('',*,*,#2328,.T.);
#2401 = ORIENTED_EDGE('',*,*,#2210,.T.);
#2402 = ORIENTED_EDGE('',*,*,#2403,.F.);
#2403 = EDGE_CURVE('',#2270,#2203,#2404,.T.);
#2404 = LINE('',#2405,#2406);
#2405 = CARTESIAN_POINT('',(-2.28,1.35,0.999));
#2406 = VECTOR('',#2407,1.);
#2407 = DIRECTION('',(-2.22044604925E-16,-1.,0.));
#2408 = B_SPLINE_SURFACE_WITH_KNOTS('',1,1,(
    (#2409,#2410)
    ,(#2411,#2412
    )),.UNSPECIFIED.,.F.,.F.,.F.,(2,2),(2,2),(0.,2.7),(0.,1.),
  .PIECEWISE_BEZIER_KNOTS.);
#2409 = CARTESIAN_POINT('',(-2.225259344883,1.295259344883,0.22));
#2410 = CARTESIAN_POINT('',(-2.28,1.35,0.999));
#2411 = CARTESIAN_POINT('',(-2.225259344883,-1.295259344883,0.22));
#2412 = CARTESIAN_POINT('',(-2.28,-1.35,0.999));
#2413 = ADVANCED_FACE('',(#2414),#2431,.T.);
#2414 = FACE_BOUND('',#2415,.T.);
#2415 = EDGE_LOOP('',(#2416,#2424,#2425,#2426));
#2416 = ORIENTED_EDGE('',*,*,#2417,.T.);
#2417 = EDGE_CURVE('',#2418,#2292,#2420,.T.);
#2418 = VERTEX_POINT('',#2419);
#2419 = CARTESIAN_POINT('',(-1.1,-1.279799853066,0.));
#2420 = LINE('',#2421,#2422);
#2421 = CARTESIAN_POINT('',(-1.1,-1.279799853066,0.));
#2422 = VECTOR('',#2423,1.);
#2423 = DIRECTION('',(1.,-2.22044604925E-16,0.));
#2424 = ORIENTED_EDGE('',*,*,#2307,.T.);
#2425 = ORIENTED_EDGE('',*,*,#2194,.F.);
#2426 = ORIENTED_EDGE('',*,*,#2427,.F.);
#2427 = EDGE_CURVE('',#2418,#2187,#2428,.T.);
#2428 = B_SPLINE_CURVE_WITH_KNOTS('',1,(#2429,#2430),.UNSPECIFIED.,.F.,
  .F.,(2,2),(0.,1.),.PIECEWISE_BEZIER_KNOTS.);
#2429 = CARTESIAN_POINT('',(-1.1,-1.279799853066,0.));
#2430 = CARTESIAN_POINT('',(-1.1,-1.295259344883,0.22));
#2431 = PLANE('',#2432);
#2432 = AXIS2_PLACEMENT_3D('',#2433,#2434,#2435);
#2433 = CARTESIAN_POINT('',(-1.1,-1.295259344883,0.22));
#2434 = DIRECTION('',(-2.214984063823E-16,-0.997540140447,
    -7.009756199374E-02));
#2435 = DIRECTION('',(1.,-2.22044604925E-16,-1.177128382009E-30));
#2436 = ADVANCED_FACE('',(#2437),#2454,.T.);
#2437 = FACE_BOUND('',#2438,.T.);
#2438 = EDGE_LOOP('',(#2439,#2440,#2441,#2449));
#2439 = ORIENTED_EDGE('',*,*,#2202,.T.);
#2440 = ORIENTED_EDGE('',*,*,#2239,.T.);
#2441 = ORIENTED_EDGE('',*,*,#2442,.F.);
#2442 = EDGE_CURVE('',#2443,#2232,#2445,.T.);
#2443 = VERTEX_POINT('',#2444);
#2444 = CARTESIAN_POINT('',(-2.194199820414,-1.264199820414,2.22));
#2445 = LINE('',#2446,#2447);
#2446 = CARTESIAN_POINT('',(-2.194199820414,-1.264199820414,2.22));
#2447 = VECTOR('',#2448,1.);
#2448 = DIRECTION('',(1.,-2.22044604925E-16,0.));
#2449 = ORIENTED_EDGE('',*,*,#2450,.F.);
#2450 = EDGE_CURVE('',#2203,#2443,#2451,.T.);
#2451 = B_SPLINE_CURVE_WITH_KNOTS('',1,(#2452,#2453),.UNSPECIFIED.,.F.,
  .F.,(2,2),(0.,1.),.PIECEWISE_BEZIER_KNOTS.);
#2452 = CARTESIAN_POINT('',(-2.28,-1.35,0.999));
#2453 = CARTESIAN_POINT('',(-2.194199820414,-1.264199820414,2.22));
#2454 = B_SPLINE_SURFACE_WITH_KNOTS('',1,1,(
    (#2455,#2456)
    ,(#2457,#2458
    )),.UNSPECIFIED.,.F.,.F.,.F.,(2,2),(2,2),(0.,4.56),(0.,1.),
  .PIECEWISE_BEZIER_KNOTS.);
#2455 = CARTESIAN_POINT('',(-2.28,-1.35,0.999));
#2456 = CARTESIAN_POINT('',(-2.194199820414,-1.264199820414,2.22));
#2457 = CARTESIAN_POINT('',(2.28,-1.35,0.999));
#2458 = CARTESIAN_POINT('',(2.194199820414,-1.264199820414,2.22));
#2459 = ADVANCED_FACE('',(#2460),#2477,.T.);
#2460 = FACE_BOUND('',#2461,.T.);
#2461 = EDGE_LOOP('',(#2462,#2463,#2470,#2476));
#2462 = ORIENTED_EDGE('',*,*,#2276,.T.);
#2463 = ORIENTED_EDGE('',*,*,#2464,.T.);
#2464 = EDGE_CURVE('',#2270,#2465,#2467,.T.);
#2465 = VERTEX_POINT('',#2466);
#2466 = CARTESIAN_POINT('',(-2.194199820414,1.264199820414,2.22));
#2467 = B_SPLINE_CURVE_WITH_KNOTS('',1,(#2468,#2469),.UNSPECIFIED.,.F.,
  .F.,(2,2),(0.,1.),.PIECEWISE_BEZIER_KNOTS.);
#2468 = CARTESIAN_POINT('',(-2.28,1.35,0.999));
#2469 = CARTESIAN_POINT('',(-2.194199820414,1.264199820414,2.22));
#2470 = ORIENTED_EDGE('',*,*,#2471,.F.);
#2471 = EDGE_CURVE('',#2225,#2465,#2472,.T.);
#2472 = LINE('',#2473,#2474);
#2473 = CARTESIAN_POINT('',(2.194199820414,1.264199820414,2.22));
#2474 = VECTOR('',#2475,1.);
#2475 = DIRECTION('',(-1.,2.22044604925E-16,0.));
#2476 = ORIENTED_EDGE('',*,*,#2224,.F.);
#2477 = B_SPLINE_SURFACE_WITH_KNOTS('',1,1,(
    (#2478,#2479)
    ,(#2480,#2481
    )),.UNSPECIFIED.,.F.,.F.,.F.,(2,2),(2,2),(0.,4.56),(0.,1.),
  .PIECEWISE_BEZIER_KNOTS.);
#2478 = CARTESIAN_POINT('',(2.28,1.35,0.999));
#2479 = CARTESIAN_POINT('',(2.194199820414,1.264199820414,2.22));
#2480 = CARTESIAN_POINT('',(-2.28,1.35,0.999));
#2481 = CARTESIAN_POINT('',(-2.194199820414,1.264199820414,2.22));
#2482 = ADVANCED_FACE('',(#2483,#2494),#2528,.F.);
#2483 = FACE_BOUND('',#2484,.F.);
#2484 = EDGE_LOOP('',(#2485,#2486,#2487,#2493));
#2485 = ORIENTED_EDGE('',*,*,#2231,.F.);
#2486 = ORIENTED_EDGE('',*,*,#2442,.F.);
#2487 = ORIENTED_EDGE('',*,*,#2488,.F.);
#2488 = EDGE_CURVE('',#2465,#2443,#2489,.T.);
#2489 = LINE('',#2490,#2491);
#2490 = CARTESIAN_POINT('',(-2.194199820414,1.264199820414,2.22));
#2491 = VECTOR('',#2492,1.);
#2492 = DIRECTION('',(-2.22044604925E-16,-1.,0.));
#2493 = ORIENTED_EDGE('',*,*,#2471,.F.);
#2494 = FACE_BOUND('',#2495,.F.);
#2495 = EDGE_LOOP('',(#2496,#2506,#2514,#2522));
#2496 = ORIENTED_EDGE('',*,*,#2497,.T.);
#2497 = EDGE_CURVE('',#2498,#2500,#2502,.T.);
#2498 = VERTEX_POINT('',#2499);
#2499 = CARTESIAN_POINT('',(-1.508399640828,1.178399640828,2.22));
#2500 = VERTEX_POINT('',#2501);
#2501 = CARTESIAN_POINT('',(-2.108399640828,1.178399640828,2.22));
#2502 = LINE('',#2503,#2504);
#2503 = CARTESIAN_POINT('',(-1.508399640828,1.178399640828,2.22));
#2504 = VECTOR('',#2505,1.);
#2505 = DIRECTION('',(-1.,2.22044604925E-16,0.));
#2506 = ORIENTED_EDGE('',*,*,#2507,.T.);
#2507 = EDGE_CURVE('',#2500,#2508,#2510,.T.);
#2508 = VERTEX_POINT('',#2509);
#2509 = CARTESIAN_POINT('',(-2.108399640828,-1.178399640828,2.22));
#2510 = LINE('',#2511,#2512);
#2511 = CARTESIAN_POINT('',(-2.108399640828,1.178399640828,2.22));
#2512 = VECTOR('',#2513,1.);
#2513 = DIRECTION('',(-2.22044604925E-16,-1.,0.));
#2514 = ORIENTED_EDGE('',*,*,#2515,.T.);
#2515 = EDGE_CURVE('',#2508,#2516,#2518,.T.);
#2516 = VERTEX_POINT('',#2517);
#2517 = CARTESIAN_POINT('',(-1.508399640828,-1.178399640828,2.22));
#2518 = LINE('',#2519,#2520);
#2519 = CARTESIAN_POINT('',(-2.108399640828,-1.178399640828,2.22));
#2520 = VECTOR('',#2521,1.);
#2521 = DIRECTION('',(1.,-2.22044604925E-16,0.));
#2522 = ORIENTED_EDGE('',*,*,#2523,.T.);
#2523 = EDGE_CURVE('',#2516,#2498,#2524,.T.);
#2524 = LINE('',#2525,#2526);
#2525 = CARTESIAN_POINT('',(-1.508399640828,-1.178399640828,2.22));
#2526 = VECTOR('',#2527,1.);
#2527 = DIRECTION('',(2.22044604925E-16,1.,0.));
#2528 = PLANE('',#2529);
#2529 = AXIS2_PLACEMENT_3D('',#2530,#2531,#2532);
#2530 = CARTESIAN_POINT('',(2.194199820414,-1.264199820414,2.22));
#2531 = DIRECTION('',(0.,0.,-1.));
#2532 = DIRECTION('',(-0.866473406918,0.499223231735,0.));
#2533 = ADVANCED_FACE('',(#2534),#2551,.T.);
#2534 = FACE_BOUND('',#2535,.T.);
#2535 = EDGE_LOOP('',(#2536,#2544,#2549,#2550));
#2536 = ORIENTED_EDGE('',*,*,#2537,.T.);
#2537 = EDGE_CURVE('',#2294,#2538,#2540,.T.);
#2538 = VERTEX_POINT('',#2539);
#2539 = CARTESIAN_POINT('',(-1.1,1.279799853066,0.));
#2540 = LINE('',#2541,#2542);
#2541 = CARTESIAN_POINT('',(1.1,1.279799853066,0.));
#2542 = VECTOR('',#2543,1.);
#2543 = DIRECTION('',(-1.,2.22044604925E-16,0.));
#2544 = ORIENTED_EDGE('',*,*,#2545,.T.);
#2545 = EDGE_CURVE('',#2538,#2254,#2546,.T.);
#2546 = B_SPLINE_CURVE_WITH_KNOTS('',1,(#2547,#2548),.UNSPECIFIED.,.F.,
  .F.,(2,2),(0.,1.),.PIECEWISE_BEZIER_KNOTS.);
#2547 = CARTESIAN_POINT('',(-1.1,1.279799853066,0.));
#2548 = CARTESIAN_POINT('',(-1.1,1.295259344883,0.22));
#2549 = ORIENTED_EDGE('',*,*,#2253,.F.);
#2550 = ORIENTED_EDGE('',*,*,#2301,.F.);
#2551 = PLANE('',#2552);
#2552 = AXIS2_PLACEMENT_3D('',#2553,#2554,#2555);
#2553 = CARTESIAN_POINT('',(1.1,1.295259344883,0.22));
#2554 = DIRECTION('',(2.214984063823E-16,0.997540140447,
    -7.009756199374E-02));
#2555 = DIRECTION('',(-1.,2.22044604925E-16,-1.177128382009E-30));
#2556 = ADVANCED_FACE('',(#2557),#2568,.T.);
#2557 = FACE_BOUND('',#2558,.F.);
#2558 = EDGE_LOOP('',(#2559,#2560,#2561,#2567));
#2559 = ORIENTED_EDGE('',*,*,#2291,.T.);
#2560 = ORIENTED_EDGE('',*,*,#2537,.T.);
#2561 = ORIENTED_EDGE('',*,*,#2562,.T.);
#2562 = EDGE_CURVE('',#2538,#2418,#2563,.T.);
#2563 = LINE('',#2564,#2565);
#2564 = CARTESIAN_POINT('',(-1.1,1.279799853066,0.));
#2565 = VECTOR('',#2566,1.);
#2566 = DIRECTION('',(-2.22044604925E-16,-1.,0.));
#2567 = ORIENTED_EDGE('',*,*,#2417,.T.);
#2568 = PLANE('',#2569);
#2569 = AXIS2_PLACEMENT_3D('',#2570,#2571,#2572);
#2570 = CARTESIAN_POINT('',(1.1,-1.279799853066,0.));
#2571 = DIRECTION('',(0.,0.,-1.));
#2572 = DIRECTION('',(-0.651825367196,0.758369099238,0.));
#2573 = ADVANCED_FACE('',(#2574),#2642,.T.);
#2574 = FACE_BOUND('',#2575,.T.);
#2575 = EDGE_LOOP('',(#2576,#2587,#2595,#2604,#2612,#2620,#2626,#2627,
    #2628,#2636));
#2576 = ORIENTED_EDGE('',*,*,#2577,.F.);
#2577 = EDGE_CURVE('',#2578,#2580,#2582,.T.);
#2578 = VERTEX_POINT('',#2579);
#2579 = CARTESIAN_POINT('',(-2.5,0.75,0.146666666667));
#2580 = VERTEX_POINT('',#2581);
#2581 = CARTESIAN_POINT('',(-2.353333333333,0.75,-2.775557561563E-17));
#2582 = CIRCLE('',#2583,0.146666666667);
#2583 = AXIS2_PLACEMENT_3D('',#2584,#2585,#2586);
#2584 = CARTESIAN_POINT('',(-2.353333333333,0.75,0.146666666667));
#2585 = DIRECTION('',(-2.22044604925E-16,-1.,0.));
#2586 = DIRECTION('',(0.,0.,1.));
#2587 = ORIENTED_EDGE('',*,*,#2588,.T.);
#2588 = EDGE_CURVE('',#2578,#2589,#2591,.T.);
#2589 = VERTEX_POINT('',#2590);
#2590 = CARTESIAN_POINT('',(-2.5,0.75,0.842343333333));
#2591 = LINE('',#2592,#2593);
#2592 = CARTESIAN_POINT('',(-2.5,0.75,0.));
#2593 = VECTOR('',#2594,1.);
#2594 = DIRECTION('',(0.,0.,1.));
#2595 = ORIENTED_EDGE('',*,*,#2596,.T.);
#2596 = EDGE_CURVE('',#2589,#2597,#2599,.T.);
#2597 = VERTEX_POINT('',#2598);
#2598 = CARTESIAN_POINT('',(-2.353333333333,0.75,0.98901));
#2599 = CIRCLE('',#2600,0.146666666667);
#2600 = AXIS2_PLACEMENT_3D('',#2601,#2602,#2603);
#2601 = CARTESIAN_POINT('',(-2.353333333333,0.75,0.842343333333));
#2602 = DIRECTION('',(2.22044604925E-16,1.,-0.));
#2603 = DIRECTION('',(0.,0.,1.));
#2604 = ORIENTED_EDGE('',*,*,#2605,.T.);
#2605 = EDGE_CURVE('',#2597,#2606,#2608,.T.);
#2606 = VERTEX_POINT('',#2607);
#2607 = CARTESIAN_POINT('',(-2.28,0.75,0.98901));
#2608 = LINE('',#2609,#2610);
#2609 = CARTESIAN_POINT('',(-2.5,0.75,0.98901));
#2610 = VECTOR('',#2611,1.);
#2611 = DIRECTION('',(1.,-2.22044604925E-16,0.));
#2612 = ORIENTED_EDGE('',*,*,#2613,.F.);
#2613 = EDGE_CURVE('',#2614,#2606,#2616,.T.);
#2614 = VERTEX_POINT('',#2615);
#2615 = CARTESIAN_POINT('',(-2.28,0.75,0.2222));
#2616 = LINE('',#2617,#2618);
#2617 = CARTESIAN_POINT('',(-2.28,0.75,0.));
#2618 = VECTOR('',#2619,1.);
#2619 = DIRECTION('',(0.,0.,1.));
#2620 = ORIENTED_EDGE('',*,*,#2621,.T.);
#2621 = EDGE_CURVE('',#2614,#2377,#2622,.T.);
#2622 = LINE('',#2623,#2624);
#2623 = CARTESIAN_POINT('',(-2.28,0.75,0.2222));
#2624 = VECTOR('',#2625,1.);
#2625 = DIRECTION('',(1.,-2.22044604925E-16,0.));
#2626 = ORIENTED_EDGE('',*,*,#2376,.F.);
#2627 = ORIENTED_EDGE('',*,*,#2352,.F.);
#2628 = ORIENTED_EDGE('',*,*,#2629,.F.);
#2629 = EDGE_CURVE('',#2630,#2345,#2632,.T.);
#2630 = VERTEX_POINT('',#2631);
#2631 = CARTESIAN_POINT('',(-1.14,0.75,0.));
#2632 = LINE('',#2633,#2634);
#2633 = CARTESIAN_POINT('',(-1.14,0.75,0.));
#2634 = VECTOR('',#2635,1.);
#2635 = DIRECTION('',(0.,0.,1.));
#2636 = ORIENTED_EDGE('',*,*,#2637,.F.);
#2637 = EDGE_CURVE('',#2580,#2630,#2638,.T.);
#2638 = LINE('',#2639,#2640);
#2639 = CARTESIAN_POINT('',(-2.28,0.75,0.));
#2640 = VECTOR('',#2641,1.);
#2641 = DIRECTION('',(1.,-2.22044604925E-16,0.));
#2642 = PLANE('',#2643);
#2643 = AXIS2_PLACEMENT_3D('',#2644,#2645,#2646);
#2644 = CARTESIAN_POINT('',(-1.991067149606,0.75,0.303091083877));
#2645 = DIRECTION('',(2.22044604925E-16,1.,-7.960022943413E-32));
#2646 = DIRECTION('',(-1.,2.22044604925E-16,0.));
#2647 = ADVANCED_FACE('',(#2648),#2666,.T.);
#2648 = FACE_BOUND('',#2649,.T.);
#2649 = EDGE_LOOP('',(#2650,#2658,#2659,#2660));
#2650 = ORIENTED_EDGE('',*,*,#2651,.F.);
#2651 = EDGE_CURVE('',#2630,#2652,#2654,.T.);
#2652 = VERTEX_POINT('',#2653);
#2653 = CARTESIAN_POINT('',(-1.14,-0.75,0.));
#2654 = LINE('',#2655,#2656);
#2655 = CARTESIAN_POINT('',(-1.14,0.75,0.));
#2656 = VECTOR('',#2657,1.);
#2657 = DIRECTION('',(-2.22044604925E-16,-1.,0.));
#2658 = ORIENTED_EDGE('',*,*,#2629,.T.);
#2659 = ORIENTED_EDGE('',*,*,#2344,.F.);
#2660 = ORIENTED_EDGE('',*,*,#2661,.F.);
#2661 = EDGE_CURVE('',#2652,#2337,#2662,.T.);
#2662 = LINE('',#2663,#2664);
#2663 = CARTESIAN_POINT('',(-1.14,-0.75,0.));
#2664 = VECTOR('',#2665,1.);
#2665 = DIRECTION('',(0.,0.,1.));
#2666 = PLANE('',#2667);
#2667 = AXIS2_PLACEMENT_3D('',#2668,#2669,#2670);
#2668 = CARTESIAN_POINT('',(-1.14,0.75,0.));
#2669 = DIRECTION('',(1.,-2.22044604925E-16,0.));
#2670 = DIRECTION('',(-2.22044604925E-16,-1.,0.));
#2671 = ADVANCED_FACE('',(#2672),#2733,.T.);
#2672 = FACE_BOUND('',#2673,.T.);
#2673 = EDGE_LOOP('',(#2674,#2684,#2693,#2699,#2700,#2701,#2702,#2710,
    #2718,#2726));
#2674 = ORIENTED_EDGE('',*,*,#2675,.F.);
#2675 = EDGE_CURVE('',#2676,#2678,#2680,.T.);
#2676 = VERTEX_POINT('',#2677);
#2677 = CARTESIAN_POINT('',(-2.5,-0.75,0.146666666667));
#2678 = VERTEX_POINT('',#2679);
#2679 = CARTESIAN_POINT('',(-2.5,-0.75,0.842343333333));
#2680 = LINE('',#2681,#2682);
#2681 = CARTESIAN_POINT('',(-2.5,-0.75,0.));
#2682 = VECTOR('',#2683,1.);
#2683 = DIRECTION('',(0.,0.,1.));
#2684 = ORIENTED_EDGE('',*,*,#2685,.T.);
#2685 = EDGE_CURVE('',#2676,#2686,#2688,.T.);
#2686 = VERTEX_POINT('',#2687);
#2687 = CARTESIAN_POINT('',(-2.353333333333,-0.75,-2.775557561563E-17));
#2688 = CIRCLE('',#2689,0.146666666667);
#2689 = AXIS2_PLACEMENT_3D('',#2690,#2691,#2692);
#2690 = CARTESIAN_POINT('',(-2.353333333333,-0.75,0.146666666667));
#2691 = DIRECTION('',(-2.22044604925E-16,-1.,0.));
#2692 = DIRECTION('',(0.,0.,1.));
#2693 = ORIENTED_EDGE('',*,*,#2694,.F.);
#2694 = EDGE_CURVE('',#2652,#2686,#2695,.T.);
#2695 = LINE('',#2696,#2697);
#2696 = CARTESIAN_POINT('',(-2.28,-0.75,0.));
#2697 = VECTOR('',#2698,1.);
#2698 = DIRECTION('',(-1.,2.22044604925E-16,0.));
#2699 = ORIENTED_EDGE('',*,*,#2661,.T.);
#2700 = ORIENTED_EDGE('',*,*,#2336,.F.);
#2701 = ORIENTED_EDGE('',*,*,#2393,.T.);
#2702 = ORIENTED_EDGE('',*,*,#2703,.T.);
#2703 = EDGE_CURVE('',#2387,#2704,#2706,.T.);
#2704 = VERTEX_POINT('',#2705);
#2705 = CARTESIAN_POINT('',(-2.28,-0.75,0.2222));
#2706 = LINE('',#2707,#2708);
#2707 = CARTESIAN_POINT('',(-1.14,-0.75,0.2222));
#2708 = VECTOR('',#2709,1.);
#2709 = DIRECTION('',(-1.,2.22044604925E-16,0.));
#2710 = ORIENTED_EDGE('',*,*,#2711,.T.);
#2711 = EDGE_CURVE('',#2704,#2712,#2714,.T.);
#2712 = VERTEX_POINT('',#2713);
#2713 = CARTESIAN_POINT('',(-2.28,-0.75,0.98901));
#2714 = LINE('',#2715,#2716);
#2715 = CARTESIAN_POINT('',(-2.28,-0.75,0.));
#2716 = VECTOR('',#2717,1.);
#2717 = DIRECTION('',(0.,0.,1.));
#2718 = ORIENTED_EDGE('',*,*,#2719,.T.);
#2719 = EDGE_CURVE('',#2712,#2720,#2722,.T.);
#2720 = VERTEX_POINT('',#2721);
#2721 = CARTESIAN_POINT('',(-2.353333333333,-0.75,0.98901));
#2722 = LINE('',#2723,#2724);
#2723 = CARTESIAN_POINT('',(-2.28,-0.75,0.98901));
#2724 = VECTOR('',#2725,1.);
#2725 = DIRECTION('',(-1.,2.22044604925E-16,0.));
#2726 = ORIENTED_EDGE('',*,*,#2727,.F.);
#2727 = EDGE_CURVE('',#2678,#2720,#2728,.T.);
#2728 = CIRCLE('',#2729,0.146666666667);
#2729 = AXIS2_PLACEMENT_3D('',#2730,#2731,#2732);
#2730 = CARTESIAN_POINT('',(-2.353333333333,-0.75,0.842343333333));
#2731 = DIRECTION('',(2.22044604925E-16,1.,-0.));
#2732 = DIRECTION('',(0.,0.,1.));
#2733 = PLANE('',#2734);
#2734 = AXIS2_PLACEMENT_3D('',#2735,#2736,#2737);
#2735 = CARTESIAN_POINT('',(-1.991067149606,-0.75,0.303091083877));
#2736 = DIRECTION('',(-2.22044604925E-16,-1.,-0.));
#2737 = DIRECTION('',(0.,0.,-1.));
#2738 = ADVANCED_FACE('',(#2739),#2745,.T.);
#2739 = FACE_BOUND('',#2740,.T.);
#2740 = EDGE_LOOP('',(#2741,#2742,#2743,#2744));
#2741 = ORIENTED_EDGE('',*,*,#2562,.T.);
#2742 = ORIENTED_EDGE('',*,*,#2427,.T.);
#2743 = ORIENTED_EDGE('',*,*,#2321,.F.);
#2744 = ORIENTED_EDGE('',*,*,#2545,.F.);
#2745 = B_SPLINE_SURFACE_WITH_KNOTS('',1,1,(
    (#2746,#2747)
    ,(#2748,#2749
    )),.UNSPECIFIED.,.F.,.F.,.F.,(2,2),(2,2),(0.,2.590518689767),(0.,1.)
  ,.PIECEWISE_BEZIER_KNOTS.);
#2746 = CARTESIAN_POINT('',(-1.1,1.279799853066,0.));
#2747 = CARTESIAN_POINT('',(-1.1,1.295259344883,0.22));
#2748 = CARTESIAN_POINT('',(-1.1,-1.279799853066,0.));
#2749 = CARTESIAN_POINT('',(-1.1,-1.295259344883,0.22));
#2750 = ADVANCED_FACE('',(#2751),#2757,.T.);
#2751 = FACE_BOUND('',#2752,.T.);
#2752 = EDGE_LOOP('',(#2753,#2754,#2755,#2756));
#2753 = ORIENTED_EDGE('',*,*,#2403,.T.);
#2754 = ORIENTED_EDGE('',*,*,#2450,.T.);
#2755 = ORIENTED_EDGE('',*,*,#2488,.F.);
#2756 = ORIENTED_EDGE('',*,*,#2464,.F.);
#2757 = B_SPLINE_SURFACE_WITH_KNOTS('',1,1,(
    (#2758,#2759)
    ,(#2760,#2761
    )),.UNSPECIFIED.,.F.,.F.,.F.,(2,2),(2,2),(0.,2.7),(0.,1.),
  .PIECEWISE_BEZIER_KNOTS.);
#2758 = CARTESIAN_POINT('',(-2.28,1.35,0.999));
#2759 = CARTESIAN_POINT('',(-2.194199820414,1.264199820414,2.22));
#2760 = CARTESIAN_POINT('',(-2.28,-1.35,0.999));
#2761 = CARTESIAN_POINT('',(-2.194199820414,-1.264199820414,2.22));
#2762 = ADVANCED_FACE('',(#2763),#2774,.F.);
#2763 = FACE_BOUND('',#2764,.F.);
#2764 = EDGE_LOOP('',(#2765,#2766,#2767,#2773));
#2765 = ORIENTED_EDGE('',*,*,#2386,.F.);
#2766 = ORIENTED_EDGE('',*,*,#2703,.T.);
#2767 = ORIENTED_EDGE('',*,*,#2768,.T.);
#2768 = EDGE_CURVE('',#2704,#2614,#2769,.T.);
#2769 = LINE('',#2770,#2771);
#2770 = CARTESIAN_POINT('',(-2.28,-0.75,0.2222));
#2771 = VECTOR('',#2772,1.);
#2772 = DIRECTION('',(2.22044604925E-16,1.,0.));
#2773 = ORIENTED_EDGE('',*,*,#2621,.T.);
#2774 = PLANE('',#2775);
#2775 = AXIS2_PLACEMENT_3D('',#2776,#2777,#2778);
#2776 = CARTESIAN_POINT('',(-1.71,4.440892098501E-16,0.2222));
#2777 = DIRECTION('',(0.,-0.,-1.));
#2778 = DIRECTION('',(-2.22044604925E-16,-1.,0.));
#2779 = ADVANCED_FACE('',(#2780),#2803,.F.);
#2780 = FACE_BOUND('',#2781,.F.);
#2781 = EDGE_LOOP('',(#2782,#2792,#2797,#2798));
#2782 = ORIENTED_EDGE('',*,*,#2783,.T.);
#2783 = EDGE_CURVE('',#2784,#2786,#2788,.T.);
#2784 = VERTEX_POINT('',#2785);
#2785 = CARTESIAN_POINT('',(-1.508399640828,1.178399640828,2.2178));
#2786 = VERTEX_POINT('',#2787);
#2787 = CARTESIAN_POINT('',(-2.108399640828,1.178399640828,2.2178));
#2788 = LINE('',#2789,#2790);
#2789 = CARTESIAN_POINT('',(-1.508399640828,1.178399640828,2.2178));
#2790 = VECTOR('',#2791,1.);
#2791 = DIRECTION('',(-1.,2.22044604925E-16,0.));
#2792 = ORIENTED_EDGE('',*,*,#2793,.T.);
#2793 = EDGE_CURVE('',#2786,#2500,#2794,.T.);
#2794 = B_SPLINE_CURVE_WITH_KNOTS('',1,(#2795,#2796),.UNSPECIFIED.,.F.,
  .F.,(2,2),(0.,1.),.PIECEWISE_BEZIER_KNOTS.);
#2795 = CARTESIAN_POINT('',(-2.108399640828,1.178399640828,2.2178));
#2796 = CARTESIAN_POINT('',(-2.108399640828,1.178399640828,2.22));
#2797 = ORIENTED_EDGE('',*,*,#2497,.F.);
#2798 = ORIENTED_EDGE('',*,*,#2799,.F.);
#2799 = EDGE_CURVE('',#2784,#2498,#2800,.T.);
#2800 = B_SPLINE_CURVE_WITH_KNOTS('',1,(#2801,#2802),.UNSPECIFIED.,.F.,
  .F.,(2,2),(0.,1.),.PIECEWISE_BEZIER_KNOTS.);
#2801 = CARTESIAN_POINT('',(-1.508399640828,1.178399640828,2.2178));
#2802 = CARTESIAN_POINT('',(-1.508399640828,1.178399640828,2.22));
#2803 = PLANE('',#2804);
#2804 = AXIS2_PLACEMENT_3D('',#2805,#2806,#2807);
#2805 = CARTESIAN_POINT('',(-1.508399640828,1.178399640828,2.22));
#2806 = DIRECTION('',(2.22044604925E-16,1.,0.));
#2807 = DIRECTION('',(-1.,2.22044604925E-16,0.));
#2808 = ADVANCED_FACE('',(#2809),#2826,.F.);
#2809 = FACE_BOUND('',#2810,.F.);
#2810 = EDGE_LOOP('',(#2811,#2819,#2820,#2821));
#2811 = ORIENTED_EDGE('',*,*,#2812,.T.);
#2812 = EDGE_CURVE('',#2813,#2784,#2815,.T.);
#2813 = VERTEX_POINT('',#2814);
#2814 = CARTESIAN_POINT('',(-1.508399640828,-1.178399640828,2.2178));
#2815 = LINE('',#2816,#2817);
#2816 = CARTESIAN_POINT('',(-1.508399640828,-1.178399640828,2.2178));
#2817 = VECTOR('',#2818,1.);
#2818 = DIRECTION('',(2.22044604925E-16,1.,0.));
#2819 = ORIENTED_EDGE('',*,*,#2799,.T.);
#2820 = ORIENTED_EDGE('',*,*,#2523,.F.);
#2821 = ORIENTED_EDGE('',*,*,#2822,.F.);
#2822 = EDGE_CURVE('',#2813,#2516,#2823,.T.);
#2823 = B_SPLINE_CURVE_WITH_KNOTS('',1,(#2824,#2825),.UNSPECIFIED.,.F.,
  .F.,(2,2),(0.,1.),.PIECEWISE_BEZIER_KNOTS.);
#2824 = CARTESIAN_POINT('',(-1.508399640828,-1.178399640828,2.2178));
#2825 = CARTESIAN_POINT('',(-1.508399640828,-1.178399640828,2.22));
#2826 = PLANE('',#2827);
#2827 = AXIS2_PLACEMENT_3D('',#2828,#2829,#2830);
#2828 = CARTESIAN_POINT('',(-1.508399640828,-1.178399640828,2.22));
#2829 = DIRECTION('',(1.,-2.22044604925E-16,0.));
#2830 = DIRECTION('',(2.22044604925E-16,1.,0.));
#2831 = ADVANCED_FACE('',(#2832),#2849,.F.);
#2832 = FACE_BOUND('',#2833,.F.);
#2833 = EDGE_LOOP('',(#2834,#2842,#2843,#2844));
#2834 = ORIENTED_EDGE('',*,*,#2835,.T.);
#2835 = EDGE_CURVE('',#2836,#2813,#2838,.T.);
#2836 = VERTEX_POINT('',#2837);
#2837 = CARTESIAN_POINT('',(-2.108399640828,-1.178399640828,2.2178));
#2838 = LINE('',#2839,#2840);
#2839 = CARTESIAN_POINT('',(-2.108399640828,-1.178399640828,2.2178));
#2840 = VECTOR('',#2841,1.);
#2841 = DIRECTION('',(1.,-2.22044604925E-16,0.));
#2842 = ORIENTED_EDGE('',*,*,#2822,.T.);
#2843 = ORIENTED_EDGE('',*,*,#2515,.F.);
#2844 = ORIENTED_EDGE('',*,*,#2845,.F.);
#2845 = EDGE_CURVE('',#2836,#2508,#2846,.T.);
#2846 = B_SPLINE_CURVE_WITH_KNOTS('',1,(#2847,#2848),.UNSPECIFIED.,.F.,
  .F.,(2,2),(0.,1.),.PIECEWISE_BEZIER_KNOTS.);
#2847 = CARTESIAN_POINT('',(-2.108399640828,-1.178399640828,2.2178));
#2848 = CARTESIAN_POINT('',(-2.108399640828,-1.178399640828,2.22));
#2849 = PLANE('',#2850);
#2850 = AXIS2_PLACEMENT_3D('',#2851,#2852,#2853);
#2851 = CARTESIAN_POINT('',(-2.108399640828,-1.178399640828,2.22));
#2852 = DIRECTION('',(-2.22044604925E-16,-1.,0.));
#2853 = DIRECTION('',(1.,-2.22044604925E-16,0.));
#2854 = ADVANCED_FACE('',(#2855),#2866,.F.);
#2855 = FACE_BOUND('',#2856,.F.);
#2856 = EDGE_LOOP('',(#2857,#2863,#2864,#2865));
#2857 = ORIENTED_EDGE('',*,*,#2858,.T.);
#2858 = EDGE_CURVE('',#2786,#2836,#2859,.T.);
#2859 = LINE('',#2860,#2861);
#2860 = CARTESIAN_POINT('',(-2.108399640828,1.178399640828,2.2178));
#2861 = VECTOR('',#2862,1.);
#2862 = DIRECTION('',(-2.22044604925E-16,-1.,0.));
#2863 = ORIENTED_EDGE('',*,*,#2845,.T.);
#2864 = ORIENTED_EDGE('',*,*,#2507,.F.);
#2865 = ORIENTED_EDGE('',*,*,#2793,.F.);
#2866 = PLANE('',#2867);
#2867 = AXIS2_PLACEMENT_3D('',#2868,#2869,#2870);
#2868 = CARTESIAN_POINT('',(-2.108399640828,1.178399640828,2.22));
#2869 = DIRECTION('',(-1.,2.22044604925E-16,0.));
#2870 = DIRECTION('',(-2.22044604925E-16,-1.,0.));
#2871 = ADVANCED_FACE('',(#2872),#2888,.T.);
#2872 = FACE_BOUND('',#2873,.T.);
#2873 = EDGE_LOOP('',(#2874,#2880,#2881,#2887));
#2874 = ORIENTED_EDGE('',*,*,#2875,.T.);
#2875 = EDGE_CURVE('',#2676,#2578,#2876,.T.);
#2876 = LINE('',#2877,#2878);
#2877 = CARTESIAN_POINT('',(-2.5,-0.75,0.146666666667));
#2878 = VECTOR('',#2879,1.);
#2879 = DIRECTION('',(2.22044604925E-16,1.,0.));
#2880 = ORIENTED_EDGE('',*,*,#2577,.T.);
#2881 = ORIENTED_EDGE('',*,*,#2882,.F.);
#2882 = EDGE_CURVE('',#2686,#2580,#2883,.T.);
#2883 = LINE('',#2884,#2885);
#2884 = CARTESIAN_POINT('',(-2.353333333333,-0.75,-2.775557561563E-17));
#2885 = VECTOR('',#2886,1.);
#2886 = DIRECTION('',(2.22044604925E-16,1.,0.));
#2887 = ORIENTED_EDGE('',*,*,#2685,.F.);
#2888 = CYLINDRICAL_SURFACE('',#2889,0.146666666667);
#2889 = AXIS2_PLACEMENT_3D('',#2890,#2891,#2892);
#2890 = CARTESIAN_POINT('',(-2.353333333333,-0.75,0.146666666667));
#2891 = DIRECTION('',(2.22044604925E-16,1.,0.));
#2892 = DIRECTION('',(-1.,2.22044604925E-16,0.));
#2893 = ADVANCED_FACE('',(#2894),#2900,.T.);
#2894 = FACE_BOUND('',#2895,.T.);
#2895 = EDGE_LOOP('',(#2896,#2897,#2898,#2899));
#2896 = ORIENTED_EDGE('',*,*,#2694,.T.);
#2897 = ORIENTED_EDGE('',*,*,#2882,.T.);
#2898 = ORIENTED_EDGE('',*,*,#2637,.T.);
#2899 = ORIENTED_EDGE('',*,*,#2651,.T.);
#2900 = PLANE('',#2901);
#2901 = AXIS2_PLACEMENT_3D('',#2902,#2903,#2904);
#2902 = CARTESIAN_POINT('',(-1.746666666667,3.878379099357E-16,
    -7.671995716851E-18));
#2903 = DIRECTION('',(1.332277103521E-17,-2.579688262589E-33,-1.));
#2904 = DIRECTION('',(1.,-2.22044604925E-16,1.332277103521E-17));
#2905 = ADVANCED_FACE('',(#2906),#2917,.T.);
#2906 = FACE_BOUND('',#2907,.T.);
#2907 = EDGE_LOOP('',(#2908,#2909,#2910,#2916));
#2908 = ORIENTED_EDGE('',*,*,#2768,.T.);
#2909 = ORIENTED_EDGE('',*,*,#2613,.T.);
#2910 = ORIENTED_EDGE('',*,*,#2911,.T.);
#2911 = EDGE_CURVE('',#2606,#2712,#2912,.T.);
#2912 = LINE('',#2913,#2914);
#2913 = CARTESIAN_POINT('',(-2.28,0.75,0.98901));
#2914 = VECTOR('',#2915,1.);
#2915 = DIRECTION('',(-2.22044604925E-16,-1.,0.));
#2916 = ORIENTED_EDGE('',*,*,#2711,.F.);
#2917 = PLANE('',#2918);
#2918 = AXIS2_PLACEMENT_3D('',#2919,#2920,#2921);
#2919 = CARTESIAN_POINT('',(-2.28,0.75,0.));
#2920 = DIRECTION('',(1.,-2.22044604925E-16,0.));
#2921 = DIRECTION('',(-2.22044604925E-16,-1.,0.));
#2922 = ADVANCED_FACE('',(#2923),#2934,.F.);
#2923 = FACE_BOUND('',#2924,.F.);
#2924 = EDGE_LOOP('',(#2925,#2926,#2932,#2933));
#2925 = ORIENTED_EDGE('',*,*,#2719,.T.);
#2926 = ORIENTED_EDGE('',*,*,#2927,.T.);
#2927 = EDGE_CURVE('',#2720,#2597,#2928,.T.);
#2928 = LINE('',#2929,#2930);
#2929 = CARTESIAN_POINT('',(-2.353333333333,-0.75,0.98901));
#2930 = VECTOR('',#2931,1.);
#2931 = DIRECTION('',(2.22044604925E-16,1.,0.));
#2932 = ORIENTED_EDGE('',*,*,#2605,.T.);
#2933 = ORIENTED_EDGE('',*,*,#2911,.T.);
#2934 = PLANE('',#2935);
#2935 = AXIS2_PLACEMENT_3D('',#2936,#2937,#2938);
#2936 = CARTESIAN_POINT('',(-2.39,4.440892098501E-16,0.98901));
#2937 = DIRECTION('',(0.,-0.,-1.));
#2938 = DIRECTION('',(-2.22044604925E-16,-1.,0.));
#2939 = ADVANCED_FACE('',(#2940),#2951,.T.);
#2940 = FACE_BOUND('',#2941,.T.);
#2941 = EDGE_LOOP('',(#2942,#2943,#2944,#2945));
#2942 = ORIENTED_EDGE('',*,*,#2727,.T.);
#2943 = ORIENTED_EDGE('',*,*,#2927,.T.);
#2944 = ORIENTED_EDGE('',*,*,#2596,.F.);
#2945 = ORIENTED_EDGE('',*,*,#2946,.F.);
#2946 = EDGE_CURVE('',#2678,#2589,#2947,.T.);
#2947 = LINE('',#2948,#2949);
#2948 = CARTESIAN_POINT('',(-2.5,-0.75,0.842343333333));
#2949 = VECTOR('',#2950,1.);
#2950 = DIRECTION('',(2.22044604925E-16,1.,0.));
#2951 = CYLINDRICAL_SURFACE('',#2952,0.146666666667);
#2952 = AXIS2_PLACEMENT_3D('',#2953,#2954,#2955);
#2953 = CARTESIAN_POINT('',(-2.353333333333,-0.75,0.842343333333));
#2954 = DIRECTION('',(2.22044604925E-16,1.,0.));
#2955 = DIRECTION('',(-1.,2.22044604925E-16,0.));
#2956 = ADVANCED_FACE('',(#2957),#2963,.T.);
#2957 = FACE_BOUND('',#2958,.T.);
#2958 = EDGE_LOOP('',(#2959,#2960,#2961,#2962));
#2959 = ORIENTED_EDGE('',*,*,#2675,.T.);
#2960 = ORIENTED_EDGE('',*,*,#2946,.T.);
#2961 = ORIENTED_EDGE('',*,*,#2588,.F.);
#2962 = ORIENTED_EDGE('',*,*,#2875,.F.);
#2963 = PLANE('',#2964);
#2964 = AXIS2_PLACEMENT_3D('',#2965,#2966,#2967);
#2965 = CARTESIAN_POINT('',(-2.5,-0.75,0.));
#2966 = DIRECTION('',(-1.,2.22044604925E-16,0.));
#2967 = DIRECTION('',(2.22044604925E-16,1.,0.));
#2968 = ADVANCED_FACE('',(#2969),#2975,.F.);
#2969 = FACE_BOUND('',#2970,.T.);
#2970 = EDGE_LOOP('',(#2971,#2972,#2973,#2974));
#2971 = ORIENTED_EDGE('',*,*,#2812,.T.);
#2972 = ORIENTED_EDGE('',*,*,#2783,.T.);
#2973 = ORIENTED_EDGE('',*,*,#2858,.T.);
#2974 = ORIENTED_EDGE('',*,*,#2835,.T.);
#2975 = PLANE('',#2976);
#2976 = AXIS2_PLACEMENT_3D('',#2977,#2978,#2979);
#2977 = CARTESIAN_POINT('',(-1.508399640828,-1.178399640828,2.2178));
#2978 = DIRECTION('',(0.,0.,-1.));
#2979 = DIRECTION('',(-0.246713052972,0.969088576701,0.));
#2980 = ( GEOMETRIC_REPRESENTATION_CONTEXT(3) 
GLOBAL_UNCERTAINTY_ASSIGNED_CONTEXT((#2984)) 
GLOBAL_UNIT_ASSIGNED_CONTEXT((#2981,#2982,#2983)) REPRESENTATION_CONTEXT
('Context #1','3D Context with UNIT and UNCERTAINTY') );
#2981 = ( LENGTH_UNIT() NAMED_UNIT(*) SI_UNIT(.MILLI.,.METRE.) );
#2982 = ( NAMED_UNIT(*) PLANE_ANGLE_UNIT() SI_UNIT($,.RADIAN.) );
#2983 = ( NAMED_UNIT(*) SI_UNIT($,.STERADIAN.) SOLID_ANGLE_UNIT() );
#2984 = UNCERTAINTY_MEASURE_WITH_UNIT(LENGTH_MEASURE(1.E-07),#2981,
  'distance_accuracy_value','confusion accuracy');
#2985 = CONTEXT_DEPENDENT_SHAPE_REPRESENTATION(#2986,#2988);
#2986 = ( REPRESENTATION_RELATIONSHIP('','',#1771,#10) 
REPRESENTATION_RELATIONSHIP_WITH_TRANSFORMATION(#2987) 
SHAPE_REPRESENTATION_RELATIONSHIP() );
#2987 = ITEM_DEFINED_TRANSFORMATION('','',#11,#27);
#2988 = PRODUCT_DEFINITION_SHAPE('Placement','Placement of an item',
  #2989);
#2989 = NEXT_ASSEMBLY_USAGE_OCCURRENCE('4','D1','',#5,#1766,$);
#2990 = PRODUCT_RELATED_PRODUCT_CATEGORY('part',$,(#1768));
#2991 = SHAPE_DEFINITION_REPRESENTATION(#2992,#2998);
#2992 = PRODUCT_DEFINITION_SHAPE('','',#2993);
#2993 = PRODUCT_DEFINITION('design','',#2994,#2997);
#2994 = PRODUCT_DEFINITION_FORMATION('','',#2995);
#2995 = PRODUCT('D_DO-41_SOD81_P10.16mm_Horizontal',
  'D_DO-41_SOD81_P10.16mm_Horizontal','',(#2996));
#2996 = PRODUCT_CONTEXT('',#2,'mechanical');
#2997 = PRODUCT_DEFINITION_CONTEXT('part definition',#2,'design');
#2998 = ADVANCED_BREP_SHAPE_REPRESENTATION('',(#11,#2999),#3334);
#2999 = MANIFOLD_SOLID_BREP('',#3000);
#3000 = CLOSED_SHELL('',(#3001,#3034,#3054,#3074,#3099,#3124,#3144,#3164
    ,#3189,#3214,#3240,#3266,#3291,#3316,#3325));
#3001 = ADVANCED_FACE('',(#3002),#3029,.T.);
#3002 = FACE_BOUND('',#3003,.T.);
#3003 = EDGE_LOOP('',(#3004,#3013,#3021,#3028));
#3004 = ORIENTED_EDGE('',*,*,#3005,.T.);
#3005 = EDGE_CURVE('',#3006,#3006,#3008,.T.);
#3006 = VERTEX_POINT('',#3007);
#3007 = CARTESIAN_POINT('',(3.26,2.138289545428E-15,3.21));
#3008 = CIRCLE('',#3009,1.36);
#3009 = AXIS2_PLACEMENT_3D('',#3010,#3011,#3012);
#3010 = CARTESIAN_POINT('',(3.26,8.215650382226E-16,1.85));
#3011 = DIRECTION('',(1.,0.,-0.));
#3012 = DIRECTION('',(0.,9.681797847099E-16,1.));
#3013 = ORIENTED_EDGE('',*,*,#3014,.T.);
#3014 = EDGE_CURVE('',#3006,#3015,#3017,.T.);
#3015 = VERTEX_POINT('',#3016);
#3016 = CARTESIAN_POINT('',(4.56,2.138289545428E-15,3.21));
#3017 = LINE('',#3018,#3019);
#3018 = CARTESIAN_POINT('',(3.26,2.138289545428E-15,3.21));
#3019 = VECTOR('',#3020,1.);
#3020 = DIRECTION('',(1.,0.,0.));
#3021 = ORIENTED_EDGE('',*,*,#3022,.F.);
#3022 = EDGE_CURVE('',#3015,#3015,#3023,.T.);
#3023 = CIRCLE('',#3024,1.36);
#3024 = AXIS2_PLACEMENT_3D('',#3025,#3026,#3027);
#3025 = CARTESIAN_POINT('',(4.56,8.215650382226E-16,1.85));
#3026 = DIRECTION('',(1.,0.,-0.));
#3027 = DIRECTION('',(0.,9.681797847099E-16,1.));
#3028 = ORIENTED_EDGE('',*,*,#3014,.F.);
#3029 = CYLINDRICAL_SURFACE('',#3030,1.36);
#3030 = AXIS2_PLACEMENT_3D('',#3031,#3032,#3033);
#3031 = CARTESIAN_POINT('',(3.26,8.215650382226E-16,1.85));
#3032 = DIRECTION('',(1.,0.,0.));
#3033 = DIRECTION('',(-0.,9.681797847099E-16,1.));
#3034 = ADVANCED_FACE('',(#3035,#3038),#3049,.F.);
#3035 = FACE_BOUND('',#3036,.T.);
#3036 = EDGE_LOOP('',(#3037));
#3037 = ORIENTED_EDGE('',*,*,#3005,.F.);
#3038 = FACE_BOUND('',#3039,.T.);
#3039 = EDGE_LOOP('',(#3040));
#3040 = ORIENTED_EDGE('',*,*,#3041,.T.);
#3041 = EDGE_CURVE('',#3042,#3042,#3044,.T.);
#3042 = VERTEX_POINT('',#3043);
#3043 = CARTESIAN_POINT('',(3.26,2.13162820728E-15,3.2));
#3044 = CIRCLE('',#3045,1.35);
#3045 = AXIS2_PLACEMENT_3D('',#3046,#3047,#3048);
#3046 = CARTESIAN_POINT('',(3.26,8.215650382226E-16,1.85));
#3047 = DIRECTION('',(1.,0.,-0.));
#3048 = DIRECTION('',(0.,9.70417162265E-16,1.));
#3049 = PLANE('',#3050);
#3050 = AXIS2_PLACEMENT_3D('',#3051,#3052,#3053);
#3051 = CARTESIAN_POINT('',(3.26,8.215650382226E-16,1.85));
#3052 = DIRECTION('',(1.,0.,0.));
#3053 = DIRECTION('',(-0.,9.726879335149E-16,1.));
#3054 = ADVANCED_FACE('',(#3055,#3058),#3069,.T.);
#3055 = FACE_BOUND('',#3056,.T.);
#3056 = EDGE_LOOP('',(#3057));
#3057 = ORIENTED_EDGE('',*,*,#3022,.T.);
#3058 = FACE_BOUND('',#3059,.T.);
#3059 = EDGE_LOOP('',(#3060));
#3060 = ORIENTED_EDGE('',*,*,#3061,.F.);
#3061 = EDGE_CURVE('',#3062,#3062,#3064,.T.);
#3062 = VERTEX_POINT('',#3063);
#3063 = CARTESIAN_POINT('',(4.56,2.13162820728E-15,3.2));
#3064 = CIRCLE('',#3065,1.35);
#3065 = AXIS2_PLACEMENT_3D('',#3066,#3067,#3068);
#3066 = CARTESIAN_POINT('',(4.56,8.215650382226E-16,1.85));
#3067 = DIRECTION('',(1.,0.,-0.));
#3068 = DIRECTION('',(0.,9.70417162265E-16,1.));
#3069 = PLANE('',#3070);
#3070 = AXIS2_PLACEMENT_3D('',#3071,#3072,#3073);
#3071 = CARTESIAN_POINT('',(4.56,8.215650382226E-16,1.85));
#3072 = DIRECTION('',(1.,0.,0.));
#3073 = DIRECTION('',(-0.,9.681797847099E-16,1.));
#3074 = ADVANCED_FACE('',(#3075),#3094,.T.);
#3075 = FACE_BOUND('',#3076,.T.);
#3076 = EDGE_LOOP('',(#3077,#3085,#3092,#3093));
#3077 = ORIENTED_EDGE('',*,*,#3078,.F.);
#3078 = EDGE_CURVE('',#3079,#3042,#3081,.T.);
#3079 = VERTEX_POINT('',#3080);
#3080 = CARTESIAN_POINT('',(2.48,2.13162820728E-15,3.2));
#3081 = LINE('',#3082,#3083);
#3082 = CARTESIAN_POINT('',(2.48,2.13162820728E-15,3.2));
#3083 = VECTOR('',#3084,1.);
#3084 = DIRECTION('',(1.,0.,0.));
#3085 = ORIENTED_EDGE('',*,*,#3086,.T.);
#3086 = EDGE_CURVE('',#3079,#3079,#3087,.T.);
#3087 = CIRCLE('',#3088,1.35);
#3088 = AXIS2_PLACEMENT_3D('',#3089,#3090,#3091);
#3089 = CARTESIAN_POINT('',(2.48,8.215650382226E-16,1.85));
#3090 = DIRECTION('',(1.,0.,-0.));
#3091 = DIRECTION('',(0.,9.70417162265E-16,1.));
#3092 = ORIENTED_EDGE('',*,*,#3078,.T.);
#3093 = ORIENTED_EDGE('',*,*,#3041,.F.);
#3094 = CYLINDRICAL_SURFACE('',#3095,1.35);
#3095 = AXIS2_PLACEMENT_3D('',#3096,#3097,#3098);
#3096 = CARTESIAN_POINT('',(2.48,8.215650382226E-16,1.85));
#3097 = DIRECTION('',(1.,0.,0.));
#3098 = DIRECTION('',(-0.,9.70417162265E-16,1.));
#3099 = ADVANCED_FACE('',(#3100),#3119,.T.);
#3100 = FACE_BOUND('',#3101,.T.);
#3101 = EDGE_LOOP('',(#3102,#3103,#3111,#3118));
#3102 = ORIENTED_EDGE('',*,*,#3061,.T.);
#3103 = ORIENTED_EDGE('',*,*,#3104,.T.);
#3104 = EDGE_CURVE('',#3062,#3105,#3107,.T.);
#3105 = VERTEX_POINT('',#3106);
#3106 = CARTESIAN_POINT('',(7.68,2.13162820728E-15,3.2));
#3107 = LINE('',#3108,#3109);
#3108 = CARTESIAN_POINT('',(2.48,2.13162820728E-15,3.2));
#3109 = VECTOR('',#3110,1.);
#3110 = DIRECTION('',(1.,0.,0.));
#3111 = ORIENTED_EDGE('',*,*,#3112,.F.);
#3112 = EDGE_CURVE('',#3105,#3105,#3113,.T.);
#3113 = CIRCLE('',#3114,1.35);
#3114 = AXIS2_PLACEMENT_3D('',#3115,#3116,#3117);
#3115 = CARTESIAN_POINT('',(7.68,8.215650382226E-16,1.85));
#3116 = DIRECTION('',(1.,0.,-0.));
#3117 = DIRECTION('',(0.,9.70417162265E-16,1.));
#3118 = ORIENTED_EDGE('',*,*,#3104,.F.);
#3119 = CYLINDRICAL_SURFACE('',#3120,1.35);
#3120 = AXIS2_PLACEMENT_3D('',#3121,#3122,#3123);
#3121 = CARTESIAN_POINT('',(2.48,8.215650382226E-16,1.85));
#3122 = DIRECTION('',(1.,0.,0.));
#3123 = DIRECTION('',(-0.,9.70417162265E-16,1.));
#3124 = ADVANCED_FACE('',(#3125,#3128),#3139,.F.);
#3125 = FACE_BOUND('',#3126,.T.);
#3126 = EDGE_LOOP('',(#3127));
#3127 = ORIENTED_EDGE('',*,*,#3086,.F.);
#3128 = FACE_BOUND('',#3129,.T.);
#3129 = EDGE_LOOP('',(#3130));
#3130 = ORIENTED_EDGE('',*,*,#3131,.T.);
#3131 = EDGE_CURVE('',#3132,#3132,#3134,.T.);
#3132 = VERTEX_POINT('',#3133);
#3133 = CARTESIAN_POINT('',(2.48,7.660538869914E-16,1.45));
#3134 = CIRCLE('',#3135,0.4);
#3135 = AXIS2_PLACEMENT_3D('',#3136,#3137,#3138);
#3136 = CARTESIAN_POINT('',(2.48,8.548717289614E-16,1.85));
#3137 = DIRECTION('',(1.,0.,0.));
#3138 = DIRECTION('',(0.,-2.22044604925E-16,-1.));
#3139 = PLANE('',#3140);
#3140 = AXIS2_PLACEMENT_3D('',#3141,#3142,#3143);
#3141 = CARTESIAN_POINT('',(2.48,8.215650382226E-16,1.85));
#3142 = DIRECTION('',(1.,0.,0.));
#3143 = DIRECTION('',(-0.,9.70417162265E-16,1.));
#3144 = ADVANCED_FACE('',(#3145,#3148),#3159,.T.);
#3145 = FACE_BOUND('',#3146,.F.);
#3146 = EDGE_LOOP('',(#3147));
#3147 = ORIENTED_EDGE('',*,*,#3112,.F.);
#3148 = FACE_BOUND('',#3149,.F.);
#3149 = EDGE_LOOP('',(#3150));
#3150 = ORIENTED_EDGE('',*,*,#3151,.T.);
#3151 = EDGE_CURVE('',#3152,#3152,#3154,.T.);
#3152 = VERTEX_POINT('',#3153);
#3153 = CARTESIAN_POINT('',(7.68,7.660538869914E-16,1.45));
#3154 = CIRCLE('',#3155,0.4);
#3155 = AXIS2_PLACEMENT_3D('',#3156,#3157,#3158);
#3156 = CARTESIAN_POINT('',(7.68,8.548717289614E-16,1.85));
#3157 = DIRECTION('',(1.,0.,0.));
#3158 = DIRECTION('',(0.,-2.22044604925E-16,-1.));
#3159 = PLANE('',#3160);
#3160 = AXIS2_PLACEMENT_3D('',#3161,#3162,#3163);
#3161 = CARTESIAN_POINT('',(7.68,8.215650382226E-16,1.85));
#3162 = DIRECTION('',(1.,0.,0.));
#3163 = DIRECTION('',(-0.,9.70417162265E-16,1.));
#3164 = ADVANCED_FACE('',(#3165),#3184,.T.);
#3165 = FACE_BOUND('',#3166,.T.);
#3166 = EDGE_LOOP('',(#3167,#3176,#3182,#3183));
#3167 = ORIENTED_EDGE('',*,*,#3168,.F.);
#3168 = EDGE_CURVE('',#3169,#3169,#3171,.T.);
#3169 = VERTEX_POINT('',#3170);
#3170 = CARTESIAN_POINT('',(0.8,7.660538869914E-16,1.45));
#3171 = CIRCLE('',#3172,0.4);
#3172 = AXIS2_PLACEMENT_3D('',#3173,#3174,#3175);
#3173 = CARTESIAN_POINT('',(0.8,8.548717289614E-16,1.85));
#3174 = DIRECTION('',(-1.,-4.078893220341E-32,-1.836970198721E-16));
#3175 = DIRECTION('',(-1.836970198721E-16,2.22044604925E-16,1.));
#3176 = ORIENTED_EDGE('',*,*,#3177,.T.);
#3177 = EDGE_CURVE('',#3169,#3132,#3178,.T.);
#3178 = LINE('',#3179,#3180);
#3179 = CARTESIAN_POINT('',(0.8,7.660538869914E-16,1.45));
#3180 = VECTOR('',#3181,1.);
#3181 = DIRECTION('',(1.,0.,0.));
#3182 = ORIENTED_EDGE('',*,*,#3131,.F.);
#3183 = ORIENTED_EDGE('',*,*,#3177,.F.);
#3184 = CYLINDRICAL_SURFACE('',#3185,0.4);
#3185 = AXIS2_PLACEMENT_3D('',#3186,#3187,#3188);
#3186 = CARTESIAN_POINT('',(0.8,8.548717289614E-16,1.85));
#3187 = DIRECTION('',(1.,0.,0.));
#3188 = DIRECTION('',(0.,-2.22044604925E-16,-1.));
#3189 = ADVANCED_FACE('',(#3190),#3209,.T.);
#3190 = FACE_BOUND('',#3191,.T.);
#3191 = EDGE_LOOP('',(#3192,#3193,#3201,#3208));
#3192 = ORIENTED_EDGE('',*,*,#3151,.T.);
#3193 = ORIENTED_EDGE('',*,*,#3194,.T.);
#3194 = EDGE_CURVE('',#3152,#3195,#3197,.T.);
#3195 = VERTEX_POINT('',#3196);
#3196 = CARTESIAN_POINT('',(9.36,7.660538869914E-16,1.45));
#3197 = LINE('',#3198,#3199);
#3198 = CARTESIAN_POINT('',(0.8,7.660538869914E-16,1.45));
#3199 = VECTOR('',#3200,1.);
#3200 = DIRECTION('',(1.,0.,0.));
#3201 = ORIENTED_EDGE('',*,*,#3202,.F.);
#3202 = EDGE_CURVE('',#3195,#3195,#3203,.T.);
#3203 = CIRCLE('',#3204,0.4);
#3204 = AXIS2_PLACEMENT_3D('',#3205,#3206,#3207);
#3205 = CARTESIAN_POINT('',(9.36,8.548717289614E-16,1.85));
#3206 = DIRECTION('',(1.,0.,0.));
#3207 = DIRECTION('',(0.,-2.22044604925E-16,-1.));
#3208 = ORIENTED_EDGE('',*,*,#3194,.F.);
#3209 = CYLINDRICAL_SURFACE('',#3210,0.4);
#3210 = AXIS2_PLACEMENT_3D('',#3211,#3212,#3213);
#3211 = CARTESIAN_POINT('',(0.8,8.548717289614E-16,1.85));
#3212 = DIRECTION('',(1.,0.,0.));
#3213 = DIRECTION('',(0.,-2.22044604925E-16,-1.));
#3214 = ADVANCED_FACE('',(#3215),#3235,.T.);
#3215 = FACE_BOUND('',#3216,.T.);
#3216 = EDGE_LOOP('',(#3217,#3226,#3227,#3228));
#3217 = ORIENTED_EDGE('',*,*,#3218,.T.);
#3218 = EDGE_CURVE('',#3219,#3169,#3221,.T.);
#3219 = VERTEX_POINT('',#3220);
#3220 = CARTESIAN_POINT('',(0.4,6.772360450213E-16,1.05));
#3221 = CIRCLE('',#3222,0.4);
#3222 = AXIS2_PLACEMENT_3D('',#3223,#3224,#3225);
#3223 = CARTESIAN_POINT('',(0.8,8.24193660919E-16,1.05));
#3224 = DIRECTION('',(0.,1.,-2.22044604925E-16));
#3225 = DIRECTION('',(1.,0.,0.));
#3226 = ORIENTED_EDGE('',*,*,#3168,.T.);
#3227 = ORIENTED_EDGE('',*,*,#3218,.F.);
#3228 = ORIENTED_EDGE('',*,*,#3229,.T.);
#3229 = EDGE_CURVE('',#3219,#3219,#3230,.T.);
#3230 = CIRCLE('',#3231,0.4);
#3231 = AXIS2_PLACEMENT_3D('',#3232,#3233,#3234);
#3232 = CARTESIAN_POINT('',(0.,6.772360450213E-16,1.05));
#3233 = DIRECTION('',(-0.,2.22044604925E-16,1.));
#3234 = DIRECTION('',(1.,0.,0.));
#3235 = TOROIDAL_SURFACE('',#3236,0.8,0.4);
#3236 = AXIS2_PLACEMENT_3D('',#3237,#3238,#3239);
#3237 = CARTESIAN_POINT('',(0.8,6.772360450213E-16,1.05));
#3238 = DIRECTION('',(0.,1.,-2.22044604925E-16));
#3239 = DIRECTION('',(1.,0.,0.));
#3240 = ADVANCED_FACE('',(#3241),#3261,.T.);
#3241 = FACE_BOUND('',#3242,.T.);
#3242 = EDGE_LOOP('',(#3243,#3252,#3259,#3260));
#3243 = ORIENTED_EDGE('',*,*,#3244,.T.);
#3244 = EDGE_CURVE('',#3195,#3245,#3247,.T.);
#3245 = VERTEX_POINT('',#3246);
#3246 = CARTESIAN_POINT('',(9.76,6.772360450213E-16,1.05));
#3247 = CIRCLE('',#3248,0.4);
#3248 = AXIS2_PLACEMENT_3D('',#3249,#3250,#3251);
#3249 = CARTESIAN_POINT('',(9.36,8.24193660919E-16,1.05));
#3250 = DIRECTION('',(0.,1.,-2.22044604925E-16));
#3251 = DIRECTION('',(1.,0.,0.));
#3252 = ORIENTED_EDGE('',*,*,#3253,.T.);
#3253 = EDGE_CURVE('',#3245,#3245,#3254,.T.);
#3254 = CIRCLE('',#3255,0.4);
#3255 = AXIS2_PLACEMENT_3D('',#3256,#3257,#3258);
#3256 = CARTESIAN_POINT('',(10.16,6.772360450213E-16,1.05));
#3257 = DIRECTION('',(-2.449293598295E-16,2.22044604925E-16,1.));
#3258 = DIRECTION('',(1.,5.438524293788E-32,2.449293598295E-16));
#3259 = ORIENTED_EDGE('',*,*,#3244,.F.);
#3260 = ORIENTED_EDGE('',*,*,#3202,.T.);
#3261 = TOROIDAL_SURFACE('',#3262,0.8,0.4);
#3262 = AXIS2_PLACEMENT_3D('',#3263,#3264,#3265);
#3263 = CARTESIAN_POINT('',(9.36,6.772360450213E-16,1.05));
#3264 = DIRECTION('',(0.,1.,-2.22044604925E-16));
#3265 = DIRECTION('',(1.,0.,0.));
#3266 = ADVANCED_FACE('',(#3267),#3286,.T.);
#3267 = FACE_BOUND('',#3268,.T.);
#3268 = EDGE_LOOP('',(#3269,#3277,#3278,#3279));
#3269 = ORIENTED_EDGE('',*,*,#3270,.T.);
#3270 = EDGE_CURVE('',#3271,#3219,#3273,.T.);
#3271 = VERTEX_POINT('',#3272);
#3272 = CARTESIAN_POINT('',(0.4,-2.089940463943E-16,-2.5));
#3273 = LINE('',#3274,#3275);
#3274 = CARTESIAN_POINT('',(0.4,6.772360450213E-16,1.05));
#3275 = VECTOR('',#3276,1.);
#3276 = DIRECTION('',(0.,2.22044604925E-16,1.));
#3277 = ORIENTED_EDGE('',*,*,#3229,.F.);
#3278 = ORIENTED_EDGE('',*,*,#3270,.F.);
#3279 = ORIENTED_EDGE('',*,*,#3280,.T.);
#3280 = EDGE_CURVE('',#3271,#3271,#3281,.T.);
#3281 = CIRCLE('',#3282,0.4);
#3282 = AXIS2_PLACEMENT_3D('',#3283,#3284,#3285);
#3283 = CARTESIAN_POINT('',(0.,-1.110223024625E-16,-2.5));
#3284 = DIRECTION('',(-0.,2.22044604925E-16,1.));
#3285 = DIRECTION('',(1.,0.,0.));
#3286 = CYLINDRICAL_SURFACE('',#3287,0.4);
#3287 = AXIS2_PLACEMENT_3D('',#3288,#3289,#3290);
#3288 = CARTESIAN_POINT('',(0.,6.772360450213E-16,1.05));
#3289 = DIRECTION('',(0.,2.22044604925E-16,1.));
#3290 = DIRECTION('',(1.,0.,-0.));
#3291 = ADVANCED_FACE('',(#3292),#3311,.T.);
#3292 = FACE_BOUND('',#3293,.T.);
#3293 = EDGE_LOOP('',(#3294,#3302,#3309,#3310));
#3294 = ORIENTED_EDGE('',*,*,#3295,.T.);
#3295 = EDGE_CURVE('',#3245,#3296,#3298,.T.);
#3296 = VERTEX_POINT('',#3297);
#3297 = CARTESIAN_POINT('',(9.76,-2.089940463943E-16,-2.5));
#3298 = LINE('',#3299,#3300);
#3299 = CARTESIAN_POINT('',(9.76,6.772360450213E-16,1.05));
#3300 = VECTOR('',#3301,1.);
#3301 = DIRECTION('',(0.,-2.22044604925E-16,-1.));
#3302 = ORIENTED_EDGE('',*,*,#3303,.F.);
#3303 = EDGE_CURVE('',#3296,#3296,#3304,.T.);
#3304 = CIRCLE('',#3305,0.4);
#3305 = AXIS2_PLACEMENT_3D('',#3306,#3307,#3308);
#3306 = CARTESIAN_POINT('',(10.16,-1.110223024625E-16,-2.5));
#3307 = DIRECTION('',(-0.,-2.22044604925E-16,-1.));
#3308 = DIRECTION('',(-1.,0.,0.));
#3309 = ORIENTED_EDGE('',*,*,#3295,.F.);
#3310 = ORIENTED_EDGE('',*,*,#3253,.F.);
#3311 = CYLINDRICAL_SURFACE('',#3312,0.4);
#3312 = AXIS2_PLACEMENT_3D('',#3313,#3314,#3315);
#3313 = CARTESIAN_POINT('',(10.16,6.772360450213E-16,1.05));
#3314 = DIRECTION('',(0.,-2.22044604925E-16,-1.));
#3315 = DIRECTION('',(-1.,-0.,0.));
#3316 = ADVANCED_FACE('',(#3317),#3320,.T.);
#3317 = FACE_BOUND('',#3318,.F.);
#3318 = EDGE_LOOP('',(#3319));
#3319 = ORIENTED_EDGE('',*,*,#3280,.T.);
#3320 = PLANE('',#3321);
#3321 = AXIS2_PLACEMENT_3D('',#3322,#3323,#3324);
#3322 = CARTESIAN_POINT('',(0.4,-1.110223024625E-16,-2.5));
#3323 = DIRECTION('',(0.,0.,-1.));
#3324 = DIRECTION('',(-1.,0.,0.));
#3325 = ADVANCED_FACE('',(#3326),#3329,.F.);
#3326 = FACE_BOUND('',#3327,.T.);
#3327 = EDGE_LOOP('',(#3328));
#3328 = ORIENTED_EDGE('',*,*,#3303,.T.);
#3329 = PLANE('',#3330);
#3330 = AXIS2_PLACEMENT_3D('',#3331,#3332,#3333);
#3331 = CARTESIAN_POINT('',(9.76,-1.110223024625E-16,-2.5));
#3332 = DIRECTION('',(0.,0.,1.));
#3333 = DIRECTION('',(1.,0.,-0.));
#3334 = ( GEOMETRIC_REPRESENTATION_CONTEXT(3) 
GLOBAL_UNCERTAINTY_ASSIGNED_CONTEXT((#3338)) 
GLOBAL_UNIT_ASSIGNED_CONTEXT((#3335,#3336,#3337)) REPRESENTATION_CONTEXT
('Context #1','3D Context with UNIT and UNCERTAINTY') );
#3335 = ( LENGTH_UNIT() NAMED_UNIT(*) SI_UNIT(.MILLI.,.METRE.) );
#3336 = ( NAMED_UNIT(*) PLANE_ANGLE_UNIT() SI_UNIT($,.RADIAN.) );
#3337 = ( NAMED_UNIT(*) SI_UNIT($,.STERADIAN.) SOLID_ANGLE_UNIT() );
#3338 = UNCERTAINTY_MEASURE_WITH_UNIT(LENGTH_MEASURE(1.E-07),#3335,
  'distance_accuracy_value','confusion accuracy');
#3339 = CONTEXT_DEPENDENT_SHAPE_REPRESENTATION(#3340,#3342);
#3340 = ( REPRESENTATION_RELATIONSHIP('','',#2998,#10) 
REPRESENTATION_RELATIONSHIP_WITH_TRANSFORMATION(#3341) 
SHAPE_REPRESENTATION_RELATIONSHIP() );
#3341 = ITEM_DEFINED_TRANSFORMATION('','',#11,#31);
#3342 = PRODUCT_DEFINITION_SHAPE('Placement','Placement of an item',
  #3343);
#3343 = NEXT_ASSEMBLY_USAGE_OCCURRENCE('5','D3','',#5,#2993,$);
#3344 = PRODUCT_RELATED_PRODUCT_CATEGORY('part',$,(#2995));
#3345 = CONTEXT_DEPENDENT_SHAPE_REPRESENTATION(#3346,#3348);
#3346 = ( REPRESENTATION_RELATIONSHIP('','',#893,#10) 
REPRESENTATION_RELATIONSHIP_WITH_TRANSFORMATION(#3347) 
SHAPE_REPRESENTATION_RELATIONSHIP() );
#3347 = ITEM_DEFINED_TRANSFORMATION('','',#11,#35);
#3348 = PRODUCT_DEFINITION_SHAPE('Placement','Placement of an item',
  #3349);
#3349 = NEXT_ASSEMBLY_USAGE_OCCURRENCE('6','C2','',#5,#888,$);
#3350 = CONTEXT_DEPENDENT_SHAPE_REPRESENTATION(#3351,#3353);
#3351 = ( REPRESENTATION_RELATIONSHIP('','',#84,#10) 
REPRESENTATION_RELATIONSHIP_WITH_TRANSFORMATION(#3352) 
SHAPE_REPRESENTATION_RELATIONSHIP() );
#3352 = ITEM_DEFINED_TRANSFORMATION('','',#11,#39);
#3353 = PRODUCT_DEFINITION_SHAPE('Placement','Placement of an item',
  #3354);
#3354 = NEXT_ASSEMBLY_USAGE_OCCURRENCE('7','R9','',#5,#79,$);
#3355 = CONTEXT_DEPENDENT_SHAPE_REPRESENTATION(#3356,#3358);
#3356 = ( REPRESENTATION_RELATIONSHIP('','',#893,#10) 
REPRESENTATION_RELATIONSHIP_WITH_TRANSFORMATION(#3357) 
SHAPE_REPRESENTATION_RELATIONSHIP() );
#3357 = ITEM_DEFINED_TRANSFORMATION('','',#11,#43);
#3358 = PRODUCT_DEFINITION_SHAPE('Placement','Placement of an item',
  #3359);
#3359 = NEXT_ASSEMBLY_USAGE_OCCURRENCE('8','C1','',#5,#888,$);
#3360 = CONTEXT_DEPENDENT_SHAPE_REPRESENTATION(#3361,#3363);
#3361 = ( REPRESENTATION_RELATIONSHIP('','',#84,#10) 
REPRESENTATION_RELATIONSHIP_WITH_TRANSFORMATION(#3362) 
SHAPE_REPRESENTATION_RELATIONSHIP() );
#3362 = ITEM_DEFINED_TRANSFORMATION('','',#11,#47);
#3363 = PRODUCT_DEFINITION_SHAPE('Placement','Placement of an item',
  #3364);
#3364 = NEXT_ASSEMBLY_USAGE_OCCURRENCE('9','R7','',#5,#79,$);
#3365 = CONTEXT_DEPENDENT_SHAPE_REPRESENTATION(#3366,#3368);
#3366 = ( REPRESENTATION_RELATIONSHIP('','',#893,#10) 
REPRESENTATION_RELATIONSHIP_WITH_TRANSFORMATION(#3367) 
SHAPE_REPRESENTATION_RELATIONSHIP() );
#3367 = ITEM_DEFINED_TRANSFORMATION('','',#11,#51);
#3368 = PRODUCT_DEFINITION_SHAPE('Placement','Placement of an item',
  #3369);
#3369 = NEXT_ASSEMBLY_USAGE_OCCURRENCE('10','C5','',#5,#888,$);
#3370 = SHAPE_DEFINITION_REPRESENTATION(#3371,#3377);
#3371 = PRODUCT_DEFINITION_SHAPE('','',#3372);
#3372 = PRODUCT_DEFINITION('design','',#3373,#3376);
#3373 = PRODUCT_DEFINITION_FORMATION('','',#3374);
#3374 = PRODUCT('TSOT-23','TSOT-23','',(#3375));
#3375 = PRODUCT_CONTEXT('',#2,'mechanical');
#3376 = PRODUCT_DEFINITION_CONTEXT('part definition',#2,'design');
#3377 = ADVANCED_BREP_SHAPE_REPRESENTATION('',(#11,#3378),#5513);
#3378 = MANIFOLD_SOLID_BREP('',#3379);
#3379 = CLOSED_SHELL('',(#3380,#3418,#3481,#3504,#3533,#3556,#3611,#3650
    ,#3673,#3696,#3713,#3736,#3824,#3840,#3870,#3901,#3932,#3963,#3980,
    #3997,#4028,#4058,#4081,#4104,#4121,#4166,#4220,#4243,#4266,#4289,
    #4328,#4366,#4410,#4502,#4527,#4611,#4628,#4713,#4738,#4815,#4900,
    #4925,#5002,#5019,#5038,#5084,#5100,#5116,#5133,#5145,#5162,#5179,
    #5196,#5213,#5230,#5247,#5264,#5276,#5293,#5310,#5327,#5344,#5361,
    #5378,#5390,#5407,#5424,#5441,#5458,#5475,#5492,#5504));
#3380 = ADVANCED_FACE('',(#3381),#3413,.F.);
#3381 = FACE_BOUND('',#3382,.F.);
#3382 = EDGE_LOOP('',(#3383,#3393,#3400,#3408));
#3383 = ORIENTED_EDGE('',*,*,#3384,.T.);
#3384 = EDGE_CURVE('',#3385,#3387,#3389,.T.);
#3385 = VERTEX_POINT('',#3386);
#3386 = CARTESIAN_POINT('',(-0.680405353927,1.400810707854,0.1));
#3387 = VERTEX_POINT('',#3388);
#3388 = CARTESIAN_POINT('',(0.680405353927,1.400810707854,0.1));
#3389 = LINE('',#3390,#3391);
#3390 = CARTESIAN_POINT('',(-0.680405353927,1.400810707854,0.1));
#3391 = VECTOR('',#3392,1.);
#3392 = DIRECTION('',(1.,1.110223024625E-16,0.));
#3393 = ORIENTED_EDGE('',*,*,#3394,.T.);
#3394 = EDGE_CURVE('',#3387,#3395,#3397,.T.);
#3395 = VERTEX_POINT('',#3396);
#3396 = CARTESIAN_POINT('',(0.705,1.45,0.45));
#3397 = B_SPLINE_CURVE_WITH_KNOTS('',1,(#3398,#3399),.UNSPECIFIED.,.F.,
  .F.,(2,2),(0.,1.),.PIECEWISE_BEZIER_KNOTS.);
#3398 = CARTESIAN_POINT('',(0.680405353927,1.400810707854,0.1));
#3399 = CARTESIAN_POINT('',(0.705,1.45,0.45));
#3400 = ORIENTED_EDGE('',*,*,#3401,.F.);
#3401 = EDGE_CURVE('',#3402,#3395,#3404,.T.);
#3402 = VERTEX_POINT('',#3403);
#3403 = CARTESIAN_POINT('',(-0.705,1.45,0.45));
#3404 = LINE('',#3405,#3406);
#3405 = CARTESIAN_POINT('',(-0.705,1.45,0.45));
#3406 = VECTOR('',#3407,1.);
#3407 = DIRECTION('',(1.,1.110223024625E-16,0.));
#3408 = ORIENTED_EDGE('',*,*,#3409,.F.);
#3409 = EDGE_CURVE('',#3385,#3402,#3410,.T.);
#3410 = B_SPLINE_CURVE_WITH_KNOTS('',1,(#3411,#3412),.UNSPECIFIED.,.F.,
  .F.,(2,2),(0.,1.),.PIECEWISE_BEZIER_KNOTS.);
#3411 = CARTESIAN_POINT('',(-0.680405353927,1.400810707854,0.1));
#3412 = CARTESIAN_POINT('',(-0.705,1.45,0.45));
#3413 = B_SPLINE_SURFACE_WITH_KNOTS('',1,1,(
    (#3414,#3415)
    ,(#3416,#3417
    )),.UNSPECIFIED.,.F.,.F.,.F.,(2,2),(2,2),(0.,1.41),(0.,1.),
  .PIECEWISE_BEZIER_KNOTS.);
#3414 = CARTESIAN_POINT('',(-0.680405353927,1.400810707854,0.1));
#3415 = CARTESIAN_POINT('',(-0.705,1.45,0.45));
#3416 = CARTESIAN_POINT('',(0.680405353927,1.400810707854,0.1));
#3417 = CARTESIAN_POINT('',(0.705,1.45,0.45));
#3418 = ADVANCED_FACE('',(#3419),#3476,.F.);
#3419 = FACE_BOUND('',#3420,.T.);
#3420 = EDGE_LOOP('',(#3421,#3422,#3430,#3438,#3446,#3454,#3462,#3470));
#3421 = ORIENTED_EDGE('',*,*,#3384,.T.);
#3422 = ORIENTED_EDGE('',*,*,#3423,.T.);
#3423 = EDGE_CURVE('',#3387,#3424,#3426,.T.);
#3424 = VERTEX_POINT('',#3425);
#3425 = CARTESIAN_POINT('',(0.750810707854,1.330405353927,0.1));
#3426 = LINE('',#3427,#3428);
#3427 = CARTESIAN_POINT('',(0.680405353927,1.400810707854,0.1));
#3428 = VECTOR('',#3429,1.);
#3429 = DIRECTION('',(0.707106781187,-0.707106781187,0.));
#3430 = ORIENTED_EDGE('',*,*,#3431,.T.);
#3431 = EDGE_CURVE('',#3424,#3432,#3434,.T.);
#3432 = VERTEX_POINT('',#3433);
#3433 = CARTESIAN_POINT('',(0.750810707854,-1.330405353927,0.1));
#3434 = LINE('',#3435,#3436);
#3435 = CARTESIAN_POINT('',(0.750810707854,1.330405353927,0.1));
#3436 = VECTOR('',#3437,1.);
#3437 = DIRECTION('',(1.110223024625E-16,-1.,0.));
#3438 = ORIENTED_EDGE('',*,*,#3439,.T.);
#3439 = EDGE_CURVE('',#3432,#3440,#3442,.T.);
#3440 = VERTEX_POINT('',#3441);
#3441 = CARTESIAN_POINT('',(0.680405353927,-1.400810707854,0.1));
#3442 = LINE('',#3443,#3444);
#3443 = CARTESIAN_POINT('',(0.750810707854,-1.330405353927,0.1));
#3444 = VECTOR('',#3445,1.);
#3445 = DIRECTION('',(-0.707106781187,-0.707106781187,0.));
#3446 = ORIENTED_EDGE('',*,*,#3447,.T.);
#3447 = EDGE_CURVE('',#3440,#3448,#3450,.T.);
#3448 = VERTEX_POINT('',#3449);
#3449 = CARTESIAN_POINT('',(-0.680405353927,-1.400810707854,0.1));
#3450 = LINE('',#3451,#3452);
#3451 = CARTESIAN_POINT('',(0.680405353927,-1.400810707854,0.1));
#3452 = VECTOR('',#3453,1.);
#3453 = DIRECTION('',(-1.,-1.110223024625E-16,0.));
#3454 = ORIENTED_EDGE('',*,*,#3455,.T.);
#3455 = EDGE_CURVE('',#3448,#3456,#3458,.T.);
#3456 = VERTEX_POINT('',#3457);
#3457 = CARTESIAN_POINT('',(-0.750810707854,-1.330405353927,0.1));
#3458 = LINE('',#3459,#3460);
#3459 = CARTESIAN_POINT('',(-0.680405353927,-1.400810707854,0.1));
#3460 = VECTOR('',#3461,1.);
#3461 = DIRECTION('',(-0.707106781187,0.707106781187,0.));
#3462 = ORIENTED_EDGE('',*,*,#3463,.T.);
#3463 = EDGE_CURVE('',#3456,#3464,#3466,.T.);
#3464 = VERTEX_POINT('',#3465);
#3465 = CARTESIAN_POINT('',(-0.750810707854,1.330405353927,0.1));
#3466 = LINE('',#3467,#3468);
#3467 = CARTESIAN_POINT('',(-0.750810707854,-1.330405353927,0.1));
#3468 = VECTOR('',#3469,1.);
#3469 = DIRECTION('',(-1.110223024625E-16,1.,0.));
#3470 = ORIENTED_EDGE('',*,*,#3471,.T.);
#3471 = EDGE_CURVE('',#3464,#3385,#3472,.T.);
#3472 = LINE('',#3473,#3474);
#3473 = CARTESIAN_POINT('',(-0.750810707854,1.330405353927,0.1));
#3474 = VECTOR('',#3475,1.);
#3475 = DIRECTION('',(0.707106781187,0.707106781187,0.));
#3476 = PLANE('',#3477);
#3477 = AXIS2_PLACEMENT_3D('',#3478,#3479,#3480);
#3478 = CARTESIAN_POINT('',(-0.680405353927,1.400810707854,0.1));
#3479 = DIRECTION('',(0.,0.,1.));
#3480 = DIRECTION('',(0.436909980015,-0.899505235873,0.));
#3481 = ADVANCED_FACE('',(#3482),#3499,.F.);
#3482 = FACE_BOUND('',#3483,.F.);
#3483 = EDGE_LOOP('',(#3484,#3485,#3492,#3498));
#3484 = ORIENTED_EDGE('',*,*,#3423,.T.);
#3485 = ORIENTED_EDGE('',*,*,#3486,.T.);
#3486 = EDGE_CURVE('',#3424,#3487,#3489,.T.);
#3487 = VERTEX_POINT('',#3488);
#3488 = CARTESIAN_POINT('',(0.8,1.355,0.45));
#3489 = B_SPLINE_CURVE_WITH_KNOTS('',1,(#3490,#3491),.UNSPECIFIED.,.F.,
  .F.,(2,2),(0.,1.),.PIECEWISE_BEZIER_KNOTS.);
#3490 = CARTESIAN_POINT('',(0.750810707854,1.330405353927,0.1));
#3491 = CARTESIAN_POINT('',(0.8,1.355,0.45));
#3492 = ORIENTED_EDGE('',*,*,#3493,.F.);
#3493 = EDGE_CURVE('',#3395,#3487,#3494,.T.);
#3494 = LINE('',#3495,#3496);
#3495 = CARTESIAN_POINT('',(0.705,1.45,0.45));
#3496 = VECTOR('',#3497,1.);
#3497 = DIRECTION('',(0.707106781187,-0.707106781187,0.));
#3498 = ORIENTED_EDGE('',*,*,#3394,.F.);
#3499 = B_SPLINE_SURFACE_WITH_KNOTS('',1,1,(
    (#3500,#3501)
    ,(#3502,#3503
    )),.UNSPECIFIED.,.F.,.F.,.F.,(2,2),(2,2),(0.,0.134350288425),(0.,1.)
  ,.PIECEWISE_BEZIER_KNOTS.);
#3500 = CARTESIAN_POINT('',(0.680405353927,1.400810707854,0.1));
#3501 = CARTESIAN_POINT('',(0.705,1.45,0.45));
#3502 = CARTESIAN_POINT('',(0.750810707854,1.330405353927,0.1));
#3503 = CARTESIAN_POINT('',(0.8,1.355,0.45));
#3504 = ADVANCED_FACE('',(#3505),#3528,.F.);
#3505 = FACE_BOUND('',#3506,.F.);
#3506 = EDGE_LOOP('',(#3507,#3508,#3515,#3523));
#3507 = ORIENTED_EDGE('',*,*,#3401,.T.);
#3508 = ORIENTED_EDGE('',*,*,#3509,.T.);
#3509 = EDGE_CURVE('',#3395,#3510,#3512,.T.);
#3510 = VERTEX_POINT('',#3511);
#3511 = CARTESIAN_POINT('',(0.705,1.45,0.6));
#3512 = B_SPLINE_CURVE_WITH_KNOTS('',1,(#3513,#3514),.UNSPECIFIED.,.F.,
  .F.,(2,2),(0.,1.),.PIECEWISE_BEZIER_KNOTS.);
#3513 = CARTESIAN_POINT('',(0.705,1.45,0.45));
#3514 = CARTESIAN_POINT('',(0.705,1.45,0.6));
#3515 = ORIENTED_EDGE('',*,*,#3516,.F.);
#3516 = EDGE_CURVE('',#3517,#3510,#3519,.T.);
#3517 = VERTEX_POINT('',#3518);
#3518 = CARTESIAN_POINT('',(-0.705,1.45,0.6));
#3519 = LINE('',#3520,#3521);
#3520 = CARTESIAN_POINT('',(-0.705,1.45,0.6));
#3521 = VECTOR('',#3522,1.);
#3522 = DIRECTION('',(1.,1.110223024625E-16,0.));
#3523 = ORIENTED_EDGE('',*,*,#3524,.F.);
#3524 = EDGE_CURVE('',#3402,#3517,#3525,.T.);
#3525 = B_SPLINE_CURVE_WITH_KNOTS('',1,(#3526,#3527),.UNSPECIFIED.,.F.,
  .F.,(2,2),(0.,1.),.PIECEWISE_BEZIER_KNOTS.);
#3526 = CARTESIAN_POINT('',(-0.705,1.45,0.45));
#3527 = CARTESIAN_POINT('',(-0.705,1.45,0.6));
#3528 = PLANE('',#3529);
#3529 = AXIS2_PLACEMENT_3D('',#3530,#3531,#3532);
#3530 = CARTESIAN_POINT('',(-0.705,1.45,0.6));
#3531 = DIRECTION('',(1.110223024625E-16,-1.,0.));
#3532 = DIRECTION('',(1.,1.110223024625E-16,0.));
#3533 = ADVANCED_FACE('',(#3534),#3551,.F.);
#3534 = FACE_BOUND('',#3535,.F.);
#3535 = EDGE_LOOP('',(#3536,#3537,#3538,#3546));
#3536 = ORIENTED_EDGE('',*,*,#3471,.T.);
#3537 = ORIENTED_EDGE('',*,*,#3409,.T.);
#3538 = ORIENTED_EDGE('',*,*,#3539,.F.);
#3539 = EDGE_CURVE('',#3540,#3402,#3542,.T.);
#3540 = VERTEX_POINT('',#3541);
#3541 = CARTESIAN_POINT('',(-0.8,1.355,0.45));
#3542 = LINE('',#3543,#3544);
#3543 = CARTESIAN_POINT('',(-0.8,1.355,0.45));
#3544 = VECTOR('',#3545,1.);
#3545 = DIRECTION('',(0.707106781187,0.707106781187,0.));
#3546 = ORIENTED_EDGE('',*,*,#3547,.F.);
#3547 = EDGE_CURVE('',#3464,#3540,#3548,.T.);
#3548 = B_SPLINE_CURVE_WITH_KNOTS('',1,(#3549,#3550),.UNSPECIFIED.,.F.,
  .F.,(2,2),(0.,1.),.PIECEWISE_BEZIER_KNOTS.);
#3549 = CARTESIAN_POINT('',(-0.750810707854,1.330405353927,0.1));
#3550 = CARTESIAN_POINT('',(-0.8,1.355,0.45));
#3551 = B_SPLINE_SURFACE_WITH_KNOTS('',1,1,(
    (#3552,#3553)
    ,(#3554,#3555
    )),.UNSPECIFIED.,.F.,.F.,.F.,(2,2),(2,2),(0.,0.134350288425),(0.,1.)
  ,.PIECEWISE_BEZIER_KNOTS.);
#3552 = CARTESIAN_POINT('',(-0.750810707854,1.330405353927,0.1));
#3553 = CARTESIAN_POINT('',(-0.8,1.355,0.45));
#3554 = CARTESIAN_POINT('',(-0.680405353927,1.400810707854,0.1));
#3555 = CARTESIAN_POINT('',(-0.705,1.45,0.45));
#3556 = ADVANCED_FACE('',(#3557),#3606,.F.);
#3557 = FACE_BOUND('',#3558,.F.);
#3558 = EDGE_LOOP('',(#3559,#3560,#3561,#3569,#3577,#3585,#3593,#3601));
#3559 = ORIENTED_EDGE('',*,*,#3463,.T.);
#3560 = ORIENTED_EDGE('',*,*,#3547,.T.);
#3561 = ORIENTED_EDGE('',*,*,#3562,.F.);
#3562 = EDGE_CURVE('',#3563,#3540,#3565,.T.);
#3563 = VERTEX_POINT('',#3564);
#3564 = CARTESIAN_POINT('',(-0.8,1.125,0.45));
#3565 = LINE('',#3566,#3567);
#3566 = CARTESIAN_POINT('',(-0.8,-1.355,0.45));
#3567 = VECTOR('',#3568,1.);
#3568 = DIRECTION('',(-1.110223024625E-16,1.,0.));
#3569 = ORIENTED_EDGE('',*,*,#3570,.F.);
#3570 = EDGE_CURVE('',#3571,#3563,#3573,.T.);
#3571 = VERTEX_POINT('',#3572);
#3572 = CARTESIAN_POINT('',(-0.8,0.775,0.45));
#3573 = LINE('',#3574,#3575);
#3574 = CARTESIAN_POINT('',(-0.8,-1.355,0.45));
#3575 = VECTOR('',#3576,1.);
#3576 = DIRECTION('',(-1.110223024625E-16,1.,0.));
#3577 = ORIENTED_EDGE('',*,*,#3578,.F.);
#3578 = EDGE_CURVE('',#3579,#3571,#3581,.T.);
#3579 = VERTEX_POINT('',#3580);
#3580 = CARTESIAN_POINT('',(-0.8,-0.775,0.45));
#3581 = LINE('',#3582,#3583);
#3582 = CARTESIAN_POINT('',(-0.8,-1.355,0.45));
#3583 = VECTOR('',#3584,1.);
#3584 = DIRECTION('',(-1.110223024625E-16,1.,0.));
#3585 = ORIENTED_EDGE('',*,*,#3586,.F.);
#3586 = EDGE_CURVE('',#3587,#3579,#3589,.T.);
#3587 = VERTEX_POINT('',#3588);
#3588 = CARTESIAN_POINT('',(-0.8,-1.125,0.45));
#3589 = LINE('',#3590,#3591);
#3590 = CARTESIAN_POINT('',(-0.8,-1.355,0.45));
#3591 = VECTOR('',#3592,1.);
#3592 = DIRECTION('',(-1.110223024625E-16,1.,0.));
#3593 = ORIENTED_EDGE('',*,*,#3594,.F.);
#3594 = EDGE_CURVE('',#3595,#3587,#3597,.T.);
#3595 = VERTEX_POINT('',#3596);
#3596 = CARTESIAN_POINT('',(-0.8,-1.355,0.45));
#3597 = LINE('',#3598,#3599);
#3598 = CARTESIAN_POINT('',(-0.8,-1.355,0.45));
#3599 = VECTOR('',#3600,1.);
#3600 = DIRECTION('',(-1.110223024625E-16,1.,0.));
#3601 = ORIENTED_EDGE('',*,*,#3602,.F.);
#3602 = EDGE_CURVE('',#3456,#3595,#3603,.T.);
#3603 = B_SPLINE_CURVE_WITH_KNOTS('',1,(#3604,#3605),.UNSPECIFIED.,.F.,
  .F.,(2,2),(0.,1.),.PIECEWISE_BEZIER_KNOTS.);
#3604 = CARTESIAN_POINT('',(-0.750810707854,-1.330405353927,0.1));
#3605 = CARTESIAN_POINT('',(-0.8,-1.355,0.45));
#3606 = B_SPLINE_SURFACE_WITH_KNOTS('',1,1,(
    (#3607,#3608)
    ,(#3609,#3610
    )),.UNSPECIFIED.,.F.,.F.,.F.,(2,2),(2,2),(0.,2.71),(0.,1.),
  .PIECEWISE_BEZIER_KNOTS.);
#3607 = CARTESIAN_POINT('',(-0.750810707854,-1.330405353927,0.1));
#3608 = CARTESIAN_POINT('',(-0.8,-1.355,0.45));
#3609 = CARTESIAN_POINT('',(-0.750810707854,1.330405353927,0.1));
#3610 = CARTESIAN_POINT('',(-0.8,1.355,0.45));
#3611 = ADVANCED_FACE('',(#3612),#3645,.F.);
#3612 = FACE_BOUND('',#3613,.F.);
#3613 = EDGE_LOOP('',(#3614,#3615,#3622,#3630,#3638,#3644));
#3614 = ORIENTED_EDGE('',*,*,#3431,.T.);
#3615 = ORIENTED_EDGE('',*,*,#3616,.T.);
#3616 = EDGE_CURVE('',#3432,#3617,#3619,.T.);
#3617 = VERTEX_POINT('',#3618);
#3618 = CARTESIAN_POINT('',(0.8,-1.355,0.45));
#3619 = B_SPLINE_CURVE_WITH_KNOTS('',1,(#3620,#3621),.UNSPECIFIED.,.F.,
  .F.,(2,2),(0.,1.),.PIECEWISE_BEZIER_KNOTS.);
#3620 = CARTESIAN_POINT('',(0.750810707854,-1.330405353927,0.1));
#3621 = CARTESIAN_POINT('',(0.8,-1.355,0.45));
#3622 = ORIENTED_EDGE('',*,*,#3623,.F.);
#3623 = EDGE_CURVE('',#3624,#3617,#3626,.T.);
#3624 = VERTEX_POINT('',#3625);
#3625 = CARTESIAN_POINT('',(0.8,-0.175,0.45));
#3626 = LINE('',#3627,#3628);
#3627 = CARTESIAN_POINT('',(0.8,1.355,0.45));
#3628 = VECTOR('',#3629,1.);
#3629 = DIRECTION('',(1.110223024625E-16,-1.,0.));
#3630 = ORIENTED_EDGE('',*,*,#3631,.F.);
#3631 = EDGE_CURVE('',#3632,#3624,#3634,.T.);
#3632 = VERTEX_POINT('',#3633);
#3633 = CARTESIAN_POINT('',(0.8,0.175,0.45));
#3634 = LINE('',#3635,#3636);
#3635 = CARTESIAN_POINT('',(0.8,1.355,0.45));
#3636 = VECTOR('',#3637,1.);
#3637 = DIRECTION('',(1.110223024625E-16,-1.,0.));
#3638 = ORIENTED_EDGE('',*,*,#3639,.F.);
#3639 = EDGE_CURVE('',#3487,#3632,#3640,.T.);
#3640 = LINE('',#3641,#3642);
#3641 = CARTESIAN_POINT('',(0.8,1.355,0.45));
#3642 = VECTOR('',#3643,1.);
#3643 = DIRECTION('',(1.110223024625E-16,-1.,0.));
#3644 = ORIENTED_EDGE('',*,*,#3486,.F.);
#3645 = B_SPLINE_SURFACE_WITH_KNOTS('',1,1,(
    (#3646,#3647)
    ,(#3648,#3649
    )),.UNSPECIFIED.,.F.,.F.,.F.,(2,2),(2,2),(0.,2.71),(0.,1.),
  .PIECEWISE_BEZIER_KNOTS.);
#3646 = CARTESIAN_POINT('',(0.750810707854,1.330405353927,0.1));
#3647 = CARTESIAN_POINT('',(0.8,1.355,0.45));
#3648 = CARTESIAN_POINT('',(0.750810707854,-1.330405353927,0.1));
#3649 = CARTESIAN_POINT('',(0.8,-1.355,0.45));
#3650 = ADVANCED_FACE('',(#3651),#3668,.F.);
#3651 = FACE_BOUND('',#3652,.F.);
#3652 = EDGE_LOOP('',(#3653,#3654,#3655,#3663));
#3653 = ORIENTED_EDGE('',*,*,#3455,.T.);
#3654 = ORIENTED_EDGE('',*,*,#3602,.T.);
#3655 = ORIENTED_EDGE('',*,*,#3656,.F.);
#3656 = EDGE_CURVE('',#3657,#3595,#3659,.T.);
#3657 = VERTEX_POINT('',#3658);
#3658 = CARTESIAN_POINT('',(-0.705,-1.45,0.45));
#3659 = LINE('',#3660,#3661);
#3660 = CARTESIAN_POINT('',(-0.705,-1.45,0.45));
#3661 = VECTOR('',#3662,1.);
#3662 = DIRECTION('',(-0.707106781187,0.707106781187,0.));
#3663 = ORIENTED_EDGE('',*,*,#3664,.F.);
#3664 = EDGE_CURVE('',#3448,#3657,#3665,.T.);
#3665 = B_SPLINE_CURVE_WITH_KNOTS('',1,(#3666,#3667),.UNSPECIFIED.,.F.,
  .F.,(2,2),(0.,1.),.PIECEWISE_BEZIER_KNOTS.);
#3666 = CARTESIAN_POINT('',(-0.680405353927,-1.400810707854,0.1));
#3667 = CARTESIAN_POINT('',(-0.705,-1.45,0.45));
#3668 = B_SPLINE_SURFACE_WITH_KNOTS('',1,1,(
    (#3669,#3670)
    ,(#3671,#3672
    )),.UNSPECIFIED.,.F.,.F.,.F.,(2,2),(2,2),(0.,0.134350288425),(0.,1.)
  ,.PIECEWISE_BEZIER_KNOTS.);
#3669 = CARTESIAN_POINT('',(-0.680405353927,-1.400810707854,0.1));
#3670 = CARTESIAN_POINT('',(-0.705,-1.45,0.45));
#3671 = CARTESIAN_POINT('',(-0.750810707854,-1.330405353927,0.1));
#3672 = CARTESIAN_POINT('',(-0.8,-1.355,0.45));
#3673 = ADVANCED_FACE('',(#3674),#3691,.F.);
#3674 = FACE_BOUND('',#3675,.F.);
#3675 = EDGE_LOOP('',(#3676,#3677,#3684,#3690));
#3676 = ORIENTED_EDGE('',*,*,#3439,.T.);
#3677 = ORIENTED_EDGE('',*,*,#3678,.T.);
#3678 = EDGE_CURVE('',#3440,#3679,#3681,.T.);
#3679 = VERTEX_POINT('',#3680);
#3680 = CARTESIAN_POINT('',(0.705,-1.45,0.45));
#3681 = B_SPLINE_CURVE_WITH_KNOTS('',1,(#3682,#3683),.UNSPECIFIED.,.F.,
  .F.,(2,2),(0.,1.),.PIECEWISE_BEZIER_KNOTS.);
#3682 = CARTESIAN_POINT('',(0.680405353927,-1.400810707854,0.1));
#3683 = CARTESIAN_POINT('',(0.705,-1.45,0.45));
#3684 = ORIENTED_EDGE('',*,*,#3685,.F.);
#3685 = EDGE_CURVE('',#3617,#3679,#3686,.T.);
#3686 = LINE('',#3687,#3688);
#3687 = CARTESIAN_POINT('',(0.8,-1.355,0.45));
#3688 = VECTOR('',#3689,1.);
#3689 = DIRECTION('',(-0.707106781187,-0.707106781187,0.));
#3690 = ORIENTED_EDGE('',*,*,#3616,.F.);
#3691 = B_SPLINE_SURFACE_WITH_KNOTS('',1,1,(
    (#3692,#3693)
    ,(#3694,#3695
    )),.UNSPECIFIED.,.F.,.F.,.F.,(2,2),(2,2),(0.,0.134350288425),(0.,1.)
  ,.PIECEWISE_BEZIER_KNOTS.);
#3692 = CARTESIAN_POINT('',(0.750810707854,-1.330405353927,0.1));
#3693 = CARTESIAN_POINT('',(0.8,-1.355,0.45));
#3694 = CARTESIAN_POINT('',(0.680405353927,-1.400810707854,0.1));
#3695 = CARTESIAN_POINT('',(0.705,-1.45,0.45));
#3696 = ADVANCED_FACE('',(#3697),#3708,.F.);
#3697 = FACE_BOUND('',#3698,.F.);
#3698 = EDGE_LOOP('',(#3699,#3700,#3701,#3707));
#3699 = ORIENTED_EDGE('',*,*,#3447,.T.);
#3700 = ORIENTED_EDGE('',*,*,#3664,.T.);
#3701 = ORIENTED_EDGE('',*,*,#3702,.F.);
#3702 = EDGE_CURVE('',#3679,#3657,#3703,.T.);
#3703 = LINE('',#3704,#3705);
#3704 = CARTESIAN_POINT('',(0.705,-1.45,0.45));
#3705 = VECTOR('',#3706,1.);
#3706 = DIRECTION('',(-1.,-1.110223024625E-16,0.));
#3707 = ORIENTED_EDGE('',*,*,#3678,.F.);
#3708 = B_SPLINE_SURFACE_WITH_KNOTS('',1,1,(
    (#3709,#3710)
    ,(#3711,#3712
    )),.UNSPECIFIED.,.F.,.F.,.F.,(2,2),(2,2),(0.,1.41),(0.,1.),
  .PIECEWISE_BEZIER_KNOTS.);
#3709 = CARTESIAN_POINT('',(0.680405353927,-1.400810707854,0.1));
#3710 = CARTESIAN_POINT('',(0.705,-1.45,0.45));
#3711 = CARTESIAN_POINT('',(-0.680405353927,-1.400810707854,0.1));
#3712 = CARTESIAN_POINT('',(-0.705,-1.45,0.45));
#3713 = ADVANCED_FACE('',(#3714),#3731,.F.);
#3714 = FACE_BOUND('',#3715,.F.);
#3715 = EDGE_LOOP('',(#3716,#3717,#3724,#3730));
#3716 = ORIENTED_EDGE('',*,*,#3493,.T.);
#3717 = ORIENTED_EDGE('',*,*,#3718,.T.);
#3718 = EDGE_CURVE('',#3487,#3719,#3721,.T.);
#3719 = VERTEX_POINT('',#3720);
#3720 = CARTESIAN_POINT('',(0.8,1.355,0.6));
#3721 = B_SPLINE_CURVE_WITH_KNOTS('',1,(#3722,#3723),.UNSPECIFIED.,.F.,
  .F.,(2,2),(0.,1.),.PIECEWISE_BEZIER_KNOTS.);
#3722 = CARTESIAN_POINT('',(0.8,1.355,0.45));
#3723 = CARTESIAN_POINT('',(0.8,1.355,0.6));
#3724 = ORIENTED_EDGE('',*,*,#3725,.F.);
#3725 = EDGE_CURVE('',#3510,#3719,#3726,.T.);
#3726 = LINE('',#3727,#3728);
#3727 = CARTESIAN_POINT('',(0.705,1.45,0.6));
#3728 = VECTOR('',#3729,1.);
#3729 = DIRECTION('',(0.707106781187,-0.707106781187,0.));
#3730 = ORIENTED_EDGE('',*,*,#3509,.F.);
#3731 = PLANE('',#3732);
#3732 = AXIS2_PLACEMENT_3D('',#3733,#3734,#3735);
#3733 = CARTESIAN_POINT('',(0.705,1.45,0.6));
#3734 = DIRECTION('',(-0.707106781187,-0.707106781187,0.));
#3735 = DIRECTION('',(0.707106781187,-0.707106781187,0.));
#3736 = ADVANCED_FACE('',(#3737),#3819,.F.);
#3737 = FACE_BOUND('',#3738,.F.);
#3738 = EDGE_LOOP('',(#3739,#3747,#3748,#3749,#3757,#3765,#3773,#3781,
    #3789,#3797,#3805,#3813));
#3739 = ORIENTED_EDGE('',*,*,#3740,.T.);
#3740 = EDGE_CURVE('',#3741,#3517,#3743,.T.);
#3741 = VERTEX_POINT('',#3742);
#3742 = CARTESIAN_POINT('',(-0.8,1.355,0.6));
#3743 = LINE('',#3744,#3745);
#3744 = CARTESIAN_POINT('',(-0.8,1.355,0.6));
#3745 = VECTOR('',#3746,1.);
#3746 = DIRECTION('',(0.707106781187,0.707106781187,0.));
#3747 = ORIENTED_EDGE('',*,*,#3516,.T.);
#3748 = ORIENTED_EDGE('',*,*,#3725,.T.);
#3749 = ORIENTED_EDGE('',*,*,#3750,.T.);
#3750 = EDGE_CURVE('',#3719,#3751,#3753,.T.);
#3751 = VERTEX_POINT('',#3752);
#3752 = CARTESIAN_POINT('',(0.8,0.175,0.6));
#3753 = LINE('',#3754,#3755);
#3754 = CARTESIAN_POINT('',(0.8,1.355,0.6));
#3755 = VECTOR('',#3756,1.);
#3756 = DIRECTION('',(1.110223024625E-16,-1.,0.));
#3757 = ORIENTED_EDGE('',*,*,#3758,.T.);
#3758 = EDGE_CURVE('',#3751,#3759,#3761,.T.);
#3759 = VERTEX_POINT('',#3760);
#3760 = CARTESIAN_POINT('',(0.775,0.175,0.6));
#3761 = LINE('',#3762,#3763);
#3762 = CARTESIAN_POINT('',(0.85,0.175,0.6));
#3763 = VECTOR('',#3764,1.);
#3764 = DIRECTION('',(-1.,-1.110223024625E-16,0.));
#3765 = ORIENTED_EDGE('',*,*,#3766,.F.);
#3766 = EDGE_CURVE('',#3767,#3759,#3769,.T.);
#3767 = VERTEX_POINT('',#3768);
#3768 = CARTESIAN_POINT('',(0.775,1.3425,0.6));
#3769 = LINE('',#3770,#3771);
#3770 = CARTESIAN_POINT('',(0.775,1.3425,0.6));
#3771 = VECTOR('',#3772,1.);
#3772 = DIRECTION('',(1.110223024625E-16,-1.,0.));
#3773 = ORIENTED_EDGE('',*,*,#3774,.F.);
#3774 = EDGE_CURVE('',#3775,#3767,#3777,.T.);
#3775 = VERTEX_POINT('',#3776);
#3776 = CARTESIAN_POINT('',(0.6925,1.425,0.6));
#3777 = LINE('',#3778,#3779);
#3778 = CARTESIAN_POINT('',(0.6925,1.425,0.6));
#3779 = VECTOR('',#3780,1.);
#3780 = DIRECTION('',(0.707106781187,-0.707106781187,0.));
#3781 = ORIENTED_EDGE('',*,*,#3782,.F.);
#3782 = EDGE_CURVE('',#3783,#3775,#3785,.T.);
#3783 = VERTEX_POINT('',#3784);
#3784 = CARTESIAN_POINT('',(-0.6925,1.425,0.6));
#3785 = LINE('',#3786,#3787);
#3786 = CARTESIAN_POINT('',(-0.6925,1.425,0.6));
#3787 = VECTOR('',#3788,1.);
#3788 = DIRECTION('',(1.,1.110223024625E-16,0.));
#3789 = ORIENTED_EDGE('',*,*,#3790,.F.);
#3790 = EDGE_CURVE('',#3791,#3783,#3793,.T.);
#3791 = VERTEX_POINT('',#3792);
#3792 = CARTESIAN_POINT('',(-0.775,1.3425,0.6));
#3793 = LINE('',#3794,#3795);
#3794 = CARTESIAN_POINT('',(-0.775,1.3425,0.6));
#3795 = VECTOR('',#3796,1.);
#3796 = DIRECTION('',(0.707106781187,0.707106781187,0.));
#3797 = ORIENTED_EDGE('',*,*,#3798,.F.);
#3798 = EDGE_CURVE('',#3799,#3791,#3801,.T.);
#3799 = VERTEX_POINT('',#3800);
#3800 = CARTESIAN_POINT('',(-0.775,1.125,0.6));
#3801 = LINE('',#3802,#3803);
#3802 = CARTESIAN_POINT('',(-0.775,-1.3425,0.6));
#3803 = VECTOR('',#3804,1.);
#3804 = DIRECTION('',(-1.110223024625E-16,1.,0.));
#3805 = ORIENTED_EDGE('',*,*,#3806,.F.);
#3806 = EDGE_CURVE('',#3807,#3799,#3809,.T.);
#3807 = VERTEX_POINT('',#3808);
#3808 = CARTESIAN_POINT('',(-0.8,1.125,0.6));
#3809 = LINE('',#3810,#3811);
#3810 = CARTESIAN_POINT('',(-0.85,1.125,0.6));
#3811 = VECTOR('',#3812,1.);
#3812 = DIRECTION('',(1.,-1.144237745222E-17,0.));
#3813 = ORIENTED_EDGE('',*,*,#3814,.T.);
#3814 = EDGE_CURVE('',#3807,#3741,#3815,.T.);
#3815 = LINE('',#3816,#3817);
#3816 = CARTESIAN_POINT('',(-0.8,-1.355,0.6));
#3817 = VECTOR('',#3818,1.);
#3818 = DIRECTION('',(-1.110223024625E-16,1.,0.));
#3819 = PLANE('',#3820);
#3820 = AXIS2_PLACEMENT_3D('',#3821,#3822,#3823);
#3821 = CARTESIAN_POINT('',(-2.091417030376E-16,1.4375,0.6));
#3822 = DIRECTION('',(2.888762391192E-17,8.634073551009E-28,-1.));
#3823 = DIRECTION('',(1.,1.51922136901E-16,2.888762391192E-17));
#3824 = ADVANCED_FACE('',(#3825),#3835,.F.);
#3825 = FACE_BOUND('',#3826,.F.);
#3826 = EDGE_LOOP('',(#3827,#3828,#3829,#3830));
#3827 = ORIENTED_EDGE('',*,*,#3539,.T.);
#3828 = ORIENTED_EDGE('',*,*,#3524,.T.);
#3829 = ORIENTED_EDGE('',*,*,#3740,.F.);
#3830 = ORIENTED_EDGE('',*,*,#3831,.F.);
#3831 = EDGE_CURVE('',#3540,#3741,#3832,.T.);
#3832 = B_SPLINE_CURVE_WITH_KNOTS('',1,(#3833,#3834),.UNSPECIFIED.,.F.,
  .F.,(2,2),(0.,1.),.PIECEWISE_BEZIER_KNOTS.);
#3833 = CARTESIAN_POINT('',(-0.8,1.355,0.45));
#3834 = CARTESIAN_POINT('',(-0.8,1.355,0.6));
#3835 = PLANE('',#3836);
#3836 = AXIS2_PLACEMENT_3D('',#3837,#3838,#3839);
#3837 = CARTESIAN_POINT('',(-0.8,1.355,0.6));
#3838 = DIRECTION('',(0.707106781187,-0.707106781187,0.));
#3839 = DIRECTION('',(0.707106781187,0.707106781187,0.));
#3840 = ADVANCED_FACE('',(#3841),#3865,.F.);
#3841 = FACE_BOUND('',#3842,.F.);
#3842 = EDGE_LOOP('',(#3843,#3850,#3851,#3859));
#3843 = ORIENTED_EDGE('',*,*,#3844,.F.);
#3844 = EDGE_CURVE('',#3595,#3845,#3847,.T.);
#3845 = VERTEX_POINT('',#3846);
#3846 = CARTESIAN_POINT('',(-0.8,-1.355,0.6));
#3847 = B_SPLINE_CURVE_WITH_KNOTS('',1,(#3848,#3849),.UNSPECIFIED.,.F.,
  .F.,(2,2),(0.,1.),.PIECEWISE_BEZIER_KNOTS.);
#3848 = CARTESIAN_POINT('',(-0.8,-1.355,0.45));
#3849 = CARTESIAN_POINT('',(-0.8,-1.355,0.6));
#3850 = ORIENTED_EDGE('',*,*,#3594,.T.);
#3851 = ORIENTED_EDGE('',*,*,#3852,.T.);
#3852 = EDGE_CURVE('',#3587,#3853,#3855,.T.);
#3853 = VERTEX_POINT('',#3854);
#3854 = CARTESIAN_POINT('',(-0.8,-1.125,0.6));
#3855 = LINE('',#3856,#3857);
#3856 = CARTESIAN_POINT('',(-0.8,-1.125,0.441412655976));
#3857 = VECTOR('',#3858,1.);
#3858 = DIRECTION('',(0.,0.,1.));
#3859 = ORIENTED_EDGE('',*,*,#3860,.F.);
#3860 = EDGE_CURVE('',#3845,#3853,#3861,.T.);
#3861 = LINE('',#3862,#3863);
#3862 = CARTESIAN_POINT('',(-0.8,-1.355,0.6));
#3863 = VECTOR('',#3864,1.);
#3864 = DIRECTION('',(-1.110223024625E-16,1.,0.));
#3865 = PLANE('',#3866);
#3866 = AXIS2_PLACEMENT_3D('',#3867,#3868,#3869);
#3867 = CARTESIAN_POINT('',(-0.8,-1.355,0.6));
#3868 = DIRECTION('',(1.,1.110223024625E-16,0.));
#3869 = DIRECTION('',(-1.110223024625E-16,1.,0.));
#3870 = ADVANCED_FACE('',(#3871),#3896,.F.);
#3871 = FACE_BOUND('',#3872,.F.);
#3872 = EDGE_LOOP('',(#3873,#3881,#3882,#3890));
#3873 = ORIENTED_EDGE('',*,*,#3874,.F.);
#3874 = EDGE_CURVE('',#3587,#3875,#3877,.T.);
#3875 = VERTEX_POINT('',#3876);
#3876 = CARTESIAN_POINT('',(-0.85,-1.125,0.45));
#3877 = LINE('',#3878,#3879);
#3878 = CARTESIAN_POINT('',(-0.75,-1.125,0.45));
#3879 = VECTOR('',#3880,1.);
#3880 = DIRECTION('',(-1.,1.144237745222E-17,0.));
#3881 = ORIENTED_EDGE('',*,*,#3586,.T.);
#3882 = ORIENTED_EDGE('',*,*,#3883,.T.);
#3883 = EDGE_CURVE('',#3579,#3884,#3886,.T.);
#3884 = VERTEX_POINT('',#3885);
#3885 = CARTESIAN_POINT('',(-0.85,-0.775,0.45));
#3886 = LINE('',#3887,#3888);
#3887 = CARTESIAN_POINT('',(-0.75,-0.775,0.45));
#3888 = VECTOR('',#3889,1.);
#3889 = DIRECTION('',(-1.,1.144237745222E-17,0.));
#3890 = ORIENTED_EDGE('',*,*,#3891,.F.);
#3891 = EDGE_CURVE('',#3875,#3884,#3892,.T.);
#3892 = LINE('',#3893,#3894);
#3893 = CARTESIAN_POINT('',(-0.85,-1.125,0.45));
#3894 = VECTOR('',#3895,1.);
#3895 = DIRECTION('',(1.144237745222E-17,1.,0.));
#3896 = PLANE('',#3897);
#3897 = AXIS2_PLACEMENT_3D('',#3898,#3899,#3900);
#3898 = CARTESIAN_POINT('',(-0.75,-1.125,0.45));
#3899 = DIRECTION('',(0.,0.,1.));
#3900 = DIRECTION('',(-1.,1.144237745222E-17,0.));
#3901 = ADVANCED_FACE('',(#3902),#3927,.F.);
#3902 = FACE_BOUND('',#3903,.F.);
#3903 = EDGE_LOOP('',(#3904,#3912,#3913,#3921));
#3904 = ORIENTED_EDGE('',*,*,#3905,.F.);
#3905 = EDGE_CURVE('',#3579,#3906,#3908,.T.);
#3906 = VERTEX_POINT('',#3907);
#3907 = CARTESIAN_POINT('',(-0.8,-0.775,0.6));
#3908 = LINE('',#3909,#3910);
#3909 = CARTESIAN_POINT('',(-0.8,-0.775,0.441412655976));
#3910 = VECTOR('',#3911,1.);
#3911 = DIRECTION('',(0.,0.,1.));
#3912 = ORIENTED_EDGE('',*,*,#3578,.T.);
#3913 = ORIENTED_EDGE('',*,*,#3914,.T.);
#3914 = EDGE_CURVE('',#3571,#3915,#3917,.T.);
#3915 = VERTEX_POINT('',#3916);
#3916 = CARTESIAN_POINT('',(-0.8,0.775,0.6));
#3917 = LINE('',#3918,#3919);
#3918 = CARTESIAN_POINT('',(-0.8,0.775,0.441412655976));
#3919 = VECTOR('',#3920,1.);
#3920 = DIRECTION('',(0.,0.,1.));
#3921 = ORIENTED_EDGE('',*,*,#3922,.F.);
#3922 = EDGE_CURVE('',#3906,#3915,#3923,.T.);
#3923 = LINE('',#3924,#3925);
#3924 = CARTESIAN_POINT('',(-0.8,-1.355,0.6));
#3925 = VECTOR('',#3926,1.);
#3926 = DIRECTION('',(-1.110223024625E-16,1.,0.));
#3927 = PLANE('',#3928);
#3928 = AXIS2_PLACEMENT_3D('',#3929,#3930,#3931);
#3929 = CARTESIAN_POINT('',(-0.8,-1.355,0.6));
#3930 = DIRECTION('',(1.,1.110223024625E-16,0.));
#3931 = DIRECTION('',(-1.110223024625E-16,1.,0.));
#3932 = ADVANCED_FACE('',(#3933),#3958,.F.);
#3933 = FACE_BOUND('',#3934,.F.);
#3934 = EDGE_LOOP('',(#3935,#3943,#3944,#3952));
#3935 = ORIENTED_EDGE('',*,*,#3936,.F.);
#3936 = EDGE_CURVE('',#3571,#3937,#3939,.T.);
#3937 = VERTEX_POINT('',#3938);
#3938 = CARTESIAN_POINT('',(-0.85,0.775,0.45));
#3939 = LINE('',#3940,#3941);
#3940 = CARTESIAN_POINT('',(-0.75,0.775,0.45));
#3941 = VECTOR('',#3942,1.);
#3942 = DIRECTION('',(-1.,1.144237745222E-17,0.));
#3943 = ORIENTED_EDGE('',*,*,#3570,.T.);
#3944 = ORIENTED_EDGE('',*,*,#3945,.T.);
#3945 = EDGE_CURVE('',#3563,#3946,#3948,.T.);
#3946 = VERTEX_POINT('',#3947);
#3947 = CARTESIAN_POINT('',(-0.85,1.125,0.45));
#3948 = LINE('',#3949,#3950);
#3949 = CARTESIAN_POINT('',(-0.75,1.125,0.45));
#3950 = VECTOR('',#3951,1.);
#3951 = DIRECTION('',(-1.,1.144237745222E-17,0.));
#3952 = ORIENTED_EDGE('',*,*,#3953,.F.);
#3953 = EDGE_CURVE('',#3937,#3946,#3954,.T.);
#3954 = LINE('',#3955,#3956);
#3955 = CARTESIAN_POINT('',(-0.85,0.775,0.45));
#3956 = VECTOR('',#3957,1.);
#3957 = DIRECTION('',(1.144237745222E-17,1.,0.));
#3958 = PLANE('',#3959);
#3959 = AXIS2_PLACEMENT_3D('',#3960,#3961,#3962);
#3960 = CARTESIAN_POINT('',(-0.75,0.775,0.45));
#3961 = DIRECTION('',(0.,0.,1.));
#3962 = DIRECTION('',(-1.,1.144237745222E-17,0.));
#3963 = ADVANCED_FACE('',(#3964),#3975,.F.);
#3964 = FACE_BOUND('',#3965,.F.);
#3965 = EDGE_LOOP('',(#3966,#3972,#3973,#3974));
#3966 = ORIENTED_EDGE('',*,*,#3967,.F.);
#3967 = EDGE_CURVE('',#3563,#3807,#3968,.T.);
#3968 = LINE('',#3969,#3970);
#3969 = CARTESIAN_POINT('',(-0.8,1.125,0.441412655976));
#3970 = VECTOR('',#3971,1.);
#3971 = DIRECTION('',(0.,0.,1.));
#3972 = ORIENTED_EDGE('',*,*,#3562,.T.);
#3973 = ORIENTED_EDGE('',*,*,#3831,.T.);
#3974 = ORIENTED_EDGE('',*,*,#3814,.F.);
#3975 = PLANE('',#3976);
#3976 = AXIS2_PLACEMENT_3D('',#3977,#3978,#3979);
#3977 = CARTESIAN_POINT('',(-0.8,-1.355,0.6));
#3978 = DIRECTION('',(1.,1.110223024625E-16,0.));
#3979 = DIRECTION('',(-1.110223024625E-16,1.,0.));
#3980 = ADVANCED_FACE('',(#3981),#3992,.F.);
#3981 = FACE_BOUND('',#3982,.F.);
#3982 = EDGE_LOOP('',(#3983,#3984,#3985,#3991));
#3983 = ORIENTED_EDGE('',*,*,#3718,.F.);
#3984 = ORIENTED_EDGE('',*,*,#3639,.T.);
#3985 = ORIENTED_EDGE('',*,*,#3986,.T.);
#3986 = EDGE_CURVE('',#3632,#3751,#3987,.T.);
#3987 = LINE('',#3988,#3989);
#3988 = CARTESIAN_POINT('',(0.8,0.175,0.441412655976));
#3989 = VECTOR('',#3990,1.);
#3990 = DIRECTION('',(0.,0.,1.));
#3991 = ORIENTED_EDGE('',*,*,#3750,.F.);
#3992 = PLANE('',#3993);
#3993 = AXIS2_PLACEMENT_3D('',#3994,#3995,#3996);
#3994 = CARTESIAN_POINT('',(0.8,1.355,0.6));
#3995 = DIRECTION('',(-1.,-1.110223024625E-16,0.));
#3996 = DIRECTION('',(1.110223024625E-16,-1.,0.));
#3997 = ADVANCED_FACE('',(#3998),#4023,.F.);
#3998 = FACE_BOUND('',#3999,.F.);
#3999 = EDGE_LOOP('',(#4000,#4008,#4009,#4017));
#4000 = ORIENTED_EDGE('',*,*,#4001,.F.);
#4001 = EDGE_CURVE('',#3632,#4002,#4004,.T.);
#4002 = VERTEX_POINT('',#4003);
#4003 = CARTESIAN_POINT('',(0.85,0.175,0.45));
#4004 = LINE('',#4005,#4006);
#4005 = CARTESIAN_POINT('',(0.75,0.175,0.45));
#4006 = VECTOR('',#4007,1.);
#4007 = DIRECTION('',(1.,1.110223024625E-16,0.));
#4008 = ORIENTED_EDGE('',*,*,#3631,.T.);
#4009 = ORIENTED_EDGE('',*,*,#4010,.T.);
#4010 = EDGE_CURVE('',#3624,#4011,#4013,.T.);
#4011 = VERTEX_POINT('',#4012);
#4012 = CARTESIAN_POINT('',(0.85,-0.175,0.45));
#4013 = LINE('',#4014,#4015);
#4014 = CARTESIAN_POINT('',(0.75,-0.175,0.45));
#4015 = VECTOR('',#4016,1.);
#4016 = DIRECTION('',(1.,1.110223024625E-16,0.));
#4017 = ORIENTED_EDGE('',*,*,#4018,.F.);
#4018 = EDGE_CURVE('',#4002,#4011,#4019,.T.);
#4019 = LINE('',#4020,#4021);
#4020 = CARTESIAN_POINT('',(0.85,0.175,0.45));
#4021 = VECTOR('',#4022,1.);
#4022 = DIRECTION('',(1.110223024625E-16,-1.,0.));
#4023 = PLANE('',#4024);
#4024 = AXIS2_PLACEMENT_3D('',#4025,#4026,#4027);
#4025 = CARTESIAN_POINT('',(0.75,0.175,0.45));
#4026 = DIRECTION('',(0.,0.,1.));
#4027 = DIRECTION('',(1.,1.110223024625E-16,-0.));
#4028 = ADVANCED_FACE('',(#4029),#4053,.F.);
#4029 = FACE_BOUND('',#4030,.F.);
#4030 = EDGE_LOOP('',(#4031,#4039,#4040,#4047));
#4031 = ORIENTED_EDGE('',*,*,#4032,.F.);
#4032 = EDGE_CURVE('',#3624,#4033,#4035,.T.);
#4033 = VERTEX_POINT('',#4034);
#4034 = CARTESIAN_POINT('',(0.8,-0.175,0.6));
#4035 = LINE('',#4036,#4037);
#4036 = CARTESIAN_POINT('',(0.8,-0.175,0.441412655976));
#4037 = VECTOR('',#4038,1.);
#4038 = DIRECTION('',(0.,0.,1.));
#4039 = ORIENTED_EDGE('',*,*,#3623,.T.);
#4040 = ORIENTED_EDGE('',*,*,#4041,.T.);
#4041 = EDGE_CURVE('',#3617,#4042,#4044,.T.);
#4042 = VERTEX_POINT('',#4043);
#4043 = CARTESIAN_POINT('',(0.8,-1.355,0.6));
#4044 = B_SPLINE_CURVE_WITH_KNOTS('',1,(#4045,#4046),.UNSPECIFIED.,.F.,
  .F.,(2,2),(0.,1.),.PIECEWISE_BEZIER_KNOTS.);
#4045 = CARTESIAN_POINT('',(0.8,-1.355,0.45));
#4046 = CARTESIAN_POINT('',(0.8,-1.355,0.6));
#4047 = ORIENTED_EDGE('',*,*,#4048,.F.);
#4048 = EDGE_CURVE('',#4033,#4042,#4049,.T.);
#4049 = LINE('',#4050,#4051);
#4050 = CARTESIAN_POINT('',(0.8,1.355,0.6));
#4051 = VECTOR('',#4052,1.);
#4052 = DIRECTION('',(1.110223024625E-16,-1.,0.));
#4053 = PLANE('',#4054);
#4054 = AXIS2_PLACEMENT_3D('',#4055,#4056,#4057);
#4055 = CARTESIAN_POINT('',(0.8,1.355,0.6));
#4056 = DIRECTION('',(-1.,-1.110223024625E-16,0.));
#4057 = DIRECTION('',(1.110223024625E-16,-1.,0.));
#4058 = ADVANCED_FACE('',(#4059),#4076,.F.);
#4059 = FACE_BOUND('',#4060,.F.);
#4060 = EDGE_LOOP('',(#4061,#4062,#4063,#4071));
#4061 = ORIENTED_EDGE('',*,*,#3656,.T.);
#4062 = ORIENTED_EDGE('',*,*,#3844,.T.);
#4063 = ORIENTED_EDGE('',*,*,#4064,.F.);
#4064 = EDGE_CURVE('',#4065,#3845,#4067,.T.);
#4065 = VERTEX_POINT('',#4066);
#4066 = CARTESIAN_POINT('',(-0.705,-1.45,0.6));
#4067 = LINE('',#4068,#4069);
#4068 = CARTESIAN_POINT('',(-0.705,-1.45,0.6));
#4069 = VECTOR('',#4070,1.);
#4070 = DIRECTION('',(-0.707106781187,0.707106781187,0.));
#4071 = ORIENTED_EDGE('',*,*,#4072,.F.);
#4072 = EDGE_CURVE('',#3657,#4065,#4073,.T.);
#4073 = B_SPLINE_CURVE_WITH_KNOTS('',1,(#4074,#4075),.UNSPECIFIED.,.F.,
  .F.,(2,2),(0.,1.),.PIECEWISE_BEZIER_KNOTS.);
#4074 = CARTESIAN_POINT('',(-0.705,-1.45,0.45));
#4075 = CARTESIAN_POINT('',(-0.705,-1.45,0.6));
#4076 = PLANE('',#4077);
#4077 = AXIS2_PLACEMENT_3D('',#4078,#4079,#4080);
#4078 = CARTESIAN_POINT('',(-0.705,-1.45,0.6));
#4079 = DIRECTION('',(0.707106781187,0.707106781187,0.));
#4080 = DIRECTION('',(-0.707106781187,0.707106781187,0.));
#4081 = ADVANCED_FACE('',(#4082),#4099,.F.);
#4082 = FACE_BOUND('',#4083,.F.);
#4083 = EDGE_LOOP('',(#4084,#4085,#4092,#4098));
#4084 = ORIENTED_EDGE('',*,*,#3685,.T.);
#4085 = ORIENTED_EDGE('',*,*,#4086,.T.);
#4086 = EDGE_CURVE('',#3679,#4087,#4089,.T.);
#4087 = VERTEX_POINT('',#4088);
#4088 = CARTESIAN_POINT('',(0.705,-1.45,0.6));
#4089 = B_SPLINE_CURVE_WITH_KNOTS('',1,(#4090,#4091),.UNSPECIFIED.,.F.,
  .F.,(2,2),(0.,1.),.PIECEWISE_BEZIER_KNOTS.);
#4090 = CARTESIAN_POINT('',(0.705,-1.45,0.45));
#4091 = CARTESIAN_POINT('',(0.705,-1.45,0.6));
#4092 = ORIENTED_EDGE('',*,*,#4093,.F.);
#4093 = EDGE_CURVE('',#4042,#4087,#4094,.T.);
#4094 = LINE('',#4095,#4096);
#4095 = CARTESIAN_POINT('',(0.8,-1.355,0.6));
#4096 = VECTOR('',#4097,1.);
#4097 = DIRECTION('',(-0.707106781187,-0.707106781187,0.));
#4098 = ORIENTED_EDGE('',*,*,#4041,.F.);
#4099 = PLANE('',#4100);
#4100 = AXIS2_PLACEMENT_3D('',#4101,#4102,#4103);
#4101 = CARTESIAN_POINT('',(0.8,-1.355,0.6));
#4102 = DIRECTION('',(-0.707106781187,0.707106781187,0.));
#4103 = DIRECTION('',(-0.707106781187,-0.707106781187,0.));
#4104 = ADVANCED_FACE('',(#4105),#4116,.F.);
#4105 = FACE_BOUND('',#4106,.F.);
#4106 = EDGE_LOOP('',(#4107,#4108,#4109,#4115));
#4107 = ORIENTED_EDGE('',*,*,#3702,.T.);
#4108 = ORIENTED_EDGE('',*,*,#4072,.T.);
#4109 = ORIENTED_EDGE('',*,*,#4110,.F.);
#4110 = EDGE_CURVE('',#4087,#4065,#4111,.T.);
#4111 = LINE('',#4112,#4113);
#4112 = CARTESIAN_POINT('',(0.705,-1.45,0.6));
#4113 = VECTOR('',#4114,1.);
#4114 = DIRECTION('',(-1.,-1.110223024625E-16,0.));
#4115 = ORIENTED_EDGE('',*,*,#4086,.F.);
#4116 = PLANE('',#4117);
#4117 = AXIS2_PLACEMENT_3D('',#4118,#4119,#4120);
#4118 = CARTESIAN_POINT('',(0.705,-1.45,0.6));
#4119 = DIRECTION('',(-1.110223024625E-16,1.,0.));
#4120 = DIRECTION('',(-1.,-1.110223024625E-16,0.));
#4121 = ADVANCED_FACE('',(#4122),#4161,.F.);
#4122 = FACE_BOUND('',#4123,.F.);
#4123 = EDGE_LOOP('',(#4124,#4132,#4140,#4146,#4147,#4155));
#4124 = ORIENTED_EDGE('',*,*,#4125,.F.);
#4125 = EDGE_CURVE('',#4126,#3915,#4128,.T.);
#4126 = VERTEX_POINT('',#4127);
#4127 = CARTESIAN_POINT('',(-0.85,0.775,0.6));
#4128 = LINE('',#4129,#4130);
#4129 = CARTESIAN_POINT('',(-0.85,0.775,0.6));
#4130 = VECTOR('',#4131,1.);
#4131 = DIRECTION('',(1.,-1.144237745222E-17,0.));
#4132 = ORIENTED_EDGE('',*,*,#4133,.T.);
#4133 = EDGE_CURVE('',#4126,#4134,#4136,.T.);
#4134 = VERTEX_POINT('',#4135);
#4135 = CARTESIAN_POINT('',(-0.85,1.125,0.6));
#4136 = LINE('',#4137,#4138);
#4137 = CARTESIAN_POINT('',(-0.85,0.775,0.6));
#4138 = VECTOR('',#4139,1.);
#4139 = DIRECTION('',(1.144237745222E-17,1.,0.));
#4140 = ORIENTED_EDGE('',*,*,#4141,.T.);
#4141 = EDGE_CURVE('',#4134,#3807,#4142,.T.);
#4142 = LINE('',#4143,#4144);
#4143 = CARTESIAN_POINT('',(-0.85,1.125,0.6));
#4144 = VECTOR('',#4145,1.);
#4145 = DIRECTION('',(1.,-1.144237745222E-17,0.));
#4146 = ORIENTED_EDGE('',*,*,#3806,.T.);
#4147 = ORIENTED_EDGE('',*,*,#4148,.F.);
#4148 = EDGE_CURVE('',#4149,#3799,#4151,.T.);
#4149 = VERTEX_POINT('',#4150);
#4150 = CARTESIAN_POINT('',(-0.775,0.775,0.6));
#4151 = LINE('',#4152,#4153);
#4152 = CARTESIAN_POINT('',(-0.775,-1.3425,0.6));
#4153 = VECTOR('',#4154,1.);
#4154 = DIRECTION('',(-1.110223024625E-16,1.,0.));
#4155 = ORIENTED_EDGE('',*,*,#4156,.F.);
#4156 = EDGE_CURVE('',#3915,#4149,#4157,.T.);
#4157 = LINE('',#4158,#4159);
#4158 = CARTESIAN_POINT('',(-0.85,0.775,0.6));
#4159 = VECTOR('',#4160,1.);
#4160 = DIRECTION('',(1.,-1.144237745222E-17,0.));
#4161 = PLANE('',#4162);
#4162 = AXIS2_PLACEMENT_3D('',#4163,#4164,#4165);
#4163 = CARTESIAN_POINT('',(-0.85,0.775,0.6));
#4164 = DIRECTION('',(0.,0.,-1.));
#4165 = DIRECTION('',(1.,-1.144237745222E-17,0.));
#4166 = ADVANCED_FACE('',(#4167),#4215,.F.);
#4167 = FACE_BOUND('',#4168,.F.);
#4168 = EDGE_LOOP('',(#4169,#4179,#4187,#4193,#4194,#4195,#4202,#4210));
#4169 = ORIENTED_EDGE('',*,*,#4170,.T.);
#4170 = EDGE_CURVE('',#4171,#4173,#4175,.T.);
#4171 = VERTEX_POINT('',#4172);
#4172 = CARTESIAN_POINT('',(-0.775,-1.3425,0.6));
#4173 = VERTEX_POINT('',#4174);
#4174 = CARTESIAN_POINT('',(-0.775,-1.125,0.6));
#4175 = LINE('',#4176,#4177);
#4176 = CARTESIAN_POINT('',(-0.775,-1.3425,0.6));
#4177 = VECTOR('',#4178,1.);
#4178 = DIRECTION('',(-1.110223024625E-16,1.,0.));
#4179 = ORIENTED_EDGE('',*,*,#4180,.T.);
#4180 = EDGE_CURVE('',#4173,#4181,#4183,.T.);
#4181 = VERTEX_POINT('',#4182);
#4182 = CARTESIAN_POINT('',(-0.775,-0.775,0.6));
#4183 = LINE('',#4184,#4185);
#4184 = CARTESIAN_POINT('',(-0.775,-1.3425,0.6));
#4185 = VECTOR('',#4186,1.);
#4186 = DIRECTION('',(-1.110223024625E-16,1.,0.));
#4187 = ORIENTED_EDGE('',*,*,#4188,.T.);
#4188 = EDGE_CURVE('',#4181,#4149,#4189,.T.);
#4189 = LINE('',#4190,#4191);
#4190 = CARTESIAN_POINT('',(-0.775,-1.3425,0.6));
#4191 = VECTOR('',#4192,1.);
#4192 = DIRECTION('',(-1.110223024625E-16,1.,0.));
#4193 = ORIENTED_EDGE('',*,*,#4148,.T.);
#4194 = ORIENTED_EDGE('',*,*,#3798,.T.);
#4195 = ORIENTED_EDGE('',*,*,#4196,.T.);
#4196 = EDGE_CURVE('',#3791,#4197,#4199,.T.);
#4197 = VERTEX_POINT('',#4198);
#4198 = CARTESIAN_POINT('',(-0.725810707854,1.317905353927,0.95));
#4199 = B_SPLINE_CURVE_WITH_KNOTS('',1,(#4200,#4201),.UNSPECIFIED.,.F.,
  .F.,(2,2),(0.,1.),.PIECEWISE_BEZIER_KNOTS.);
#4200 = CARTESIAN_POINT('',(-0.775,1.3425,0.6));
#4201 = CARTESIAN_POINT('',(-0.725810707854,1.317905353927,0.95));
#4202 = ORIENTED_EDGE('',*,*,#4203,.F.);
#4203 = EDGE_CURVE('',#4204,#4197,#4206,.T.);
#4204 = VERTEX_POINT('',#4205);
#4205 = CARTESIAN_POINT('',(-0.725810707854,-1.317905353927,0.95));
#4206 = LINE('',#4207,#4208);
#4207 = CARTESIAN_POINT('',(-0.725810707854,-1.317905353927,0.95));
#4208 = VECTOR('',#4209,1.);
#4209 = DIRECTION('',(-1.110223024625E-16,1.,0.));
#4210 = ORIENTED_EDGE('',*,*,#4211,.F.);
#4211 = EDGE_CURVE('',#4171,#4204,#4212,.T.);
#4212 = B_SPLINE_CURVE_WITH_KNOTS('',1,(#4213,#4214),.UNSPECIFIED.,.F.,
  .F.,(2,2),(0.,1.),.PIECEWISE_BEZIER_KNOTS.);
#4213 = CARTESIAN_POINT('',(-0.775,-1.3425,0.6));
#4214 = CARTESIAN_POINT('',(-0.725810707854,-1.317905353927,0.95));
#4215 = B_SPLINE_SURFACE_WITH_KNOTS('',1,1,(
    (#4216,#4217)
    ,(#4218,#4219
    )),.UNSPECIFIED.,.F.,.F.,.F.,(2,2),(2,2),(0.,2.685),(0.,1.),
  .PIECEWISE_BEZIER_KNOTS.);
#4216 = CARTESIAN_POINT('',(-0.775,-1.3425,0.6));
#4217 = CARTESIAN_POINT('',(-0.725810707854,-1.317905353927,0.95));
#4218 = CARTESIAN_POINT('',(-0.775,1.3425,0.6));
#4219 = CARTESIAN_POINT('',(-0.725810707854,1.317905353927,0.95));
#4220 = ADVANCED_FACE('',(#4221),#4238,.F.);
#4221 = FACE_BOUND('',#4222,.F.);
#4222 = EDGE_LOOP('',(#4223,#4224,#4231,#4237));
#4223 = ORIENTED_EDGE('',*,*,#3790,.T.);
#4224 = ORIENTED_EDGE('',*,*,#4225,.T.);
#4225 = EDGE_CURVE('',#3783,#4226,#4228,.T.);
#4226 = VERTEX_POINT('',#4227);
#4227 = CARTESIAN_POINT('',(-0.667905353927,1.375810707854,0.95));
#4228 = B_SPLINE_CURVE_WITH_KNOTS('',1,(#4229,#4230),.UNSPECIFIED.,.F.,
  .F.,(2,2),(0.,1.),.PIECEWISE_BEZIER_KNOTS.);
#4229 = CARTESIAN_POINT('',(-0.6925,1.425,0.6));
#4230 = CARTESIAN_POINT('',(-0.667905353927,1.375810707854,0.95));
#4231 = ORIENTED_EDGE('',*,*,#4232,.F.);
#4232 = EDGE_CURVE('',#4197,#4226,#4233,.T.);
#4233 = LINE('',#4234,#4235);
#4234 = CARTESIAN_POINT('',(-0.725810707854,1.317905353927,0.95));
#4235 = VECTOR('',#4236,1.);
#4236 = DIRECTION('',(0.707106781187,0.707106781187,0.));
#4237 = ORIENTED_EDGE('',*,*,#4196,.F.);
#4238 = B_SPLINE_SURFACE_WITH_KNOTS('',1,1,(
    (#4239,#4240)
    ,(#4241,#4242
    )),.UNSPECIFIED.,.F.,.F.,.F.,(2,2),(2,2),(0.,0.116672618896),(0.,1.)
  ,.PIECEWISE_BEZIER_KNOTS.);
#4239 = CARTESIAN_POINT('',(-0.775,1.3425,0.6));
#4240 = CARTESIAN_POINT('',(-0.725810707854,1.317905353927,0.95));
#4241 = CARTESIAN_POINT('',(-0.6925,1.425,0.6));
#4242 = CARTESIAN_POINT('',(-0.667905353927,1.375810707854,0.95));
#4243 = ADVANCED_FACE('',(#4244),#4261,.F.);
#4244 = FACE_BOUND('',#4245,.F.);
#4245 = EDGE_LOOP('',(#4246,#4247,#4254,#4260));
#4246 = ORIENTED_EDGE('',*,*,#3782,.T.);
#4247 = ORIENTED_EDGE('',*,*,#4248,.T.);
#4248 = EDGE_CURVE('',#3775,#4249,#4251,.T.);
#4249 = VERTEX_POINT('',#4250);
#4250 = CARTESIAN_POINT('',(0.667905353927,1.375810707854,0.95));
#4251 = B_SPLINE_CURVE_WITH_KNOTS('',1,(#4252,#4253),.UNSPECIFIED.,.F.,
  .F.,(2,2),(0.,1.),.PIECEWISE_BEZIER_KNOTS.);
#4252 = CARTESIAN_POINT('',(0.6925,1.425,0.6));
#4253 = CARTESIAN_POINT('',(0.667905353927,1.375810707854,0.95));
#4254 = ORIENTED_EDGE('',*,*,#4255,.F.);
#4255 = EDGE_CURVE('',#4226,#4249,#4256,.T.);
#4256 = LINE('',#4257,#4258);
#4257 = CARTESIAN_POINT('',(-0.667905353927,1.375810707854,0.95));
#4258 = VECTOR('',#4259,1.);
#4259 = DIRECTION('',(1.,1.110223024625E-16,0.));
#4260 = ORIENTED_EDGE('',*,*,#4225,.F.);
#4261 = B_SPLINE_SURFACE_WITH_KNOTS('',1,1,(
    (#4262,#4263)
    ,(#4264,#4265
    )),.UNSPECIFIED.,.F.,.F.,.F.,(2,2),(2,2),(0.,1.385),(0.,1.),
  .PIECEWISE_BEZIER_KNOTS.);
#4262 = CARTESIAN_POINT('',(-0.6925,1.425,0.6));
#4263 = CARTESIAN_POINT('',(-0.667905353927,1.375810707854,0.95));
#4264 = CARTESIAN_POINT('',(0.6925,1.425,0.6));
#4265 = CARTESIAN_POINT('',(0.667905353927,1.375810707854,0.95));
#4266 = ADVANCED_FACE('',(#4267),#4284,.F.);
#4267 = FACE_BOUND('',#4268,.F.);
#4268 = EDGE_LOOP('',(#4269,#4270,#4277,#4283));
#4269 = ORIENTED_EDGE('',*,*,#3774,.T.);
#4270 = ORIENTED_EDGE('',*,*,#4271,.T.);
#4271 = EDGE_CURVE('',#3767,#4272,#4274,.T.);
#4272 = VERTEX_POINT('',#4273);
#4273 = CARTESIAN_POINT('',(0.725810707854,1.317905353927,0.95));
#4274 = B_SPLINE_CURVE_WITH_KNOTS('',1,(#4275,#4276),.UNSPECIFIED.,.F.,
  .F.,(2,2),(0.,1.),.PIECEWISE_BEZIER_KNOTS.);
#4275 = CARTESIAN_POINT('',(0.775,1.3425,0.6));
#4276 = CARTESIAN_POINT('',(0.725810707854,1.317905353927,0.95));
#4277 = ORIENTED_EDGE('',*,*,#4278,.F.);
#4278 = EDGE_CURVE('',#4249,#4272,#4279,.T.);
#4279 = LINE('',#4280,#4281);
#4280 = CARTESIAN_POINT('',(0.667905353927,1.375810707854,0.95));
#4281 = VECTOR('',#4282,1.);
#4282 = DIRECTION('',(0.707106781187,-0.707106781187,0.));
#4283 = ORIENTED_EDGE('',*,*,#4248,.F.);
#4284 = B_SPLINE_SURFACE_WITH_KNOTS('',1,1,(
    (#4285,#4286)
    ,(#4287,#4288
    )),.UNSPECIFIED.,.F.,.F.,.F.,(2,2),(2,2),(0.,0.116672618896),(0.,1.)
  ,.PIECEWISE_BEZIER_KNOTS.);
#4285 = CARTESIAN_POINT('',(0.6925,1.425,0.6));
#4286 = CARTESIAN_POINT('',(0.667905353927,1.375810707854,0.95));
#4287 = CARTESIAN_POINT('',(0.775,1.3425,0.6));
#4288 = CARTESIAN_POINT('',(0.725810707854,1.317905353927,0.95));
#4289 = ADVANCED_FACE('',(#4290),#4323,.F.);
#4290 = FACE_BOUND('',#4291,.F.);
#4291 = EDGE_LOOP('',(#4292,#4293,#4301,#4309,#4316,#4322));
#4292 = ORIENTED_EDGE('',*,*,#3766,.T.);
#4293 = ORIENTED_EDGE('',*,*,#4294,.T.);
#4294 = EDGE_CURVE('',#3759,#4295,#4297,.T.);
#4295 = VERTEX_POINT('',#4296);
#4296 = CARTESIAN_POINT('',(0.775,-0.175,0.6));
#4297 = LINE('',#4298,#4299);
#4298 = CARTESIAN_POINT('',(0.775,1.3425,0.6));
#4299 = VECTOR('',#4300,1.);
#4300 = DIRECTION('',(1.110223024625E-16,-1.,0.));
#4301 = ORIENTED_EDGE('',*,*,#4302,.T.);
#4302 = EDGE_CURVE('',#4295,#4303,#4305,.T.);
#4303 = VERTEX_POINT('',#4304);
#4304 = CARTESIAN_POINT('',(0.775,-1.3425,0.6));
#4305 = LINE('',#4306,#4307);
#4306 = CARTESIAN_POINT('',(0.775,1.3425,0.6));
#4307 = VECTOR('',#4308,1.);
#4308 = DIRECTION('',(1.110223024625E-16,-1.,0.));
#4309 = ORIENTED_EDGE('',*,*,#4310,.T.);
#4310 = EDGE_CURVE('',#4303,#4311,#4313,.T.);
#4311 = VERTEX_POINT('',#4312);
#4312 = CARTESIAN_POINT('',(0.725810707854,-1.317905353927,0.95));
#4313 = B_SPLINE_CURVE_WITH_KNOTS('',1,(#4314,#4315),.UNSPECIFIED.,.F.,
  .F.,(2,2),(0.,1.),.PIECEWISE_BEZIER_KNOTS.);
#4314 = CARTESIAN_POINT('',(0.775,-1.3425,0.6));
#4315 = CARTESIAN_POINT('',(0.725810707854,-1.317905353927,0.95));
#4316 = ORIENTED_EDGE('',*,*,#4317,.F.);
#4317 = EDGE_CURVE('',#4272,#4311,#4318,.T.);
#4318 = LINE('',#4319,#4320);
#4319 = CARTESIAN_POINT('',(0.725810707854,1.317905353927,0.95));
#4320 = VECTOR('',#4321,1.);
#4321 = DIRECTION('',(1.110223024625E-16,-1.,0.));
#4322 = ORIENTED_EDGE('',*,*,#4271,.F.);
#4323 = B_SPLINE_SURFACE_WITH_KNOTS('',1,1,(
    (#4324,#4325)
    ,(#4326,#4327
    )),.UNSPECIFIED.,.F.,.F.,.F.,(2,2),(2,2),(0.,2.685),(0.,1.),
  .PIECEWISE_BEZIER_KNOTS.);
#4324 = CARTESIAN_POINT('',(0.775,1.3425,0.6));
#4325 = CARTESIAN_POINT('',(0.725810707854,1.317905353927,0.95));
#4326 = CARTESIAN_POINT('',(0.775,-1.3425,0.6));
#4327 = CARTESIAN_POINT('',(0.725810707854,-1.317905353927,0.95));
#4328 = ADVANCED_FACE('',(#4329),#4361,.F.);
#4329 = FACE_BOUND('',#4330,.F.);
#4330 = EDGE_LOOP('',(#4331,#4339,#4347,#4353,#4359,#4360));
#4331 = ORIENTED_EDGE('',*,*,#4332,.F.);
#4332 = EDGE_CURVE('',#4333,#3751,#4335,.T.);
#4333 = VERTEX_POINT('',#4334);
#4334 = CARTESIAN_POINT('',(0.85,0.175,0.6));
#4335 = LINE('',#4336,#4337);
#4336 = CARTESIAN_POINT('',(0.85,0.175,0.6));
#4337 = VECTOR('',#4338,1.);
#4338 = DIRECTION('',(-1.,-1.110223024625E-16,0.));
#4339 = ORIENTED_EDGE('',*,*,#4340,.T.);
#4340 = EDGE_CURVE('',#4333,#4341,#4343,.T.);
#4341 = VERTEX_POINT('',#4342);
#4342 = CARTESIAN_POINT('',(0.85,-0.175,0.6));
#4343 = LINE('',#4344,#4345);
#4344 = CARTESIAN_POINT('',(0.85,0.175,0.6));
#4345 = VECTOR('',#4346,1.);
#4346 = DIRECTION('',(1.110223024625E-16,-1.,0.));
#4347 = ORIENTED_EDGE('',*,*,#4348,.T.);
#4348 = EDGE_CURVE('',#4341,#4033,#4349,.T.);
#4349 = LINE('',#4350,#4351);
#4350 = CARTESIAN_POINT('',(0.85,-0.175,0.6));
#4351 = VECTOR('',#4352,1.);
#4352 = DIRECTION('',(-1.,-1.110223024625E-16,0.));
#4353 = ORIENTED_EDGE('',*,*,#4354,.T.);
#4354 = EDGE_CURVE('',#4033,#4295,#4355,.T.);
#4355 = LINE('',#4356,#4357);
#4356 = CARTESIAN_POINT('',(0.85,-0.175,0.6));
#4357 = VECTOR('',#4358,1.);
#4358 = DIRECTION('',(-1.,-1.110223024625E-16,0.));
#4359 = ORIENTED_EDGE('',*,*,#4294,.F.);
#4360 = ORIENTED_EDGE('',*,*,#3758,.F.);
#4361 = PLANE('',#4362);
#4362 = AXIS2_PLACEMENT_3D('',#4363,#4364,#4365);
#4363 = CARTESIAN_POINT('',(0.85,0.175,0.6));
#4364 = DIRECTION('',(0.,0.,-1.));
#4365 = DIRECTION('',(-1.,-1.110223024625E-16,-0.));
#4366 = ADVANCED_FACE('',(#4367),#4405,.F.);
#4367 = FACE_BOUND('',#4368,.F.);
#4368 = EDGE_LOOP('',(#4369,#4370,#4371,#4372,#4373,#4374,#4375,#4381,
    #4382,#4390,#4398,#4404));
#4369 = ORIENTED_EDGE('',*,*,#4354,.F.);
#4370 = ORIENTED_EDGE('',*,*,#4048,.T.);
#4371 = ORIENTED_EDGE('',*,*,#4093,.T.);
#4372 = ORIENTED_EDGE('',*,*,#4110,.T.);
#4373 = ORIENTED_EDGE('',*,*,#4064,.T.);
#4374 = ORIENTED_EDGE('',*,*,#3860,.T.);
#4375 = ORIENTED_EDGE('',*,*,#4376,.T.);
#4376 = EDGE_CURVE('',#3853,#4173,#4377,.T.);
#4377 = LINE('',#4378,#4379);
#4378 = CARTESIAN_POINT('',(-0.85,-1.125,0.6));
#4379 = VECTOR('',#4380,1.);
#4380 = DIRECTION('',(1.,-1.144237745222E-17,0.));
#4381 = ORIENTED_EDGE('',*,*,#4170,.F.);
#4382 = ORIENTED_EDGE('',*,*,#4383,.F.);
#4383 = EDGE_CURVE('',#4384,#4171,#4386,.T.);
#4384 = VERTEX_POINT('',#4385);
#4385 = CARTESIAN_POINT('',(-0.6925,-1.425,0.6));
#4386 = LINE('',#4387,#4388);
#4387 = CARTESIAN_POINT('',(-0.6925,-1.425,0.6));
#4388 = VECTOR('',#4389,1.);
#4389 = DIRECTION('',(-0.707106781187,0.707106781187,0.));
#4390 = ORIENTED_EDGE('',*,*,#4391,.F.);
#4391 = EDGE_CURVE('',#4392,#4384,#4394,.T.);
#4392 = VERTEX_POINT('',#4393);
#4393 = CARTESIAN_POINT('',(0.6925,-1.425,0.6));
#4394 = LINE('',#4395,#4396);
#4395 = CARTESIAN_POINT('',(0.6925,-1.425,0.6));
#4396 = VECTOR('',#4397,1.);
#4397 = DIRECTION('',(-1.,-1.110223024625E-16,0.));
#4398 = ORIENTED_EDGE('',*,*,#4399,.F.);
#4399 = EDGE_CURVE('',#4303,#4392,#4400,.T.);
#4400 = LINE('',#4401,#4402);
#4401 = CARTESIAN_POINT('',(0.775,-1.3425,0.6));
#4402 = VECTOR('',#4403,1.);
#4403 = DIRECTION('',(-0.707106781187,-0.707106781187,0.));
#4404 = ORIENTED_EDGE('',*,*,#4302,.F.);
#4405 = PLANE('',#4406);
#4406 = AXIS2_PLACEMENT_3D('',#4407,#4408,#4409);
#4407 = CARTESIAN_POINT('',(-2.091417030376E-16,1.4375,0.6));
#4408 = DIRECTION('',(2.888762391192E-17,8.634073551009E-28,-1.));
#4409 = DIRECTION('',(1.,1.51922136901E-16,2.888762391192E-17));
#4410 = ADVANCED_FACE('',(#4411),#4497,.F.);
#4411 = FACE_BOUND('',#4412,.F.);
#4412 = EDGE_LOOP('',(#4413,#4414,#4415,#4424,#4432,#4441,#4449,#4457,
    #4465,#4474,#4482,#4491));
#4413 = ORIENTED_EDGE('',*,*,#3852,.F.);
#4414 = ORIENTED_EDGE('',*,*,#3874,.T.);
#4415 = ORIENTED_EDGE('',*,*,#4416,.T.);
#4416 = EDGE_CURVE('',#3875,#4417,#4419,.T.);
#4417 = VERTEX_POINT('',#4418);
#4418 = CARTESIAN_POINT('',(-0.948480775301,-1.125,0.367364817767));
#4419 = CIRCLE('',#4420,0.1);
#4420 = AXIS2_PLACEMENT_3D('',#4421,#4422,#4423);
#4421 = CARTESIAN_POINT('',(-0.85,-1.125,0.35));
#4422 = DIRECTION('',(-1.144237745222E-17,-1.,0.));
#4423 = DIRECTION('',(0.,0.,1.));
#4424 = ORIENTED_EDGE('',*,*,#4425,.T.);
#4425 = EDGE_CURVE('',#4417,#4426,#4428,.T.);
#4426 = VERTEX_POINT('',#4427);
#4427 = CARTESIAN_POINT('',(-0.971430759818,-1.125,0.206587955583));
#4428 = LINE('',#4429,#4430);
#4429 = CARTESIAN_POINT('',(-0.948480775301,-1.125,0.367364817767));
#4430 = VECTOR('',#4431,1.);
#4431 = DIRECTION('',(-0.14131190243,1.616944126098E-18,-0.989965123745)
  );
#4432 = ORIENTED_EDGE('',*,*,#4433,.T.);
#4433 = EDGE_CURVE('',#4426,#4434,#4436,.T.);
#4434 = VERTEX_POINT('',#4435);
#4435 = CARTESIAN_POINT('',(-1.217632698071,-1.125,5.551115123126E-17));
#4436 = CIRCLE('',#4437,0.25);
#4437 = AXIS2_PLACEMENT_3D('',#4438,#4439,#4440);
#4438 = CARTESIAN_POINT('',(-1.217632698071,-1.125,0.25));
#4439 = DIRECTION('',(1.144237745222E-17,1.,3.851859888774E-34));
#4440 = DIRECTION('',(0.984807753012,-1.126854202784E-17,-0.173648177667
    ));
#4441 = ORIENTED_EDGE('',*,*,#4442,.T.);
#4442 = EDGE_CURVE('',#4434,#4443,#4445,.T.);
#4443 = VERTEX_POINT('',#4444);
#4444 = CARTESIAN_POINT('',(-1.4,-1.125,5.551115123126E-17));
#4445 = LINE('',#4446,#4447);
#4446 = CARTESIAN_POINT('',(-1.217632698071,-1.125,5.551115123126E-17));
#4447 = VECTOR('',#4448,1.);
#4448 = DIRECTION('',(-1.,1.144237745222E-17,0.));
#4449 = ORIENTED_EDGE('',*,*,#4450,.T.);
#4450 = EDGE_CURVE('',#4443,#4451,#4453,.T.);
#4451 = VERTEX_POINT('',#4452);
#4452 = CARTESIAN_POINT('',(-1.4,-1.125,0.15));
#4453 = LINE('',#4454,#4455);
#4454 = CARTESIAN_POINT('',(-1.4,-1.125,5.551115123126E-17));
#4455 = VECTOR('',#4456,1.);
#4456 = DIRECTION('',(0.,0.,1.));
#4457 = ORIENTED_EDGE('',*,*,#4458,.T.);
#4458 = EDGE_CURVE('',#4451,#4459,#4461,.T.);
#4459 = VERTEX_POINT('',#4460);
#4460 = CARTESIAN_POINT('',(-1.217632698071,-1.125,0.15));
#4461 = LINE('',#4462,#4463);
#4462 = CARTESIAN_POINT('',(-1.4,-1.125,0.15));
#4463 = VECTOR('',#4464,1.);
#4464 = DIRECTION('',(1.,-1.144237745222E-17,0.));
#4465 = ORIENTED_EDGE('',*,*,#4466,.T.);
#4466 = EDGE_CURVE('',#4459,#4467,#4469,.T.);
#4467 = VERTEX_POINT('',#4468);
#4468 = CARTESIAN_POINT('',(-1.11915192277,-1.125,0.232635182233));
#4469 = CIRCLE('',#4470,0.1);
#4470 = AXIS2_PLACEMENT_3D('',#4471,#4472,#4473);
#4471 = CARTESIAN_POINT('',(-1.217632698071,-1.125,0.25));
#4472 = DIRECTION('',(-1.144237745222E-17,-1.,1.094764425254E-47));
#4473 = DIRECTION('',(-2.22044604925E-15,2.540718180781E-32,-1.));
#4474 = ORIENTED_EDGE('',*,*,#4475,.T.);
#4475 = EDGE_CURVE('',#4467,#4476,#4478,.T.);
#4476 = VERTEX_POINT('',#4477);
#4477 = CARTESIAN_POINT('',(-1.096201938253,-1.125,0.393412044417));
#4478 = LINE('',#4479,#4480);
#4479 = CARTESIAN_POINT('',(-1.11915192277,-1.125,0.232635182233));
#4480 = VECTOR('',#4481,1.);
#4481 = DIRECTION('',(0.14131190243,-1.616944126098E-18,0.989965123745)
  );
#4482 = ORIENTED_EDGE('',*,*,#4483,.T.);
#4483 = EDGE_CURVE('',#4476,#4484,#4486,.T.);
#4484 = VERTEX_POINT('',#4485);
#4485 = CARTESIAN_POINT('',(-0.85,-1.125,0.6));
#4486 = CIRCLE('',#4487,0.25);
#4487 = AXIS2_PLACEMENT_3D('',#4488,#4489,#4490);
#4488 = CARTESIAN_POINT('',(-0.85,-1.125,0.35));
#4489 = DIRECTION('',(1.144237745222E-17,1.,0.));
#4490 = DIRECTION('',(-0.984807753012,1.126854202784E-17,0.173648177667)
  );
#4491 = ORIENTED_EDGE('',*,*,#4492,.T.);
#4492 = EDGE_CURVE('',#4484,#3853,#4493,.T.);
#4493 = LINE('',#4494,#4495);
#4494 = CARTESIAN_POINT('',(-0.85,-1.125,0.6));
#4495 = VECTOR('',#4496,1.);
#4496 = DIRECTION('',(1.,-1.144237745222E-17,0.));
#4497 = PLANE('',#4498);
#4498 = AXIS2_PLACEMENT_3D('',#4499,#4500,#4501);
#4499 = CARTESIAN_POINT('',(-1.064349127789,-1.125,0.282825311951));
#4500 = DIRECTION('',(1.144237745222E-17,1.,0.));
#4501 = DIRECTION('',(0.,-0.,1.));
#4502 = ADVANCED_FACE('',(#4503),#4522,.F.);
#4503 = FACE_BOUND('',#4504,.F.);
#4504 = EDGE_LOOP('',(#4505,#4506,#4515,#4521));
#4505 = ORIENTED_EDGE('',*,*,#3891,.T.);
#4506 = ORIENTED_EDGE('',*,*,#4507,.T.);
#4507 = EDGE_CURVE('',#3884,#4508,#4510,.T.);
#4508 = VERTEX_POINT('',#4509);
#4509 = CARTESIAN_POINT('',(-0.948480775301,-0.775,0.367364817767));
#4510 = CIRCLE('',#4511,0.1);
#4511 = AXIS2_PLACEMENT_3D('',#4512,#4513,#4514);
#4512 = CARTESIAN_POINT('',(-0.85,-0.775,0.35));
#4513 = DIRECTION('',(-1.144237745222E-17,-1.,0.));
#4514 = DIRECTION('',(0.,0.,1.));
#4515 = ORIENTED_EDGE('',*,*,#4516,.F.);
#4516 = EDGE_CURVE('',#4417,#4508,#4517,.T.);
#4517 = LINE('',#4518,#4519);
#4518 = CARTESIAN_POINT('',(-0.948480775301,-1.125,0.367364817767));
#4519 = VECTOR('',#4520,1.);
#4520 = DIRECTION('',(1.144237745222E-17,1.,0.));
#4521 = ORIENTED_EDGE('',*,*,#4416,.F.);
#4522 = CYLINDRICAL_SURFACE('',#4523,0.1);
#4523 = AXIS2_PLACEMENT_3D('',#4524,#4525,#4526);
#4524 = CARTESIAN_POINT('',(-0.85,-1.125,0.35));
#4525 = DIRECTION('',(-1.144237745222E-17,-1.,0.));
#4526 = DIRECTION('',(0.,0.,1.));
#4527 = ADVANCED_FACE('',(#4528),#4606,.T.);
#4528 = FACE_BOUND('',#4529,.T.);
#4529 = EDGE_LOOP('',(#4530,#4531,#4532,#4533,#4541,#4550,#4558,#4566,
    #4574,#4583,#4591,#4600));
#4530 = ORIENTED_EDGE('',*,*,#3905,.F.);
#4531 = ORIENTED_EDGE('',*,*,#3883,.T.);
#4532 = ORIENTED_EDGE('',*,*,#4507,.T.);
#4533 = ORIENTED_EDGE('',*,*,#4534,.T.);
#4534 = EDGE_CURVE('',#4508,#4535,#4537,.T.);
#4535 = VERTEX_POINT('',#4536);
#4536 = CARTESIAN_POINT('',(-0.971430759818,-0.775,0.206587955583));
#4537 = LINE('',#4538,#4539);
#4538 = CARTESIAN_POINT('',(-0.948480775301,-0.775,0.367364817767));
#4539 = VECTOR('',#4540,1.);
#4540 = DIRECTION('',(-0.14131190243,1.616944126098E-18,-0.989965123745)
  );
#4541 = ORIENTED_EDGE('',*,*,#4542,.T.);
#4542 = EDGE_CURVE('',#4535,#4543,#4545,.T.);
#4543 = VERTEX_POINT('',#4544);
#4544 = CARTESIAN_POINT('',(-1.217632698071,-0.775,5.551115123126E-17));
#4545 = CIRCLE('',#4546,0.25);
#4546 = AXIS2_PLACEMENT_3D('',#4547,#4548,#4549);
#4547 = CARTESIAN_POINT('',(-1.217632698071,-0.775,0.25));
#4548 = DIRECTION('',(1.144237745222E-17,1.,3.851859888774E-34));
#4549 = DIRECTION('',(0.984807753012,-1.126854202784E-17,-0.173648177667
    ));
#4550 = ORIENTED_EDGE('',*,*,#4551,.T.);
#4551 = EDGE_CURVE('',#4543,#4552,#4554,.T.);
#4552 = VERTEX_POINT('',#4553);
#4553 = CARTESIAN_POINT('',(-1.4,-0.775,5.551115123126E-17));
#4554 = LINE('',#4555,#4556);
#4555 = CARTESIAN_POINT('',(-1.217632698071,-0.775,5.551115123126E-17));
#4556 = VECTOR('',#4557,1.);
#4557 = DIRECTION('',(-1.,1.144237745222E-17,0.));
#4558 = ORIENTED_EDGE('',*,*,#4559,.T.);
#4559 = EDGE_CURVE('',#4552,#4560,#4562,.T.);
#4560 = VERTEX_POINT('',#4561);
#4561 = CARTESIAN_POINT('',(-1.4,-0.775,0.15));
#4562 = LINE('',#4563,#4564);
#4563 = CARTESIAN_POINT('',(-1.4,-0.775,5.551115123126E-17));
#4564 = VECTOR('',#4565,1.);
#4565 = DIRECTION('',(0.,0.,1.));
#4566 = ORIENTED_EDGE('',*,*,#4567,.T.);
#4567 = EDGE_CURVE('',#4560,#4568,#4570,.T.);
#4568 = VERTEX_POINT('',#4569);
#4569 = CARTESIAN_POINT('',(-1.217632698071,-0.775,0.15));
#4570 = LINE('',#4571,#4572);
#4571 = CARTESIAN_POINT('',(-1.4,-0.775,0.15));
#4572 = VECTOR('',#4573,1.);
#4573 = DIRECTION('',(1.,-1.144237745222E-17,0.));
#4574 = ORIENTED_EDGE('',*,*,#4575,.T.);
#4575 = EDGE_CURVE('',#4568,#4576,#4578,.T.);
#4576 = VERTEX_POINT('',#4577);
#4577 = CARTESIAN_POINT('',(-1.11915192277,-0.775,0.232635182233));
#4578 = CIRCLE('',#4579,0.1);
#4579 = AXIS2_PLACEMENT_3D('',#4580,#4581,#4582);
#4580 = CARTESIAN_POINT('',(-1.217632698071,-0.775,0.25));
#4581 = DIRECTION('',(-1.144237745222E-17,-1.,1.094764425254E-47));
#4582 = DIRECTION('',(-2.22044604925E-15,2.540718180781E-32,-1.));
#4583 = ORIENTED_EDGE('',*,*,#4584,.T.);
#4584 = EDGE_CURVE('',#4576,#4585,#4587,.T.);
#4585 = VERTEX_POINT('',#4586);
#4586 = CARTESIAN_POINT('',(-1.096201938253,-0.775,0.393412044417));
#4587 = LINE('',#4588,#4589);
#4588 = CARTESIAN_POINT('',(-1.11915192277,-0.775,0.232635182233));
#4589 = VECTOR('',#4590,1.);
#4590 = DIRECTION('',(0.14131190243,-1.616944126098E-18,0.989965123745)
  );
#4591 = ORIENTED_EDGE('',*,*,#4592,.T.);
#4592 = EDGE_CURVE('',#4585,#4593,#4595,.T.);
#4593 = VERTEX_POINT('',#4594);
#4594 = CARTESIAN_POINT('',(-0.85,-0.775,0.6));
#4595 = CIRCLE('',#4596,0.25);
#4596 = AXIS2_PLACEMENT_3D('',#4597,#4598,#4599);
#4597 = CARTESIAN_POINT('',(-0.85,-0.775,0.35));
#4598 = DIRECTION('',(1.144237745222E-17,1.,0.));
#4599 = DIRECTION('',(-0.984807753012,1.126854202784E-17,0.173648177667)
  );
#4600 = ORIENTED_EDGE('',*,*,#4601,.T.);
#4601 = EDGE_CURVE('',#4593,#3906,#4602,.T.);
#4602 = LINE('',#4603,#4604);
#4603 = CARTESIAN_POINT('',(-0.85,-0.775,0.6));
#4604 = VECTOR('',#4605,1.);
#4605 = DIRECTION('',(1.,-1.144237745222E-17,0.));
#4606 = PLANE('',#4607);
#4607 = AXIS2_PLACEMENT_3D('',#4608,#4609,#4610);
#4608 = CARTESIAN_POINT('',(-1.064349127789,-0.775,0.282825311951));
#4609 = DIRECTION('',(1.144237745222E-17,1.,0.));
#4610 = DIRECTION('',(0.,-0.,1.));
#4611 = ADVANCED_FACE('',(#4612),#4623,.F.);
#4612 = FACE_BOUND('',#4613,.F.);
#4613 = EDGE_LOOP('',(#4614,#4615,#4616,#4617));
#4614 = ORIENTED_EDGE('',*,*,#3922,.T.);
#4615 = ORIENTED_EDGE('',*,*,#4156,.T.);
#4616 = ORIENTED_EDGE('',*,*,#4188,.F.);
#4617 = ORIENTED_EDGE('',*,*,#4618,.F.);
#4618 = EDGE_CURVE('',#3906,#4181,#4619,.T.);
#4619 = LINE('',#4620,#4621);
#4620 = CARTESIAN_POINT('',(-0.85,-0.775,0.6));
#4621 = VECTOR('',#4622,1.);
#4622 = DIRECTION('',(1.,-1.144237745222E-17,0.));
#4623 = PLANE('',#4624);
#4624 = AXIS2_PLACEMENT_3D('',#4625,#4626,#4627);
#4625 = CARTESIAN_POINT('',(-2.091417030376E-16,1.4375,0.6));
#4626 = DIRECTION('',(2.888762391192E-17,8.634073551009E-28,-1.));
#4627 = DIRECTION('',(1.,1.51922136901E-16,2.888762391192E-17));
#4628 = ADVANCED_FACE('',(#4629),#4708,.F.);
#4629 = FACE_BOUND('',#4630,.F.);
#4630 = EDGE_LOOP('',(#4631,#4632,#4633,#4642,#4650,#4659,#4667,#4675,
    #4683,#4692,#4700,#4707));
#4631 = ORIENTED_EDGE('',*,*,#3914,.F.);
#4632 = ORIENTED_EDGE('',*,*,#3936,.T.);
#4633 = ORIENTED_EDGE('',*,*,#4634,.T.);
#4634 = EDGE_CURVE('',#3937,#4635,#4637,.T.);
#4635 = VERTEX_POINT('',#4636);
#4636 = CARTESIAN_POINT('',(-0.948480775301,0.775,0.367364817767));
#4637 = CIRCLE('',#4638,0.1);
#4638 = AXIS2_PLACEMENT_3D('',#4639,#4640,#4641);
#4639 = CARTESIAN_POINT('',(-0.85,0.775,0.35));
#4640 = DIRECTION('',(-1.144237745222E-17,-1.,0.));
#4641 = DIRECTION('',(0.,0.,1.));
#4642 = ORIENTED_EDGE('',*,*,#4643,.T.);
#4643 = EDGE_CURVE('',#4635,#4644,#4646,.T.);
#4644 = VERTEX_POINT('',#4645);
#4645 = CARTESIAN_POINT('',(-0.971430759818,0.775,0.206587955583));
#4646 = LINE('',#4647,#4648);
#4647 = CARTESIAN_POINT('',(-0.948480775301,0.775,0.367364817767));
#4648 = VECTOR('',#4649,1.);
#4649 = DIRECTION('',(-0.14131190243,1.616944126098E-18,-0.989965123745)
  );
#4650 = ORIENTED_EDGE('',*,*,#4651,.T.);
#4651 = EDGE_CURVE('',#4644,#4652,#4654,.T.);
#4652 = VERTEX_POINT('',#4653);
#4653 = CARTESIAN_POINT('',(-1.217632698071,0.775,5.551115123126E-17));
#4654 = CIRCLE('',#4655,0.25);
#4655 = AXIS2_PLACEMENT_3D('',#4656,#4657,#4658);
#4656 = CARTESIAN_POINT('',(-1.217632698071,0.775,0.25));
#4657 = DIRECTION('',(1.144237745222E-17,1.,3.851859888774E-34));
#4658 = DIRECTION('',(0.984807753012,-1.126854202784E-17,-0.173648177667
    ));
#4659 = ORIENTED_EDGE('',*,*,#4660,.T.);
#4660 = EDGE_CURVE('',#4652,#4661,#4663,.T.);
#4661 = VERTEX_POINT('',#4662);
#4662 = CARTESIAN_POINT('',(-1.4,0.775,5.551115123126E-17));
#4663 = LINE('',#4664,#4665);
#4664 = CARTESIAN_POINT('',(-1.217632698071,0.775,5.551115123126E-17));
#4665 = VECTOR('',#4666,1.);
#4666 = DIRECTION('',(-1.,1.144237745222E-17,0.));
#4667 = ORIENTED_EDGE('',*,*,#4668,.T.);
#4668 = EDGE_CURVE('',#4661,#4669,#4671,.T.);
#4669 = VERTEX_POINT('',#4670);
#4670 = CARTESIAN_POINT('',(-1.4,0.775,0.15));
#4671 = LINE('',#4672,#4673);
#4672 = CARTESIAN_POINT('',(-1.4,0.775,5.551115123126E-17));
#4673 = VECTOR('',#4674,1.);
#4674 = DIRECTION('',(0.,0.,1.));
#4675 = ORIENTED_EDGE('',*,*,#4676,.T.);
#4676 = EDGE_CURVE('',#4669,#4677,#4679,.T.);
#4677 = VERTEX_POINT('',#4678);
#4678 = CARTESIAN_POINT('',(-1.217632698071,0.775,0.15));
#4679 = LINE('',#4680,#4681);
#4680 = CARTESIAN_POINT('',(-1.4,0.775,0.15));
#4681 = VECTOR('',#4682,1.);
#4682 = DIRECTION('',(1.,-1.144237745222E-17,0.));
#4683 = ORIENTED_EDGE('',*,*,#4684,.T.);
#4684 = EDGE_CURVE('',#4677,#4685,#4687,.T.);
#4685 = VERTEX_POINT('',#4686);
#4686 = CARTESIAN_POINT('',(-1.11915192277,0.775,0.232635182233));
#4687 = CIRCLE('',#4688,0.1);
#4688 = AXIS2_PLACEMENT_3D('',#4689,#4690,#4691);
#4689 = CARTESIAN_POINT('',(-1.217632698071,0.775,0.25));
#4690 = DIRECTION('',(-1.144237745222E-17,-1.,1.094764425254E-47));
#4691 = DIRECTION('',(-2.22044604925E-15,2.540718180781E-32,-1.));
#4692 = ORIENTED_EDGE('',*,*,#4693,.T.);
#4693 = EDGE_CURVE('',#4685,#4694,#4696,.T.);
#4694 = VERTEX_POINT('',#4695);
#4695 = CARTESIAN_POINT('',(-1.096201938253,0.775,0.393412044417));
#4696 = LINE('',#4697,#4698);
#4697 = CARTESIAN_POINT('',(-1.11915192277,0.775,0.232635182233));
#4698 = VECTOR('',#4699,1.);
#4699 = DIRECTION('',(0.14131190243,-1.616944126098E-18,0.989965123745)
  );
#4700 = ORIENTED_EDGE('',*,*,#4701,.T.);
#4701 = EDGE_CURVE('',#4694,#4126,#4702,.T.);
#4702 = CIRCLE('',#4703,0.25);
#4703 = AXIS2_PLACEMENT_3D('',#4704,#4705,#4706);
#4704 = CARTESIAN_POINT('',(-0.85,0.775,0.35));
#4705 = DIRECTION('',(1.144237745222E-17,1.,0.));
#4706 = DIRECTION('',(-0.984807753012,1.126854202784E-17,0.173648177667)
  );
#4707 = ORIENTED_EDGE('',*,*,#4125,.T.);
#4708 = PLANE('',#4709);
#4709 = AXIS2_PLACEMENT_3D('',#4710,#4711,#4712);
#4710 = CARTESIAN_POINT('',(-1.064349127789,0.775,0.282825311951));
#4711 = DIRECTION('',(1.144237745222E-17,1.,0.));
#4712 = DIRECTION('',(0.,-0.,1.));
#4713 = ADVANCED_FACE('',(#4714),#4733,.F.);
#4714 = FACE_BOUND('',#4715,.F.);
#4715 = EDGE_LOOP('',(#4716,#4717,#4726,#4732));
#4716 = ORIENTED_EDGE('',*,*,#3953,.T.);
#4717 = ORIENTED_EDGE('',*,*,#4718,.T.);
#4718 = EDGE_CURVE('',#3946,#4719,#4721,.T.);
#4719 = VERTEX_POINT('',#4720);
#4720 = CARTESIAN_POINT('',(-0.948480775301,1.125,0.367364817767));
#4721 = CIRCLE('',#4722,0.1);
#4722 = AXIS2_PLACEMENT_3D('',#4723,#4724,#4725);
#4723 = CARTESIAN_POINT('',(-0.85,1.125,0.35));
#4724 = DIRECTION('',(-1.144237745222E-17,-1.,0.));
#4725 = DIRECTION('',(0.,0.,1.));
#4726 = ORIENTED_EDGE('',*,*,#4727,.F.);
#4727 = EDGE_CURVE('',#4635,#4719,#4728,.T.);
#4728 = LINE('',#4729,#4730);
#4729 = CARTESIAN_POINT('',(-0.948480775301,0.775,0.367364817767));
#4730 = VECTOR('',#4731,1.);
#4731 = DIRECTION('',(1.144237745222E-17,1.,0.));
#4732 = ORIENTED_EDGE('',*,*,#4634,.F.);
#4733 = CYLINDRICAL_SURFACE('',#4734,0.1);
#4734 = AXIS2_PLACEMENT_3D('',#4735,#4736,#4737);
#4735 = CARTESIAN_POINT('',(-0.85,0.775,0.35));
#4736 = DIRECTION('',(-1.144237745222E-17,-1.,0.));
#4737 = DIRECTION('',(0.,0.,1.));
#4738 = ADVANCED_FACE('',(#4739),#4810,.T.);
#4739 = FACE_BOUND('',#4740,.T.);
#4740 = EDGE_LOOP('',(#4741,#4742,#4743,#4744,#4752,#4761,#4769,#4777,
    #4785,#4794,#4802,#4809));
#4741 = ORIENTED_EDGE('',*,*,#3967,.F.);
#4742 = ORIENTED_EDGE('',*,*,#3945,.T.);
#4743 = ORIENTED_EDGE('',*,*,#4718,.T.);
#4744 = ORIENTED_EDGE('',*,*,#4745,.T.);
#4745 = EDGE_CURVE('',#4719,#4746,#4748,.T.);
#4746 = VERTEX_POINT('',#4747);
#4747 = CARTESIAN_POINT('',(-0.971430759818,1.125,0.206587955583));
#4748 = LINE('',#4749,#4750);
#4749 = CARTESIAN_POINT('',(-0.948480775301,1.125,0.367364817767));
#4750 = VECTOR('',#4751,1.);
#4751 = DIRECTION('',(-0.14131190243,1.616944126098E-18,-0.989965123745)
  );
#4752 = ORIENTED_EDGE('',*,*,#4753,.T.);
#4753 = EDGE_CURVE('',#4746,#4754,#4756,.T.);
#4754 = VERTEX_POINT('',#4755);
#4755 = CARTESIAN_POINT('',(-1.217632698071,1.125,5.551115123126E-17));
#4756 = CIRCLE('',#4757,0.25);
#4757 = AXIS2_PLACEMENT_3D('',#4758,#4759,#4760);
#4758 = CARTESIAN_POINT('',(-1.217632698071,1.125,0.25));
#4759 = DIRECTION('',(1.144237745222E-17,1.,3.851859888774E-34));
#4760 = DIRECTION('',(0.984807753012,-1.126854202784E-17,-0.173648177667
    ));
#4761 = ORIENTED_EDGE('',*,*,#4762,.T.);
#4762 = EDGE_CURVE('',#4754,#4763,#4765,.T.);
#4763 = VERTEX_POINT('',#4764);
#4764 = CARTESIAN_POINT('',(-1.4,1.125,5.551115123126E-17));
#4765 = LINE('',#4766,#4767);
#4766 = CARTESIAN_POINT('',(-1.217632698071,1.125,5.551115123126E-17));
#4767 = VECTOR('',#4768,1.);
#4768 = DIRECTION('',(-1.,1.144237745222E-17,0.));
#4769 = ORIENTED_EDGE('',*,*,#4770,.T.);
#4770 = EDGE_CURVE('',#4763,#4771,#4773,.T.);
#4771 = VERTEX_POINT('',#4772);
#4772 = CARTESIAN_POINT('',(-1.4,1.125,0.15));
#4773 = LINE('',#4774,#4775);
#4774 = CARTESIAN_POINT('',(-1.4,1.125,5.551115123126E-17));
#4775 = VECTOR('',#4776,1.);
#4776 = DIRECTION('',(0.,0.,1.));
#4777 = ORIENTED_EDGE('',*,*,#4778,.T.);
#4778 = EDGE_CURVE('',#4771,#4779,#4781,.T.);
#4779 = VERTEX_POINT('',#4780);
#4780 = CARTESIAN_POINT('',(-1.217632698071,1.125,0.15));
#4781 = LINE('',#4782,#4783);
#4782 = CARTESIAN_POINT('',(-1.4,1.125,0.15));
#4783 = VECTOR('',#4784,1.);
#4784 = DIRECTION('',(1.,-1.144237745222E-17,0.));
#4785 = ORIENTED_EDGE('',*,*,#4786,.T.);
#4786 = EDGE_CURVE('',#4779,#4787,#4789,.T.);
#4787 = VERTEX_POINT('',#4788);
#4788 = CARTESIAN_POINT('',(-1.11915192277,1.125,0.232635182233));
#4789 = CIRCLE('',#4790,0.1);
#4790 = AXIS2_PLACEMENT_3D('',#4791,#4792,#4793);
#4791 = CARTESIAN_POINT('',(-1.217632698071,1.125,0.25));
#4792 = DIRECTION('',(-1.144237745222E-17,-1.,1.094764425254E-47));
#4793 = DIRECTION('',(-2.22044604925E-15,2.540718180781E-32,-1.));
#4794 = ORIENTED_EDGE('',*,*,#4795,.T.);
#4795 = EDGE_CURVE('',#4787,#4796,#4798,.T.);
#4796 = VERTEX_POINT('',#4797);
#4797 = CARTESIAN_POINT('',(-1.096201938253,1.125,0.393412044417));
#4798 = LINE('',#4799,#4800);
#4799 = CARTESIAN_POINT('',(-1.11915192277,1.125,0.232635182233));
#4800 = VECTOR('',#4801,1.);
#4801 = DIRECTION('',(0.14131190243,-1.616944126098E-18,0.989965123745)
  );
#4802 = ORIENTED_EDGE('',*,*,#4803,.T.);
#4803 = EDGE_CURVE('',#4796,#4134,#4804,.T.);
#4804 = CIRCLE('',#4805,0.25);
#4805 = AXIS2_PLACEMENT_3D('',#4806,#4807,#4808);
#4806 = CARTESIAN_POINT('',(-0.85,1.125,0.35));
#4807 = DIRECTION('',(1.144237745222E-17,1.,0.));
#4808 = DIRECTION('',(-0.984807753012,1.126854202784E-17,0.173648177667)
  );
#4809 = ORIENTED_EDGE('',*,*,#4141,.T.);
#4810 = PLANE('',#4811);
#4811 = AXIS2_PLACEMENT_3D('',#4812,#4813,#4814);
#4812 = CARTESIAN_POINT('',(-1.064349127789,1.125,0.282825311951));
#4813 = DIRECTION('',(1.144237745222E-17,1.,0.));
#4814 = DIRECTION('',(0.,-0.,1.));
#4815 = ADVANCED_FACE('',(#4816),#4895,.F.);
#4816 = FACE_BOUND('',#4817,.F.);
#4817 = EDGE_LOOP('',(#4818,#4819,#4820,#4829,#4837,#4846,#4854,#4862,
    #4870,#4879,#4887,#4894));
#4818 = ORIENTED_EDGE('',*,*,#3986,.F.);
#4819 = ORIENTED_EDGE('',*,*,#4001,.T.);
#4820 = ORIENTED_EDGE('',*,*,#4821,.T.);
#4821 = EDGE_CURVE('',#4002,#4822,#4824,.T.);
#4822 = VERTEX_POINT('',#4823);
#4823 = CARTESIAN_POINT('',(0.948480775301,0.175,0.367364817767));
#4824 = CIRCLE('',#4825,0.1);
#4825 = AXIS2_PLACEMENT_3D('',#4826,#4827,#4828);
#4826 = CARTESIAN_POINT('',(0.85,0.175,0.35));
#4827 = DIRECTION('',(-1.110223024625E-16,1.,0.));
#4828 = DIRECTION('',(0.,0.,1.));
#4829 = ORIENTED_EDGE('',*,*,#4830,.T.);
#4830 = EDGE_CURVE('',#4822,#4831,#4833,.T.);
#4831 = VERTEX_POINT('',#4832);
#4832 = CARTESIAN_POINT('',(0.971430759818,0.175,0.206587955583));
#4833 = LINE('',#4834,#4835);
#4834 = CARTESIAN_POINT('',(0.948480775301,0.175,0.367364817767));
#4835 = VECTOR('',#4836,1.);
#4836 = DIRECTION('',(0.14131190243,1.568877277316E-17,-0.989965123745)
  );
#4837 = ORIENTED_EDGE('',*,*,#4838,.T.);
#4838 = EDGE_CURVE('',#4831,#4839,#4841,.T.);
#4839 = VERTEX_POINT('',#4840);
#4840 = CARTESIAN_POINT('',(1.217632698071,0.175,5.551115123126E-17));
#4841 = CIRCLE('',#4842,0.25);
#4842 = AXIS2_PLACEMENT_3D('',#4843,#4844,#4845);
#4843 = CARTESIAN_POINT('',(1.217632698071,0.175,0.25));
#4844 = DIRECTION('',(1.110223024625E-16,-1.,0.));
#4845 = DIRECTION('',(-0.984807753012,-1.093356242223E-16,
    -0.173648177667));
#4846 = ORIENTED_EDGE('',*,*,#4847,.T.);
#4847 = EDGE_CURVE('',#4839,#4848,#4850,.T.);
#4848 = VERTEX_POINT('',#4849);
#4849 = CARTESIAN_POINT('',(1.4,0.175,5.551115123126E-17));
#4850 = LINE('',#4851,#4852);
#4851 = CARTESIAN_POINT('',(1.217632698071,0.175,5.551115123126E-17));
#4852 = VECTOR('',#4853,1.);
#4853 = DIRECTION('',(1.,1.110223024625E-16,0.));
#4854 = ORIENTED_EDGE('',*,*,#4855,.T.);
#4855 = EDGE_CURVE('',#4848,#4856,#4858,.T.);
#4856 = VERTEX_POINT('',#4857);
#4857 = CARTESIAN_POINT('',(1.4,0.175,0.15));
#4858 = LINE('',#4859,#4860);
#4859 = CARTESIAN_POINT('',(1.4,0.175,5.551115123126E-17));
#4860 = VECTOR('',#4861,1.);
#4861 = DIRECTION('',(0.,0.,1.));
#4862 = ORIENTED_EDGE('',*,*,#4863,.T.);
#4863 = EDGE_CURVE('',#4856,#4864,#4866,.T.);
#4864 = VERTEX_POINT('',#4865);
#4865 = CARTESIAN_POINT('',(1.217632698071,0.175,0.15));
#4866 = LINE('',#4867,#4868);
#4867 = CARTESIAN_POINT('',(1.4,0.175,0.15));
#4868 = VECTOR('',#4869,1.);
#4869 = DIRECTION('',(-1.,-1.110223024625E-16,0.));
#4870 = ORIENTED_EDGE('',*,*,#4871,.T.);
#4871 = EDGE_CURVE('',#4864,#4872,#4874,.T.);
#4872 = VERTEX_POINT('',#4873);
#4873 = CARTESIAN_POINT('',(1.11915192277,0.175,0.232635182233));
#4874 = CIRCLE('',#4875,0.1);
#4875 = AXIS2_PLACEMENT_3D('',#4876,#4877,#4878);
#4876 = CARTESIAN_POINT('',(1.217632698071,0.175,0.25));
#4877 = DIRECTION('',(-1.110223024625E-16,1.,0.));
#4878 = DIRECTION('',(2.22044604925E-15,2.465190328815E-31,-1.));
#4879 = ORIENTED_EDGE('',*,*,#4880,.T.);
#4880 = EDGE_CURVE('',#4872,#4881,#4883,.T.);
#4881 = VERTEX_POINT('',#4882);
#4882 = CARTESIAN_POINT('',(1.096201938253,0.175,0.393412044417));
#4883 = LINE('',#4884,#4885);
#4884 = CARTESIAN_POINT('',(1.11915192277,0.175,0.232635182233));
#4885 = VECTOR('',#4886,1.);
#4886 = DIRECTION('',(-0.14131190243,-1.568877277316E-17,0.989965123745)
  );
#4887 = ORIENTED_EDGE('',*,*,#4888,.T.);
#4888 = EDGE_CURVE('',#4881,#4333,#4889,.T.);
#4889 = CIRCLE('',#4890,0.25);
#4890 = AXIS2_PLACEMENT_3D('',#4891,#4892,#4893);
#4891 = CARTESIAN_POINT('',(0.85,0.175,0.35));
#4892 = DIRECTION('',(1.110223024625E-16,-1.,0.));
#4893 = DIRECTION('',(0.984807753012,1.093356242223E-16,0.173648177667)
  );
#4894 = ORIENTED_EDGE('',*,*,#4332,.T.);
#4895 = PLANE('',#4896);
#4896 = AXIS2_PLACEMENT_3D('',#4897,#4898,#4899);
#4897 = CARTESIAN_POINT('',(1.064349127789,0.175,0.282825311951));
#4898 = DIRECTION('',(1.110223024625E-16,-1.,0.));
#4899 = DIRECTION('',(0.,0.,1.));
#4900 = ADVANCED_FACE('',(#4901),#4920,.F.);
#4901 = FACE_BOUND('',#4902,.F.);
#4902 = EDGE_LOOP('',(#4903,#4904,#4913,#4919));
#4903 = ORIENTED_EDGE('',*,*,#4018,.T.);
#4904 = ORIENTED_EDGE('',*,*,#4905,.T.);
#4905 = EDGE_CURVE('',#4011,#4906,#4908,.T.);
#4906 = VERTEX_POINT('',#4907);
#4907 = CARTESIAN_POINT('',(0.948480775301,-0.175,0.367364817767));
#4908 = CIRCLE('',#4909,0.1);
#4909 = AXIS2_PLACEMENT_3D('',#4910,#4911,#4912);
#4910 = CARTESIAN_POINT('',(0.85,-0.175,0.35));
#4911 = DIRECTION('',(-1.110223024625E-16,1.,0.));
#4912 = DIRECTION('',(0.,0.,1.));
#4913 = ORIENTED_EDGE('',*,*,#4914,.F.);
#4914 = EDGE_CURVE('',#4822,#4906,#4915,.T.);
#4915 = LINE('',#4916,#4917);
#4916 = CARTESIAN_POINT('',(0.948480775301,0.175,0.367364817767));
#4917 = VECTOR('',#4918,1.);
#4918 = DIRECTION('',(1.110223024625E-16,-1.,0.));
#4919 = ORIENTED_EDGE('',*,*,#4821,.F.);
#4920 = CYLINDRICAL_SURFACE('',#4921,0.1);
#4921 = AXIS2_PLACEMENT_3D('',#4922,#4923,#4924);
#4922 = CARTESIAN_POINT('',(0.85,0.175,0.35));
#4923 = DIRECTION('',(-1.110223024625E-16,1.,0.));
#4924 = DIRECTION('',(0.,0.,1.));
#4925 = ADVANCED_FACE('',(#4926),#4997,.T.);
#4926 = FACE_BOUND('',#4927,.T.);
#4927 = EDGE_LOOP('',(#4928,#4929,#4930,#4931,#4939,#4948,#4956,#4964,
    #4972,#4981,#4989,#4996));
#4928 = ORIENTED_EDGE('',*,*,#4032,.F.);
#4929 = ORIENTED_EDGE('',*,*,#4010,.T.);
#4930 = ORIENTED_EDGE('',*,*,#4905,.T.);
#4931 = ORIENTED_EDGE('',*,*,#4932,.T.);
#4932 = EDGE_CURVE('',#4906,#4933,#4935,.T.);
#4933 = VERTEX_POINT('',#4934);
#4934 = CARTESIAN_POINT('',(0.971430759818,-0.175,0.206587955583));
#4935 = LINE('',#4936,#4937);
#4936 = CARTESIAN_POINT('',(0.948480775301,-0.175,0.367364817767));
#4937 = VECTOR('',#4938,1.);
#4938 = DIRECTION('',(0.14131190243,1.568877277316E-17,-0.989965123745)
  );
#4939 = ORIENTED_EDGE('',*,*,#4940,.T.);
#4940 = EDGE_CURVE('',#4933,#4941,#4943,.T.);
#4941 = VERTEX_POINT('',#4942);
#4942 = CARTESIAN_POINT('',(1.217632698071,-0.175,5.551115123126E-17));
#4943 = CIRCLE('',#4944,0.25);
#4944 = AXIS2_PLACEMENT_3D('',#4945,#4946,#4947);
#4945 = CARTESIAN_POINT('',(1.217632698071,-0.175,0.25));
#4946 = DIRECTION('',(1.110223024625E-16,-1.,0.));
#4947 = DIRECTION('',(-0.984807753012,-1.093356242223E-16,
    -0.173648177667));
#4948 = ORIENTED_EDGE('',*,*,#4949,.T.);
#4949 = EDGE_CURVE('',#4941,#4950,#4952,.T.);
#4950 = VERTEX_POINT('',#4951);
#4951 = CARTESIAN_POINT('',(1.4,-0.175,5.551115123126E-17));
#4952 = LINE('',#4953,#4954);
#4953 = CARTESIAN_POINT('',(1.217632698071,-0.175,5.551115123126E-17));
#4954 = VECTOR('',#4955,1.);
#4955 = DIRECTION('',(1.,1.110223024625E-16,0.));
#4956 = ORIENTED_EDGE('',*,*,#4957,.T.);
#4957 = EDGE_CURVE('',#4950,#4958,#4960,.T.);
#4958 = VERTEX_POINT('',#4959);
#4959 = CARTESIAN_POINT('',(1.4,-0.175,0.15));
#4960 = LINE('',#4961,#4962);
#4961 = CARTESIAN_POINT('',(1.4,-0.175,5.551115123126E-17));
#4962 = VECTOR('',#4963,1.);
#4963 = DIRECTION('',(0.,0.,1.));
#4964 = ORIENTED_EDGE('',*,*,#4965,.T.);
#4965 = EDGE_CURVE('',#4958,#4966,#4968,.T.);
#4966 = VERTEX_POINT('',#4967);
#4967 = CARTESIAN_POINT('',(1.217632698071,-0.175,0.15));
#4968 = LINE('',#4969,#4970);
#4969 = CARTESIAN_POINT('',(1.4,-0.175,0.15));
#4970 = VECTOR('',#4971,1.);
#4971 = DIRECTION('',(-1.,-1.110223024625E-16,0.));
#4972 = ORIENTED_EDGE('',*,*,#4973,.T.);
#4973 = EDGE_CURVE('',#4966,#4974,#4976,.T.);
#4974 = VERTEX_POINT('',#4975);
#4975 = CARTESIAN_POINT('',(1.11915192277,-0.175,0.232635182233));
#4976 = CIRCLE('',#4977,0.1);
#4977 = AXIS2_PLACEMENT_3D('',#4978,#4979,#4980);
#4978 = CARTESIAN_POINT('',(1.217632698071,-0.175,0.25));
#4979 = DIRECTION('',(-1.110223024625E-16,1.,0.));
#4980 = DIRECTION('',(2.22044604925E-15,2.465190328815E-31,-1.));
#4981 = ORIENTED_EDGE('',*,*,#4982,.T.);
#4982 = EDGE_CURVE('',#4974,#4983,#4985,.T.);
#4983 = VERTEX_POINT('',#4984);
#4984 = CARTESIAN_POINT('',(1.096201938253,-0.175,0.393412044417));
#4985 = LINE('',#4986,#4987);
#4986 = CARTESIAN_POINT('',(1.11915192277,-0.175,0.232635182233));
#4987 = VECTOR('',#4988,1.);
#4988 = DIRECTION('',(-0.14131190243,-1.568877277316E-17,0.989965123745)
  );
#4989 = ORIENTED_EDGE('',*,*,#4990,.T.);
#4990 = EDGE_CURVE('',#4983,#4341,#4991,.T.);
#4991 = CIRCLE('',#4992,0.25);
#4992 = AXIS2_PLACEMENT_3D('',#4993,#4994,#4995);
#4993 = CARTESIAN_POINT('',(0.85,-0.175,0.35));
#4994 = DIRECTION('',(1.110223024625E-16,-1.,0.));
#4995 = DIRECTION('',(0.984807753012,1.093356242223E-16,0.173648177667)
  );
#4996 = ORIENTED_EDGE('',*,*,#4348,.T.);
#4997 = PLANE('',#4998);
#4998 = AXIS2_PLACEMENT_3D('',#4999,#5000,#5001);
#4999 = CARTESIAN_POINT('',(1.064349127789,-0.175,0.282825311951));
#5000 = DIRECTION('',(1.110223024625E-16,-1.,0.));
#5001 = DIRECTION('',(0.,0.,1.));
#5002 = ADVANCED_FACE('',(#5003),#5014,.T.);
#5003 = FACE_BOUND('',#5004,.T.);
#5004 = EDGE_LOOP('',(#5005,#5006,#5007,#5008));
#5005 = ORIENTED_EDGE('',*,*,#4701,.T.);
#5006 = ORIENTED_EDGE('',*,*,#4133,.T.);
#5007 = ORIENTED_EDGE('',*,*,#4803,.F.);
#5008 = ORIENTED_EDGE('',*,*,#5009,.F.);
#5009 = EDGE_CURVE('',#4694,#4796,#5010,.T.);
#5010 = LINE('',#5011,#5012);
#5011 = CARTESIAN_POINT('',(-1.096201938253,0.775,0.393412044417));
#5012 = VECTOR('',#5013,1.);
#5013 = DIRECTION('',(1.144237745222E-17,1.,0.));
#5014 = CYLINDRICAL_SURFACE('',#5015,0.25);
#5015 = AXIS2_PLACEMENT_3D('',#5016,#5017,#5018);
#5016 = CARTESIAN_POINT('',(-0.85,0.775,0.35));
#5017 = DIRECTION('',(-1.144237745222E-17,-1.,0.));
#5018 = DIRECTION('',(-0.984807753012,1.126854202784E-17,0.173648177667)
  );
#5019 = ADVANCED_FACE('',(#5020),#5033,.F.);
#5020 = FACE_BOUND('',#5021,.F.);
#5021 = EDGE_LOOP('',(#5022,#5023,#5029,#5030,#5031,#5032));
#5022 = ORIENTED_EDGE('',*,*,#4492,.F.);
#5023 = ORIENTED_EDGE('',*,*,#5024,.T.);
#5024 = EDGE_CURVE('',#4484,#4593,#5025,.T.);
#5025 = LINE('',#5026,#5027);
#5026 = CARTESIAN_POINT('',(-0.85,-1.125,0.6));
#5027 = VECTOR('',#5028,1.);
#5028 = DIRECTION('',(1.144237745222E-17,1.,0.));
#5029 = ORIENTED_EDGE('',*,*,#4601,.T.);
#5030 = ORIENTED_EDGE('',*,*,#4618,.T.);
#5031 = ORIENTED_EDGE('',*,*,#4180,.F.);
#5032 = ORIENTED_EDGE('',*,*,#4376,.F.);
#5033 = PLANE('',#5034);
#5034 = AXIS2_PLACEMENT_3D('',#5035,#5036,#5037);
#5035 = CARTESIAN_POINT('',(-0.85,-1.125,0.6));
#5036 = DIRECTION('',(0.,0.,-1.));
#5037 = DIRECTION('',(1.,-1.144237745222E-17,0.));
#5038 = ADVANCED_FACE('',(#5039,#5068),#5079,.T.);
#5039 = FACE_BOUND('',#5040,.T.);
#5040 = EDGE_LOOP('',(#5041,#5042,#5043,#5044,#5052,#5060,#5066,#5067));
#5041 = ORIENTED_EDGE('',*,*,#4255,.F.);
#5042 = ORIENTED_EDGE('',*,*,#4232,.F.);
#5043 = ORIENTED_EDGE('',*,*,#4203,.F.);
#5044 = ORIENTED_EDGE('',*,*,#5045,.F.);
#5045 = EDGE_CURVE('',#5046,#4204,#5048,.T.);
#5046 = VERTEX_POINT('',#5047);
#5047 = CARTESIAN_POINT('',(-0.667905353927,-1.375810707854,0.95));
#5048 = LINE('',#5049,#5050);
#5049 = CARTESIAN_POINT('',(-0.667905353927,-1.375810707854,0.95));
#5050 = VECTOR('',#5051,1.);
#5051 = DIRECTION('',(-0.707106781187,0.707106781187,0.));
#5052 = ORIENTED_EDGE('',*,*,#5053,.F.);
#5053 = EDGE_CURVE('',#5054,#5046,#5056,.T.);
#5054 = VERTEX_POINT('',#5055);
#5055 = CARTESIAN_POINT('',(0.667905353927,-1.375810707854,0.95));
#5056 = LINE('',#5057,#5058);
#5057 = CARTESIAN_POINT('',(0.667905353927,-1.375810707854,0.95));
#5058 = VECTOR('',#5059,1.);
#5059 = DIRECTION('',(-1.,-1.110223024625E-16,0.));
#5060 = ORIENTED_EDGE('',*,*,#5061,.F.);
#5061 = EDGE_CURVE('',#4311,#5054,#5062,.T.);
#5062 = LINE('',#5063,#5064);
#5063 = CARTESIAN_POINT('',(0.725810707854,-1.317905353927,0.95));
#5064 = VECTOR('',#5065,1.);
#5065 = DIRECTION('',(-0.707106781187,-0.707106781187,0.));
#5066 = ORIENTED_EDGE('',*,*,#4317,.F.);
#5067 = ORIENTED_EDGE('',*,*,#4278,.F.);
#5068 = FACE_BOUND('',#5069,.T.);
#5069 = EDGE_LOOP('',(#5070));
#5070 = ORIENTED_EDGE('',*,*,#5071,.T.);
#5071 = EDGE_CURVE('',#5072,#5072,#5074,.T.);
#5072 = VERTEX_POINT('',#5073);
#5073 = CARTESIAN_POINT('',(-0.525810707854,1.125810707854,0.95));
#5074 = CIRCLE('',#5075,5.E-02);
#5075 = AXIS2_PLACEMENT_3D('',#5076,#5077,#5078);
#5076 = CARTESIAN_POINT('',(-0.525810707854,1.175810707854,0.95));
#5077 = DIRECTION('',(0.,-0.,-1.));
#5078 = DIRECTION('',(1.110223024625E-16,-1.,0.));
#5079 = PLANE('',#5080);
#5080 = AXIS2_PLACEMENT_3D('',#5081,#5082,#5083);
#5081 = CARTESIAN_POINT('',(-0.667905353927,1.375810707854,0.95));
#5082 = DIRECTION('',(0.,0.,1.));
#5083 = DIRECTION('',(0.436721133329,-0.89959693847,0.));
#5084 = ADVANCED_FACE('',(#5085),#5095,.F.);
#5085 = FACE_BOUND('',#5086,.F.);
#5086 = EDGE_LOOP('',(#5087,#5088,#5089,#5090));
#5087 = ORIENTED_EDGE('',*,*,#4383,.T.);
#5088 = ORIENTED_EDGE('',*,*,#4211,.T.);
#5089 = ORIENTED_EDGE('',*,*,#5045,.F.);
#5090 = ORIENTED_EDGE('',*,*,#5091,.F.);
#5091 = EDGE_CURVE('',#4384,#5046,#5092,.T.);
#5092 = B_SPLINE_CURVE_WITH_KNOTS('',1,(#5093,#5094),.UNSPECIFIED.,.F.,
  .F.,(2,2),(0.,1.),.PIECEWISE_BEZIER_KNOTS.);
#5093 = CARTESIAN_POINT('',(-0.6925,-1.425,0.6));
#5094 = CARTESIAN_POINT('',(-0.667905353927,-1.375810707854,0.95));
#5095 = B_SPLINE_SURFACE_WITH_KNOTS('',1,1,(
    (#5096,#5097)
    ,(#5098,#5099
    )),.UNSPECIFIED.,.F.,.F.,.F.,(2,2),(2,2),(0.,0.116672618896),(0.,1.)
  ,.PIECEWISE_BEZIER_KNOTS.);
#5096 = CARTESIAN_POINT('',(-0.6925,-1.425,0.6));
#5097 = CARTESIAN_POINT('',(-0.667905353927,-1.375810707854,0.95));
#5098 = CARTESIAN_POINT('',(-0.775,-1.3425,0.6));
#5099 = CARTESIAN_POINT('',(-0.725810707854,-1.317905353927,0.95));
#5100 = ADVANCED_FACE('',(#5101),#5111,.F.);
#5101 = FACE_BOUND('',#5102,.F.);
#5102 = EDGE_LOOP('',(#5103,#5104,#5109,#5110));
#5103 = ORIENTED_EDGE('',*,*,#4399,.T.);
#5104 = ORIENTED_EDGE('',*,*,#5105,.T.);
#5105 = EDGE_CURVE('',#4392,#5054,#5106,.T.);
#5106 = B_SPLINE_CURVE_WITH_KNOTS('',1,(#5107,#5108),.UNSPECIFIED.,.F.,
  .F.,(2,2),(0.,1.),.PIECEWISE_BEZIER_KNOTS.);
#5107 = CARTESIAN_POINT('',(0.6925,-1.425,0.6));
#5108 = CARTESIAN_POINT('',(0.667905353927,-1.375810707854,0.95));
#5109 = ORIENTED_EDGE('',*,*,#5061,.F.);
#5110 = ORIENTED_EDGE('',*,*,#4310,.F.);
#5111 = B_SPLINE_SURFACE_WITH_KNOTS('',1,1,(
    (#5112,#5113)
    ,(#5114,#5115
    )),.UNSPECIFIED.,.F.,.F.,.F.,(2,2),(2,2),(0.,0.116672618896),(0.,1.)
  ,.PIECEWISE_BEZIER_KNOTS.);
#5112 = CARTESIAN_POINT('',(0.775,-1.3425,0.6));
#5113 = CARTESIAN_POINT('',(0.725810707854,-1.317905353927,0.95));
#5114 = CARTESIAN_POINT('',(0.6925,-1.425,0.6));
#5115 = CARTESIAN_POINT('',(0.667905353927,-1.375810707854,0.95));
#5116 = ADVANCED_FACE('',(#5117),#5128,.T.);
#5117 = FACE_BOUND('',#5118,.T.);
#5118 = EDGE_LOOP('',(#5119,#5120,#5121,#5122));
#5119 = ORIENTED_EDGE('',*,*,#4888,.T.);
#5120 = ORIENTED_EDGE('',*,*,#4340,.T.);
#5121 = ORIENTED_EDGE('',*,*,#4990,.F.);
#5122 = ORIENTED_EDGE('',*,*,#5123,.F.);
#5123 = EDGE_CURVE('',#4881,#4983,#5124,.T.);
#5124 = LINE('',#5125,#5126);
#5125 = CARTESIAN_POINT('',(1.096201938253,0.175,0.393412044417));
#5126 = VECTOR('',#5127,1.);
#5127 = DIRECTION('',(1.110223024625E-16,-1.,0.));
#5128 = CYLINDRICAL_SURFACE('',#5129,0.25);
#5129 = AXIS2_PLACEMENT_3D('',#5130,#5131,#5132);
#5130 = CARTESIAN_POINT('',(0.85,0.175,0.35));
#5131 = DIRECTION('',(-1.110223024625E-16,1.,0.));
#5132 = DIRECTION('',(0.984807753012,1.093356242223E-16,0.173648177667)
  );
#5133 = ADVANCED_FACE('',(#5134),#5140,.F.);
#5134 = FACE_BOUND('',#5135,.F.);
#5135 = EDGE_LOOP('',(#5136,#5137,#5138,#5139));
#5136 = ORIENTED_EDGE('',*,*,#4391,.T.);
#5137 = ORIENTED_EDGE('',*,*,#5091,.T.);
#5138 = ORIENTED_EDGE('',*,*,#5053,.F.);
#5139 = ORIENTED_EDGE('',*,*,#5105,.F.);
#5140 = B_SPLINE_SURFACE_WITH_KNOTS('',1,1,(
    (#5141,#5142)
    ,(#5143,#5144
    )),.UNSPECIFIED.,.F.,.F.,.F.,(2,2),(2,2),(0.,1.385),(0.,1.),
  .PIECEWISE_BEZIER_KNOTS.);
#5141 = CARTESIAN_POINT('',(0.6925,-1.425,0.6));
#5142 = CARTESIAN_POINT('',(0.667905353927,-1.375810707854,0.95));
#5143 = CARTESIAN_POINT('',(-0.6925,-1.425,0.6));
#5144 = CARTESIAN_POINT('',(-0.667905353927,-1.375810707854,0.95));
#5145 = ADVANCED_FACE('',(#5146),#5157,.T.);
#5146 = FACE_BOUND('',#5147,.T.);
#5147 = EDGE_LOOP('',(#5148,#5149,#5150,#5151));
#5148 = ORIENTED_EDGE('',*,*,#4483,.T.);
#5149 = ORIENTED_EDGE('',*,*,#5024,.T.);
#5150 = ORIENTED_EDGE('',*,*,#4592,.F.);
#5151 = ORIENTED_EDGE('',*,*,#5152,.F.);
#5152 = EDGE_CURVE('',#4476,#4585,#5153,.T.);
#5153 = LINE('',#5154,#5155);
#5154 = CARTESIAN_POINT('',(-1.096201938253,-1.125,0.393412044417));
#5155 = VECTOR('',#5156,1.);
#5156 = DIRECTION('',(1.144237745222E-17,1.,0.));
#5157 = CYLINDRICAL_SURFACE('',#5158,0.25);
#5158 = AXIS2_PLACEMENT_3D('',#5159,#5160,#5161);
#5159 = CARTESIAN_POINT('',(-0.85,-1.125,0.35));
#5160 = DIRECTION('',(-1.144237745222E-17,-1.,0.));
#5161 = DIRECTION('',(-0.984807753012,1.126854202784E-17,0.173648177667)
  );
#5162 = ADVANCED_FACE('',(#5163),#5174,.F.);
#5163 = FACE_BOUND('',#5164,.F.);
#5164 = EDGE_LOOP('',(#5165,#5171,#5172,#5173));
#5165 = ORIENTED_EDGE('',*,*,#5166,.T.);
#5166 = EDGE_CURVE('',#4467,#4576,#5167,.T.);
#5167 = LINE('',#5168,#5169);
#5168 = CARTESIAN_POINT('',(-1.11915192277,-1.125,0.232635182233));
#5169 = VECTOR('',#5170,1.);
#5170 = DIRECTION('',(1.144237745222E-17,1.,0.));
#5171 = ORIENTED_EDGE('',*,*,#4584,.T.);
#5172 = ORIENTED_EDGE('',*,*,#5152,.F.);
#5173 = ORIENTED_EDGE('',*,*,#4475,.F.);
#5174 = PLANE('',#5175);
#5175 = AXIS2_PLACEMENT_3D('',#5176,#5177,#5178);
#5176 = CARTESIAN_POINT('',(-1.11915192277,-1.125,0.232635182233));
#5177 = DIRECTION('',(0.989965123745,-1.132755461042E-17,-0.14131190243)
  );
#5178 = DIRECTION('',(0.14131190243,-1.616944126098E-18,0.989965123745)
  );
#5179 = ADVANCED_FACE('',(#5180),#5191,.F.);
#5180 = FACE_BOUND('',#5181,.F.);
#5181 = EDGE_LOOP('',(#5182,#5188,#5189,#5190));
#5182 = ORIENTED_EDGE('',*,*,#5183,.T.);
#5183 = EDGE_CURVE('',#4459,#4568,#5184,.T.);
#5184 = LINE('',#5185,#5186);
#5185 = CARTESIAN_POINT('',(-1.217632698071,-1.125,0.15));
#5186 = VECTOR('',#5187,1.);
#5187 = DIRECTION('',(1.144237745222E-17,1.,0.));
#5188 = ORIENTED_EDGE('',*,*,#4575,.T.);
#5189 = ORIENTED_EDGE('',*,*,#5166,.F.);
#5190 = ORIENTED_EDGE('',*,*,#4466,.F.);
#5191 = CYLINDRICAL_SURFACE('',#5192,0.1);
#5192 = AXIS2_PLACEMENT_3D('',#5193,#5194,#5195);
#5193 = CARTESIAN_POINT('',(-1.217632698071,-1.125,0.25));
#5194 = DIRECTION('',(-1.144237745222E-17,-1.,0.));
#5195 = DIRECTION('',(-2.22044604925E-15,2.540718180781E-32,-1.));
#5196 = ADVANCED_FACE('',(#5197),#5208,.F.);
#5197 = FACE_BOUND('',#5198,.F.);
#5198 = EDGE_LOOP('',(#5199,#5205,#5206,#5207));
#5199 = ORIENTED_EDGE('',*,*,#5200,.T.);
#5200 = EDGE_CURVE('',#4451,#4560,#5201,.T.);
#5201 = LINE('',#5202,#5203);
#5202 = CARTESIAN_POINT('',(-1.4,-1.125,0.15));
#5203 = VECTOR('',#5204,1.);
#5204 = DIRECTION('',(1.144237745222E-17,1.,0.));
#5205 = ORIENTED_EDGE('',*,*,#4567,.T.);
#5206 = ORIENTED_EDGE('',*,*,#5183,.F.);
#5207 = ORIENTED_EDGE('',*,*,#4458,.F.);
#5208 = PLANE('',#5209);
#5209 = AXIS2_PLACEMENT_3D('',#5210,#5211,#5212);
#5210 = CARTESIAN_POINT('',(-1.4,-1.125,0.15));
#5211 = DIRECTION('',(0.,0.,-1.));
#5212 = DIRECTION('',(1.,-1.144237745222E-17,0.));
#5213 = ADVANCED_FACE('',(#5214),#5225,.F.);
#5214 = FACE_BOUND('',#5215,.F.);
#5215 = EDGE_LOOP('',(#5216,#5222,#5223,#5224));
#5216 = ORIENTED_EDGE('',*,*,#5217,.T.);
#5217 = EDGE_CURVE('',#4443,#4552,#5218,.T.);
#5218 = LINE('',#5219,#5220);
#5219 = CARTESIAN_POINT('',(-1.4,-1.125,5.551115123126E-17));
#5220 = VECTOR('',#5221,1.);
#5221 = DIRECTION('',(1.144237745222E-17,1.,0.));
#5222 = ORIENTED_EDGE('',*,*,#4559,.T.);
#5223 = ORIENTED_EDGE('',*,*,#5200,.F.);
#5224 = ORIENTED_EDGE('',*,*,#4450,.F.);
#5225 = PLANE('',#5226);
#5226 = AXIS2_PLACEMENT_3D('',#5227,#5228,#5229);
#5227 = CARTESIAN_POINT('',(-1.4,-1.125,5.551115123126E-17));
#5228 = DIRECTION('',(1.,-1.144237745222E-17,0.));
#5229 = DIRECTION('',(0.,0.,1.));
#5230 = ADVANCED_FACE('',(#5231),#5242,.F.);
#5231 = FACE_BOUND('',#5232,.F.);
#5232 = EDGE_LOOP('',(#5233,#5239,#5240,#5241));
#5233 = ORIENTED_EDGE('',*,*,#5234,.T.);
#5234 = EDGE_CURVE('',#4434,#4543,#5235,.T.);
#5235 = LINE('',#5236,#5237);
#5236 = CARTESIAN_POINT('',(-1.217632698071,-1.125,5.551115123126E-17));
#5237 = VECTOR('',#5238,1.);
#5238 = DIRECTION('',(1.144237745222E-17,1.,0.));
#5239 = ORIENTED_EDGE('',*,*,#4551,.T.);
#5240 = ORIENTED_EDGE('',*,*,#5217,.F.);
#5241 = ORIENTED_EDGE('',*,*,#4442,.F.);
#5242 = PLANE('',#5243);
#5243 = AXIS2_PLACEMENT_3D('',#5244,#5245,#5246);
#5244 = CARTESIAN_POINT('',(-1.217632698071,-1.125,5.551115123126E-17));
#5245 = DIRECTION('',(0.,0.,1.));
#5246 = DIRECTION('',(-1.,1.144237745222E-17,0.));
#5247 = ADVANCED_FACE('',(#5248),#5259,.T.);
#5248 = FACE_BOUND('',#5249,.T.);
#5249 = EDGE_LOOP('',(#5250,#5251,#5252,#5253));
#5250 = ORIENTED_EDGE('',*,*,#4433,.T.);
#5251 = ORIENTED_EDGE('',*,*,#5234,.T.);
#5252 = ORIENTED_EDGE('',*,*,#4542,.F.);
#5253 = ORIENTED_EDGE('',*,*,#5254,.F.);
#5254 = EDGE_CURVE('',#4426,#4535,#5255,.T.);
#5255 = LINE('',#5256,#5257);
#5256 = CARTESIAN_POINT('',(-0.971430759818,-1.125,0.206587955583));
#5257 = VECTOR('',#5258,1.);
#5258 = DIRECTION('',(1.144237745222E-17,1.,0.));
#5259 = CYLINDRICAL_SURFACE('',#5260,0.25);
#5260 = AXIS2_PLACEMENT_3D('',#5261,#5262,#5263);
#5261 = CARTESIAN_POINT('',(-1.217632698071,-1.125,0.25));
#5262 = DIRECTION('',(-1.144237745222E-17,-1.,0.));
#5263 = DIRECTION('',(0.984807753012,-1.126854202784E-17,-0.173648177667
    ));
#5264 = ADVANCED_FACE('',(#5265),#5271,.F.);
#5265 = FACE_BOUND('',#5266,.F.);
#5266 = EDGE_LOOP('',(#5267,#5268,#5269,#5270));
#5267 = ORIENTED_EDGE('',*,*,#4516,.T.);
#5268 = ORIENTED_EDGE('',*,*,#4534,.T.);
#5269 = ORIENTED_EDGE('',*,*,#5254,.F.);
#5270 = ORIENTED_EDGE('',*,*,#4425,.F.);
#5271 = PLANE('',#5272);
#5272 = AXIS2_PLACEMENT_3D('',#5273,#5274,#5275);
#5273 = CARTESIAN_POINT('',(-0.948480775301,-1.125,0.367364817767));
#5274 = DIRECTION('',(-0.989965123745,1.132755461042E-17,0.14131190243)
  );
#5275 = DIRECTION('',(-0.14131190243,1.616944126098E-18,-0.989965123745)
  );
#5276 = ADVANCED_FACE('',(#5277),#5288,.F.);
#5277 = FACE_BOUND('',#5278,.F.);
#5278 = EDGE_LOOP('',(#5279,#5285,#5286,#5287));
#5279 = ORIENTED_EDGE('',*,*,#5280,.T.);
#5280 = EDGE_CURVE('',#4685,#4787,#5281,.T.);
#5281 = LINE('',#5282,#5283);
#5282 = CARTESIAN_POINT('',(-1.11915192277,0.775,0.232635182233));
#5283 = VECTOR('',#5284,1.);
#5284 = DIRECTION('',(1.144237745222E-17,1.,0.));
#5285 = ORIENTED_EDGE('',*,*,#4795,.T.);
#5286 = ORIENTED_EDGE('',*,*,#5009,.F.);
#5287 = ORIENTED_EDGE('',*,*,#4693,.F.);
#5288 = PLANE('',#5289);
#5289 = AXIS2_PLACEMENT_3D('',#5290,#5291,#5292);
#5290 = CARTESIAN_POINT('',(-1.11915192277,0.775,0.232635182233));
#5291 = DIRECTION('',(0.989965123745,-1.132755461042E-17,-0.14131190243)
  );
#5292 = DIRECTION('',(0.14131190243,-1.616944126098E-18,0.989965123745)
  );
#5293 = ADVANCED_FACE('',(#5294),#5305,.F.);
#5294 = FACE_BOUND('',#5295,.F.);
#5295 = EDGE_LOOP('',(#5296,#5302,#5303,#5304));
#5296 = ORIENTED_EDGE('',*,*,#5297,.T.);
#5297 = EDGE_CURVE('',#4677,#4779,#5298,.T.);
#5298 = LINE('',#5299,#5300);
#5299 = CARTESIAN_POINT('',(-1.217632698071,0.775,0.15));
#5300 = VECTOR('',#5301,1.);
#5301 = DIRECTION('',(1.144237745222E-17,1.,0.));
#5302 = ORIENTED_EDGE('',*,*,#4786,.T.);
#5303 = ORIENTED_EDGE('',*,*,#5280,.F.);
#5304 = ORIENTED_EDGE('',*,*,#4684,.F.);
#5305 = CYLINDRICAL_SURFACE('',#5306,0.1);
#5306 = AXIS2_PLACEMENT_3D('',#5307,#5308,#5309);
#5307 = CARTESIAN_POINT('',(-1.217632698071,0.775,0.25));
#5308 = DIRECTION('',(-1.144237745222E-17,-1.,0.));
#5309 = DIRECTION('',(-2.22044604925E-15,2.540718180781E-32,-1.));
#5310 = ADVANCED_FACE('',(#5311),#5322,.F.);
#5311 = FACE_BOUND('',#5312,.F.);
#5312 = EDGE_LOOP('',(#5313,#5319,#5320,#5321));
#5313 = ORIENTED_EDGE('',*,*,#5314,.T.);
#5314 = EDGE_CURVE('',#4669,#4771,#5315,.T.);
#5315 = LINE('',#5316,#5317);
#5316 = CARTESIAN_POINT('',(-1.4,0.775,0.15));
#5317 = VECTOR('',#5318,1.);
#5318 = DIRECTION('',(1.144237745222E-17,1.,0.));
#5319 = ORIENTED_EDGE('',*,*,#4778,.T.);
#5320 = ORIENTED_EDGE('',*,*,#5297,.F.);
#5321 = ORIENTED_EDGE('',*,*,#4676,.F.);
#5322 = PLANE('',#5323);
#5323 = AXIS2_PLACEMENT_3D('',#5324,#5325,#5326);
#5324 = CARTESIAN_POINT('',(-1.4,0.775,0.15));
#5325 = DIRECTION('',(0.,0.,-1.));
#5326 = DIRECTION('',(1.,-1.144237745222E-17,0.));
#5327 = ADVANCED_FACE('',(#5328),#5339,.F.);
#5328 = FACE_BOUND('',#5329,.F.);
#5329 = EDGE_LOOP('',(#5330,#5336,#5337,#5338));
#5330 = ORIENTED_EDGE('',*,*,#5331,.T.);
#5331 = EDGE_CURVE('',#4661,#4763,#5332,.T.);
#5332 = LINE('',#5333,#5334);
#5333 = CARTESIAN_POINT('',(-1.4,0.775,5.551115123126E-17));
#5334 = VECTOR('',#5335,1.);
#5335 = DIRECTION('',(1.144237745222E-17,1.,0.));
#5336 = ORIENTED_EDGE('',*,*,#4770,.T.);
#5337 = ORIENTED_EDGE('',*,*,#5314,.F.);
#5338 = ORIENTED_EDGE('',*,*,#4668,.F.);
#5339 = PLANE('',#5340);
#5340 = AXIS2_PLACEMENT_3D('',#5341,#5342,#5343);
#5341 = CARTESIAN_POINT('',(-1.4,0.775,5.551115123126E-17));
#5342 = DIRECTION('',(1.,-1.144237745222E-17,0.));
#5343 = DIRECTION('',(0.,0.,1.));
#5344 = ADVANCED_FACE('',(#5345),#5356,.F.);
#5345 = FACE_BOUND('',#5346,.F.);
#5346 = EDGE_LOOP('',(#5347,#5353,#5354,#5355));
#5347 = ORIENTED_EDGE('',*,*,#5348,.T.);
#5348 = EDGE_CURVE('',#4652,#4754,#5349,.T.);
#5349 = LINE('',#5350,#5351);
#5350 = CARTESIAN_POINT('',(-1.217632698071,0.775,5.551115123126E-17));
#5351 = VECTOR('',#5352,1.);
#5352 = DIRECTION('',(1.144237745222E-17,1.,0.));
#5353 = ORIENTED_EDGE('',*,*,#4762,.T.);
#5354 = ORIENTED_EDGE('',*,*,#5331,.F.);
#5355 = ORIENTED_EDGE('',*,*,#4660,.F.);
#5356 = PLANE('',#5357);
#5357 = AXIS2_PLACEMENT_3D('',#5358,#5359,#5360);
#5358 = CARTESIAN_POINT('',(-1.217632698071,0.775,5.551115123126E-17));
#5359 = DIRECTION('',(0.,0.,1.));
#5360 = DIRECTION('',(-1.,1.144237745222E-17,0.));
#5361 = ADVANCED_FACE('',(#5362),#5373,.T.);
#5362 = FACE_BOUND('',#5363,.T.);
#5363 = EDGE_LOOP('',(#5364,#5365,#5366,#5367));
#5364 = ORIENTED_EDGE('',*,*,#4651,.T.);
#5365 = ORIENTED_EDGE('',*,*,#5348,.T.);
#5366 = ORIENTED_EDGE('',*,*,#4753,.F.);
#5367 = ORIENTED_EDGE('',*,*,#5368,.F.);
#5368 = EDGE_CURVE('',#4644,#4746,#5369,.T.);
#5369 = LINE('',#5370,#5371);
#5370 = CARTESIAN_POINT('',(-0.971430759818,0.775,0.206587955583));
#5371 = VECTOR('',#5372,1.);
#5372 = DIRECTION('',(1.144237745222E-17,1.,0.));
#5373 = CYLINDRICAL_SURFACE('',#5374,0.25);
#5374 = AXIS2_PLACEMENT_3D('',#5375,#5376,#5377);
#5375 = CARTESIAN_POINT('',(-1.217632698071,0.775,0.25));
#5376 = DIRECTION('',(-1.144237745222E-17,-1.,0.));
#5377 = DIRECTION('',(0.984807753012,-1.126854202784E-17,-0.173648177667
    ));
#5378 = ADVANCED_FACE('',(#5379),#5385,.F.);
#5379 = FACE_BOUND('',#5380,.F.);
#5380 = EDGE_LOOP('',(#5381,#5382,#5383,#5384));
#5381 = ORIENTED_EDGE('',*,*,#4727,.T.);
#5382 = ORIENTED_EDGE('',*,*,#4745,.T.);
#5383 = ORIENTED_EDGE('',*,*,#5368,.F.);
#5384 = ORIENTED_EDGE('',*,*,#4643,.F.);
#5385 = PLANE('',#5386);
#5386 = AXIS2_PLACEMENT_3D('',#5387,#5388,#5389);
#5387 = CARTESIAN_POINT('',(-0.948480775301,0.775,0.367364817767));
#5388 = DIRECTION('',(-0.989965123745,1.132755461042E-17,0.14131190243)
  );
#5389 = DIRECTION('',(-0.14131190243,1.616944126098E-18,-0.989965123745)
  );
#5390 = ADVANCED_FACE('',(#5391),#5402,.F.);
#5391 = FACE_BOUND('',#5392,.F.);
#5392 = EDGE_LOOP('',(#5393,#5399,#5400,#5401));
#5393 = ORIENTED_EDGE('',*,*,#5394,.T.);
#5394 = EDGE_CURVE('',#4872,#4974,#5395,.T.);
#5395 = LINE('',#5396,#5397);
#5396 = CARTESIAN_POINT('',(1.11915192277,0.175,0.232635182233));
#5397 = VECTOR('',#5398,1.);
#5398 = DIRECTION('',(1.110223024625E-16,-1.,0.));
#5399 = ORIENTED_EDGE('',*,*,#4982,.T.);
#5400 = ORIENTED_EDGE('',*,*,#5123,.F.);
#5401 = ORIENTED_EDGE('',*,*,#4880,.F.);
#5402 = PLANE('',#5403);
#5403 = AXIS2_PLACEMENT_3D('',#5404,#5405,#5406);
#5404 = CARTESIAN_POINT('',(1.11915192277,0.175,0.232635182233));
#5405 = DIRECTION('',(-0.989965123745,-1.099082073958E-16,-0.14131190243
    ));
#5406 = DIRECTION('',(-0.14131190243,-1.568877277316E-17,0.989965123745)
  );
#5407 = ADVANCED_FACE('',(#5408),#5419,.F.);
#5408 = FACE_BOUND('',#5409,.F.);
#5409 = EDGE_LOOP('',(#5410,#5416,#5417,#5418));
#5410 = ORIENTED_EDGE('',*,*,#5411,.T.);
#5411 = EDGE_CURVE('',#4864,#4966,#5412,.T.);
#5412 = LINE('',#5413,#5414);
#5413 = CARTESIAN_POINT('',(1.217632698071,0.175,0.15));
#5414 = VECTOR('',#5415,1.);
#5415 = DIRECTION('',(1.110223024625E-16,-1.,0.));
#5416 = ORIENTED_EDGE('',*,*,#4973,.T.);
#5417 = ORIENTED_EDGE('',*,*,#5394,.F.);
#5418 = ORIENTED_EDGE('',*,*,#4871,.F.);
#5419 = CYLINDRICAL_SURFACE('',#5420,0.1);
#5420 = AXIS2_PLACEMENT_3D('',#5421,#5422,#5423);
#5421 = CARTESIAN_POINT('',(1.217632698071,0.175,0.25));
#5422 = DIRECTION('',(-1.110223024625E-16,1.,0.));
#5423 = DIRECTION('',(2.22044604925E-15,2.465190328815E-31,-1.));
#5424 = ADVANCED_FACE('',(#5425),#5436,.F.);
#5425 = FACE_BOUND('',#5426,.F.);
#5426 = EDGE_LOOP('',(#5427,#5433,#5434,#5435));
#5427 = ORIENTED_EDGE('',*,*,#5428,.T.);
#5428 = EDGE_CURVE('',#4856,#4958,#5429,.T.);
#5429 = LINE('',#5430,#5431);
#5430 = CARTESIAN_POINT('',(1.4,0.175,0.15));
#5431 = VECTOR('',#5432,1.);
#5432 = DIRECTION('',(1.110223024625E-16,-1.,0.));
#5433 = ORIENTED_EDGE('',*,*,#4965,.T.);
#5434 = ORIENTED_EDGE('',*,*,#5411,.F.);
#5435 = ORIENTED_EDGE('',*,*,#4863,.F.);
#5436 = PLANE('',#5437);
#5437 = AXIS2_PLACEMENT_3D('',#5438,#5439,#5440);
#5438 = CARTESIAN_POINT('',(1.4,0.175,0.15));
#5439 = DIRECTION('',(0.,0.,-1.));
#5440 = DIRECTION('',(-1.,-1.110223024625E-16,-0.));
#5441 = ADVANCED_FACE('',(#5442),#5453,.F.);
#5442 = FACE_BOUND('',#5443,.F.);
#5443 = EDGE_LOOP('',(#5444,#5450,#5451,#5452));
#5444 = ORIENTED_EDGE('',*,*,#5445,.T.);
#5445 = EDGE_CURVE('',#4848,#4950,#5446,.T.);
#5446 = LINE('',#5447,#5448);
#5447 = CARTESIAN_POINT('',(1.4,0.175,5.551115123126E-17));
#5448 = VECTOR('',#5449,1.);
#5449 = DIRECTION('',(1.110223024625E-16,-1.,0.));
#5450 = ORIENTED_EDGE('',*,*,#4957,.T.);
#5451 = ORIENTED_EDGE('',*,*,#5428,.F.);
#5452 = ORIENTED_EDGE('',*,*,#4855,.F.);
#5453 = PLANE('',#5454);
#5454 = AXIS2_PLACEMENT_3D('',#5455,#5456,#5457);
#5455 = CARTESIAN_POINT('',(1.4,0.175,5.551115123126E-17));
#5456 = DIRECTION('',(-1.,-1.110223024625E-16,0.));
#5457 = DIRECTION('',(0.,0.,1.));
#5458 = ADVANCED_FACE('',(#5459),#5470,.F.);
#5459 = FACE_BOUND('',#5460,.F.);
#5460 = EDGE_LOOP('',(#5461,#5467,#5468,#5469));
#5461 = ORIENTED_EDGE('',*,*,#5462,.T.);
#5462 = EDGE_CURVE('',#4839,#4941,#5463,.T.);
#5463 = LINE('',#5464,#5465);
#5464 = CARTESIAN_POINT('',(1.217632698071,0.175,5.551115123126E-17));
#5465 = VECTOR('',#5466,1.);
#5466 = DIRECTION('',(1.110223024625E-16,-1.,0.));
#5467 = ORIENTED_EDGE('',*,*,#4949,.T.);
#5468 = ORIENTED_EDGE('',*,*,#5445,.F.);
#5469 = ORIENTED_EDGE('',*,*,#4847,.F.);
#5470 = PLANE('',#5471);
#5471 = AXIS2_PLACEMENT_3D('',#5472,#5473,#5474);
#5472 = CARTESIAN_POINT('',(1.217632698071,0.175,5.551115123126E-17));
#5473 = DIRECTION('',(0.,0.,1.));
#5474 = DIRECTION('',(1.,1.110223024625E-16,-0.));
#5475 = ADVANCED_FACE('',(#5476),#5487,.T.);
#5476 = FACE_BOUND('',#5477,.T.);
#5477 = EDGE_LOOP('',(#5478,#5479,#5480,#5481));
#5478 = ORIENTED_EDGE('',*,*,#4838,.T.);
#5479 = ORIENTED_EDGE('',*,*,#5462,.T.);
#5480 = ORIENTED_EDGE('',*,*,#4940,.F.);
#5481 = ORIENTED_EDGE('',*,*,#5482,.F.);
#5482 = EDGE_CURVE('',#4831,#4933,#5483,.T.);
#5483 = LINE('',#5484,#5485);
#5484 = CARTESIAN_POINT('',(0.971430759818,0.175,0.206587955583));
#5485 = VECTOR('',#5486,1.);
#5486 = DIRECTION('',(1.110223024625E-16,-1.,0.));
#5487 = CYLINDRICAL_SURFACE('',#5488,0.25);
#5488 = AXIS2_PLACEMENT_3D('',#5489,#5490,#5491);
#5489 = CARTESIAN_POINT('',(1.217632698071,0.175,0.25));
#5490 = DIRECTION('',(-1.110223024625E-16,1.,0.));
#5491 = DIRECTION('',(-0.984807753012,-1.093356242223E-16,
    -0.173648177667));
#5492 = ADVANCED_FACE('',(#5493),#5499,.F.);
#5493 = FACE_BOUND('',#5494,.F.);
#5494 = EDGE_LOOP('',(#5495,#5496,#5497,#5498));
#5495 = ORIENTED_EDGE('',*,*,#4914,.T.);
#5496 = ORIENTED_EDGE('',*,*,#4932,.T.);
#5497 = ORIENTED_EDGE('',*,*,#5482,.F.);
#5498 = ORIENTED_EDGE('',*,*,#4830,.F.);
#5499 = PLANE('',#5500);
#5500 = AXIS2_PLACEMENT_3D('',#5501,#5502,#5503);
#5501 = CARTESIAN_POINT('',(0.948480775301,0.175,0.367364817767));
#5502 = DIRECTION('',(0.989965123745,1.099082073958E-16,0.14131190243));
#5503 = DIRECTION('',(0.14131190243,1.568877277316E-17,-0.989965123745)
  );
#5504 = ADVANCED_FACE('',(#5505),#5508,.F.);
#5505 = FACE_BOUND('',#5506,.T.);
#5506 = EDGE_LOOP('',(#5507));
#5507 = ORIENTED_EDGE('',*,*,#5071,.F.);
#5508 = PLANE('',#5509);
#5509 = AXIS2_PLACEMENT_3D('',#5510,#5511,#5512);
#5510 = CARTESIAN_POINT('',(-0.525810707854,1.175810707854,0.95));
#5511 = DIRECTION('',(0.,0.,-1.));
#5512 = DIRECTION('',(1.110223024625E-16,-1.,0.));
#5513 = ( GEOMETRIC_REPRESENTATION_CONTEXT(3) 
GLOBAL_UNCERTAINTY_ASSIGNED_CONTEXT((#5517)) 
GLOBAL_UNIT_ASSIGNED_CONTEXT((#5514,#5515,#5516)) REPRESENTATION_CONTEXT
('Context #1','3D Context with UNIT and UNCERTAINTY') );
#5514 = ( LENGTH_UNIT() NAMED_UNIT(*) SI_UNIT(.MILLI.,.METRE.) );
#5515 = ( NAMED_UNIT(*) PLANE_ANGLE_UNIT() SI_UNIT($,.RADIAN.) );
#5516 = ( NAMED_UNIT(*) SI_UNIT($,.STERADIAN.) SOLID_ANGLE_UNIT() );
#5517 = UNCERTAINTY_MEASURE_WITH_UNIT(LENGTH_MEASURE(1.E-07),#5514,
  'distance_accuracy_value','confusion accuracy');
#5518 = CONTEXT_DEPENDENT_SHAPE_REPRESENTATION(#5519,#5521);
#5519 = ( REPRESENTATION_RELATIONSHIP('','',#3377,#10) 
REPRESENTATION_RELATIONSHIP_WITH_TRANSFORMATION(#5520) 
SHAPE_REPRESENTATION_RELATIONSHIP() );
#5520 = ITEM_DEFINED_TRANSFORMATION('','',#11,#55);
#5521 = PRODUCT_DEFINITION_SHAPE('Placement','Placement of an item',
  #5522);
#5522 = NEXT_ASSEMBLY_USAGE_OCCURRENCE('11','Q1','',#5,#3372,$);
#5523 = PRODUCT_RELATED_PRODUCT_CATEGORY('part',$,(#3374));
#5524 = CONTEXT_DEPENDENT_SHAPE_REPRESENTATION(#5525,#5527);
#5525 = ( REPRESENTATION_RELATIONSHIP('','',#893,#10) 
REPRESENTATION_RELATIONSHIP_WITH_TRANSFORMATION(#5526) 
SHAPE_REPRESENTATION_RELATIONSHIP() );
#5526 = ITEM_DEFINED_TRANSFORMATION('','',#11,#59);
#5527 = PRODUCT_DEFINITION_SHAPE('Placement','Placement of an item',
  #5528);
#5528 = NEXT_ASSEMBLY_USAGE_OCCURRENCE('12','C3','',#5,#888,$);
#5529 = CONTEXT_DEPENDENT_SHAPE_REPRESENTATION(#5530,#5532);
#5530 = ( REPRESENTATION_RELATIONSHIP('','',#84,#10) 
REPRESENTATION_RELATIONSHIP_WITH_TRANSFORMATION(#5531) 
SHAPE_REPRESENTATION_RELATIONSHIP() );
#5531 = ITEM_DEFINED_TRANSFORMATION('','',#11,#63);
#5532 = PRODUCT_DEFINITION_SHAPE('Placement','Placement of an item',
  #5533);
#5533 = NEXT_ASSEMBLY_USAGE_OCCURRENCE('13','R6','',#5,#79,$);
#5534 = SHAPE_DEFINITION_REPRESENTATION(#5535,#5541);
#5535 = PRODUCT_DEFINITION_SHAPE('','',#5536);
#5536 = PRODUCT_DEFINITION('design','',#5537,#5540);
#5537 = PRODUCT_DEFINITION_FORMATION('','',#5538);
#5538 = PRODUCT('ToyBoardRemote_PCB','ToyBoardRemote_PCB','',(#5539));
#5539 = PRODUCT_CONTEXT('',#2,'mechanical');
#5540 = PRODUCT_DEFINITION_CONTEXT('part definition',#2,'design');
#5541 = ADVANCED_BREP_SHAPE_REPRESENTATION('',(#11,#5542),#6994);
#5542 = MANIFOLD_SOLID_BREP('',#5543);
#5543 = CLOSED_SHELL('',(#5544,#5584,#5615,#5646,#6025,#6404,#6421,#6438
    ,#6455,#6472,#6484,#6501,#6518,#6535,#6552,#6569,#6586,#6603,#6620,
    #6637,#6654,#6671,#6688,#6705,#6722,#6739,#6756,#6773,#6790,#6807,
    #6824,#6841,#6858,#6875,#6892,#6909,#6926,#6943,#6960,#6977));
#5544 = ADVANCED_FACE('',(#5545),#5579,.T.);
#5545 = FACE_BOUND('',#5546,.T.);
#5546 = EDGE_LOOP('',(#5547,#5557,#5565,#5573));
#5547 = ORIENTED_EDGE('',*,*,#5548,.T.);
#5548 = EDGE_CURVE('',#5549,#5551,#5553,.T.);
#5549 = VERTEX_POINT('',#5550);
#5550 = CARTESIAN_POINT('',(19.871824,10.912813,0.));
#5551 = VERTEX_POINT('',#5552);
#5552 = CARTESIAN_POINT('',(19.871824,10.912813,1.510198));
#5553 = LINE('',#5554,#5555);
#5554 = CARTESIAN_POINT('',(19.871824,10.912813,0.));
#5555 = VECTOR('',#5556,1.);
#5556 = DIRECTION('',(0.,0.,1.));
#5557 = ORIENTED_EDGE('',*,*,#5558,.T.);
#5558 = EDGE_CURVE('',#5551,#5559,#5561,.T.);
#5559 = VERTEX_POINT('',#5560);
#5560 = CARTESIAN_POINT('',(19.871824,-22.107187,1.510198));
#5561 = LINE('',#5562,#5563);
#5562 = CARTESIAN_POINT('',(19.871824,10.912813,1.510198));
#5563 = VECTOR('',#5564,1.);
#5564 = DIRECTION('',(0.,-1.,0.));
#5565 = ORIENTED_EDGE('',*,*,#5566,.F.);
#5566 = EDGE_CURVE('',#5567,#5559,#5569,.T.);
#5567 = VERTEX_POINT('',#5568);
#5568 = CARTESIAN_POINT('',(19.871824,-22.107187,0.));
#5569 = LINE('',#5570,#5571);
#5570 = CARTESIAN_POINT('',(19.871824,-22.107187,0.));
#5571 = VECTOR('',#5572,1.);
#5572 = DIRECTION('',(0.,0.,1.));
#5573 = ORIENTED_EDGE('',*,*,#5574,.F.);
#5574 = EDGE_CURVE('',#5549,#5567,#5575,.T.);
#5575 = LINE('',#5576,#5577);
#5576 = CARTESIAN_POINT('',(19.871824,10.912813,0.));
#5577 = VECTOR('',#5578,1.);
#5578 = DIRECTION('',(0.,-1.,0.));
#5579 = PLANE('',#5580);
#5580 = AXIS2_PLACEMENT_3D('',#5581,#5582,#5583);
#5581 = CARTESIAN_POINT('',(19.871824,10.912813,0.));
#5582 = DIRECTION('',(1.,0.,-0.));
#5583 = DIRECTION('',(0.,-1.,0.));
#5584 = ADVANCED_FACE('',(#5585),#5610,.T.);
#5585 = FACE_BOUND('',#5586,.T.);
#5586 = EDGE_LOOP('',(#5587,#5597,#5603,#5604));
#5587 = ORIENTED_EDGE('',*,*,#5588,.T.);
#5588 = EDGE_CURVE('',#5589,#5591,#5593,.T.);
#5589 = VERTEX_POINT('',#5590);
#5590 = CARTESIAN_POINT('',(19.899824,18.150813,0.));
#5591 = VERTEX_POINT('',#5592);
#5592 = CARTESIAN_POINT('',(19.899824,18.150813,1.510198));
#5593 = LINE('',#5594,#5595);
#5594 = CARTESIAN_POINT('',(19.899824,18.150813,0.));
#5595 = VECTOR('',#5596,1.);
#5596 = DIRECTION('',(0.,0.,1.));
#5597 = ORIENTED_EDGE('',*,*,#5598,.T.);
#5598 = EDGE_CURVE('',#5591,#5551,#5599,.T.);
#5599 = LINE('',#5600,#5601);
#5600 = CARTESIAN_POINT('',(19.899824,18.150813,1.510198));
#5601 = VECTOR('',#5602,1.);
#5602 = DIRECTION('',(-3.868443007916E-03,-0.999992517546,0.));
#5603 = ORIENTED_EDGE('',*,*,#5548,.F.);
#5604 = ORIENTED_EDGE('',*,*,#5605,.F.);
#5605 = EDGE_CURVE('',#5589,#5549,#5606,.T.);
#5606 = LINE('',#5607,#5608);
#5607 = CARTESIAN_POINT('',(19.899824,18.150813,0.));
#5608 = VECTOR('',#5609,1.);
#5609 = DIRECTION('',(-3.868443007916E-03,-0.999992517546,0.));
#5610 = PLANE('',#5611);
#5611 = AXIS2_PLACEMENT_3D('',#5612,#5613,#5614);
#5612 = CARTESIAN_POINT('',(19.899824,18.150813,0.));
#5613 = DIRECTION('',(0.999992517546,-3.868443007916E-03,0.));
#5614 = DIRECTION('',(-3.868443007916E-03,-0.999992517546,0.));
#5615 = ADVANCED_FACE('',(#5616),#5641,.T.);
#5616 = FACE_BOUND('',#5617,.T.);
#5617 = EDGE_LOOP('',(#5618,#5619,#5627,#5635));
#5618 = ORIENTED_EDGE('',*,*,#5566,.T.);
#5619 = ORIENTED_EDGE('',*,*,#5620,.T.);
#5620 = EDGE_CURVE('',#5559,#5621,#5623,.T.);
#5621 = VERTEX_POINT('',#5622);
#5622 = CARTESIAN_POINT('',(-20.000176,-22.107187,1.510198));
#5623 = LINE('',#5624,#5625);
#5624 = CARTESIAN_POINT('',(19.871824,-22.107187,1.510198));
#5625 = VECTOR('',#5626,1.);
#5626 = DIRECTION('',(-1.,0.,0.));
#5627 = ORIENTED_EDGE('',*,*,#5628,.F.);
#5628 = EDGE_CURVE('',#5629,#5621,#5631,.T.);
#5629 = VERTEX_POINT('',#5630);
#5630 = CARTESIAN_POINT('',(-20.000176,-22.107187,0.));
#5631 = LINE('',#5632,#5633);
#5632 = CARTESIAN_POINT('',(-20.000176,-22.107187,0.));
#5633 = VECTOR('',#5634,1.);
#5634 = DIRECTION('',(0.,0.,1.));
#5635 = ORIENTED_EDGE('',*,*,#5636,.F.);
#5636 = EDGE_CURVE('',#5567,#5629,#5637,.T.);
#5637 = LINE('',#5638,#5639);
#5638 = CARTESIAN_POINT('',(19.871824,-22.107187,0.));
#5639 = VECTOR('',#5640,1.);
#5640 = DIRECTION('',(-1.,0.,0.));
#5641 = PLANE('',#5642);
#5642 = AXIS2_PLACEMENT_3D('',#5643,#5644,#5645);
#5643 = CARTESIAN_POINT('',(19.871824,-22.107187,0.));
#5644 = DIRECTION('',(0.,-1.,0.));
#5645 = DIRECTION('',(-1.,0.,0.));
#5646 = ADVANCED_FACE('',(#5647,#5690,#5701,#5712,#5723,#5734,#5745,
    #5756,#5767,#5778,#5789,#5800,#5811,#5822,#5833,#5844,#5855,#5866,
    #5877,#5888,#5899,#5910,#5921,#5932,#5943,#5954,#5965,#5976,#5987,
    #5998,#6009),#6020,.F.);
#5647 = FACE_BOUND('',#5648,.F.);
#5648 = EDGE_LOOP('',(#5649,#5650,#5651,#5659,#5667,#5675,#5683,#5689));
#5649 = ORIENTED_EDGE('',*,*,#5574,.F.);
#5650 = ORIENTED_EDGE('',*,*,#5605,.F.);
#5651 = ORIENTED_EDGE('',*,*,#5652,.F.);
#5652 = EDGE_CURVE('',#5653,#5589,#5655,.T.);
#5653 = VERTEX_POINT('',#5654);
#5654 = CARTESIAN_POINT('',(13.799824,18.150813,0.));
#5655 = LINE('',#5656,#5657);
#5656 = CARTESIAN_POINT('',(13.799824,18.150813,0.));
#5657 = VECTOR('',#5658,1.);
#5658 = DIRECTION('',(1.,0.,0.));
#5659 = ORIENTED_EDGE('',*,*,#5660,.F.);
#5660 = EDGE_CURVE('',#5661,#5653,#5663,.T.);
#5661 = VERTEX_POINT('',#5662);
#5662 = CARTESIAN_POINT('',(-13.900176,18.150813,0.));
#5663 = LINE('',#5664,#5665);
#5664 = CARTESIAN_POINT('',(-13.900176,18.150813,0.));
#5665 = VECTOR('',#5666,1.);
#5666 = DIRECTION('',(1.,0.,0.));
#5667 = ORIENTED_EDGE('',*,*,#5668,.F.);
#5668 = EDGE_CURVE('',#5669,#5661,#5671,.T.);
#5669 = VERTEX_POINT('',#5670);
#5670 = CARTESIAN_POINT('',(-20.000176,18.150813,0.));
#5671 = LINE('',#5672,#5673);
#5672 = CARTESIAN_POINT('',(-20.000176,18.150813,0.));
#5673 = VECTOR('',#5674,1.);
#5674 = DIRECTION('',(1.,0.,0.));
#5675 = ORIENTED_EDGE('',*,*,#5676,.F.);
#5676 = EDGE_CURVE('',#5677,#5669,#5679,.T.);
#5677 = VERTEX_POINT('',#5678);
#5678 = CARTESIAN_POINT('',(-20.000176,10.909057,0.));
#5679 = LINE('',#5680,#5681);
#5680 = CARTESIAN_POINT('',(-20.000176,10.909057,0.));
#5681 = VECTOR('',#5682,1.);
#5682 = DIRECTION('',(0.,1.,0.));
#5683 = ORIENTED_EDGE('',*,*,#5684,.F.);
#5684 = EDGE_CURVE('',#5629,#5677,#5685,.T.);
#5685 = LINE('',#5686,#5687);
#5686 = CARTESIAN_POINT('',(-20.000176,-22.107187,0.));
#5687 = VECTOR('',#5688,1.);
#5688 = DIRECTION('',(0.,1.,0.));
#5689 = ORIENTED_EDGE('',*,*,#5636,.F.);
#5690 = FACE_BOUND('',#5691,.F.);
#5691 = EDGE_LOOP('',(#5692));
#5692 = ORIENTED_EDGE('',*,*,#5693,.F.);
#5693 = EDGE_CURVE('',#5694,#5694,#5696,.T.);
#5694 = VERTEX_POINT('',#5695);
#5695 = CARTESIAN_POINT('',(-16.100176,-17.649187,0.));
#5696 = CIRCLE('',#5697,1.);
#5697 = AXIS2_PLACEMENT_3D('',#5698,#5699,#5700);
#5698 = CARTESIAN_POINT('',(-17.100176,-17.649187,0.));
#5699 = DIRECTION('',(0.,0.,1.));
#5700 = DIRECTION('',(1.,0.,-0.));
#5701 = FACE_BOUND('',#5702,.F.);
#5702 = EDGE_LOOP('',(#5703));
#5703 = ORIENTED_EDGE('',*,*,#5704,.F.);
#5704 = EDGE_CURVE('',#5705,#5705,#5707,.T.);
#5705 = VERTEX_POINT('',#5706);
#5706 = CARTESIAN_POINT('',(-9.100176,-12.749187,0.));
#5707 = CIRCLE('',#5708,1.);
#5708 = AXIS2_PLACEMENT_3D('',#5709,#5710,#5711);
#5709 = CARTESIAN_POINT('',(-10.100176,-12.749187,0.));
#5710 = DIRECTION('',(0.,0.,1.));
#5711 = DIRECTION('',(1.,0.,-0.));
#5712 = FACE_BOUND('',#5713,.F.);
#5713 = EDGE_LOOP('',(#5714));
#5714 = ORIENTED_EDGE('',*,*,#5715,.T.);
#5715 = EDGE_CURVE('',#5716,#5716,#5718,.T.);
#5716 = VERTEX_POINT('',#5717);
#5717 = CARTESIAN_POINT('',(-1.720176,-18.594187,0.));
#5718 = CIRCLE('',#5719,0.425);
#5719 = AXIS2_PLACEMENT_3D('',#5720,#5721,#5722);
#5720 = CARTESIAN_POINT('',(-1.720176,-18.169187,0.));
#5721 = DIRECTION('',(-0.,0.,-1.));
#5722 = DIRECTION('',(5.224578939412E-16,-1.,-0.));
#5723 = FACE_BOUND('',#5724,.F.);
#5724 = EDGE_LOOP('',(#5725));
#5725 = ORIENTED_EDGE('',*,*,#5726,.F.);
#5726 = EDGE_CURVE('',#5727,#5727,#5729,.T.);
#5727 = VERTEX_POINT('',#5728);
#5728 = CARTESIAN_POINT('',(0.399824,-12.749187,0.));
#5729 = CIRCLE('',#5730,1.);
#5730 = AXIS2_PLACEMENT_3D('',#5731,#5732,#5733);
#5731 = CARTESIAN_POINT('',(-0.600176,-12.749187,0.));
#5732 = DIRECTION('',(0.,0.,1.));
#5733 = DIRECTION('',(1.,0.,-0.));
#5734 = FACE_BOUND('',#5735,.F.);
#5735 = EDGE_LOOP('',(#5736));
#5736 = ORIENTED_EDGE('',*,*,#5737,.T.);
#5737 = EDGE_CURVE('',#5738,#5738,#5740,.T.);
#5738 = VERTEX_POINT('',#5739);
#5739 = CARTESIAN_POINT('',(-17.800176,-6.599187,0.));
#5740 = CIRCLE('',#5741,0.55);
#5741 = AXIS2_PLACEMENT_3D('',#5742,#5743,#5744);
#5742 = CARTESIAN_POINT('',(-17.800176,-6.049187,0.));
#5743 = DIRECTION('',(-0.,0.,-1.));
#5744 = DIRECTION('',(-0.,-1.,0.));
#5745 = FACE_BOUND('',#5746,.F.);
#5746 = EDGE_LOOP('',(#5747));
#5747 = ORIENTED_EDGE('',*,*,#5748,.T.);
#5748 = EDGE_CURVE('',#5749,#5749,#5751,.T.);
#5749 = VERTEX_POINT('',#5750);
#5750 = CARTESIAN_POINT('',(-8.656176,-6.599187,0.));
#5751 = CIRCLE('',#5752,0.55);
#5752 = AXIS2_PLACEMENT_3D('',#5753,#5754,#5755);
#5753 = CARTESIAN_POINT('',(-8.656176,-6.049187,0.));
#5754 = DIRECTION('',(-0.,0.,-1.));
#5755 = DIRECTION('',(-3.229739708E-15,-1.,0.));
#5756 = FACE_BOUND('',#5757,.F.);
#5757 = EDGE_LOOP('',(#5758));
#5758 = ORIENTED_EDGE('',*,*,#5759,.T.);
#5759 = EDGE_CURVE('',#5760,#5760,#5762,.T.);
#5760 = VERTEX_POINT('',#5761);
#5761 = CARTESIAN_POINT('',(0.819824,-18.594187,0.));
#5762 = CIRCLE('',#5763,0.425);
#5763 = AXIS2_PLACEMENT_3D('',#5764,#5765,#5766);
#5764 = CARTESIAN_POINT('',(0.819824,-18.169187,0.));
#5765 = DIRECTION('',(-0.,0.,-1.));
#5766 = DIRECTION('',(2.612289469706E-16,-1.,-0.));
#5767 = FACE_BOUND('',#5768,.F.);
#5768 = EDGE_LOOP('',(#5769));
#5769 = ORIENTED_EDGE('',*,*,#5770,.T.);
#5770 = EDGE_CURVE('',#5771,#5771,#5773,.T.);
#5771 = VERTEX_POINT('',#5772);
#5772 = CARTESIAN_POINT('',(5.899824,-16.054187,0.));
#5773 = CIRCLE('',#5774,0.425);
#5774 = AXIS2_PLACEMENT_3D('',#5775,#5776,#5777);
#5775 = CARTESIAN_POINT('',(5.899824,-15.629187,0.));
#5776 = DIRECTION('',(-0.,0.,-1.));
#5777 = DIRECTION('',(-0.,-1.,0.));
#5778 = FACE_BOUND('',#5779,.F.);
#5779 = EDGE_LOOP('',(#5780));
#5780 = ORIENTED_EDGE('',*,*,#5781,.T.);
#5781 = EDGE_CURVE('',#5782,#5782,#5784,.T.);
#5782 = VERTEX_POINT('',#5783);
#5783 = CARTESIAN_POINT('',(8.439824,-16.054187,0.));
#5784 = CIRCLE('',#5785,0.425);
#5785 = AXIS2_PLACEMENT_3D('',#5786,#5787,#5788);
#5786 = CARTESIAN_POINT('',(8.439824,-15.629187,0.));
#5787 = DIRECTION('',(-0.,0.,-1.));
#5788 = DIRECTION('',(-4.17966315153E-15,-1.,0.));
#5789 = FACE_BOUND('',#5790,.F.);
#5790 = EDGE_LOOP('',(#5791));
#5791 = ORIENTED_EDGE('',*,*,#5792,.T.);
#5792 = EDGE_CURVE('',#5793,#5793,#5795,.T.);
#5793 = VERTEX_POINT('',#5794);
#5794 = CARTESIAN_POINT('',(13.519824,-18.594187,0.));
#5795 = CIRCLE('',#5796,0.425);
#5796 = AXIS2_PLACEMENT_3D('',#5797,#5798,#5799);
#5797 = CARTESIAN_POINT('',(13.519824,-18.169187,0.));
#5798 = DIRECTION('',(-0.,0.,-1.));
#5799 = DIRECTION('',(-0.,-1.,0.));
#5800 = FACE_BOUND('',#5801,.F.);
#5801 = EDGE_LOOP('',(#5802));
#5802 = ORIENTED_EDGE('',*,*,#5803,.F.);
#5803 = EDGE_CURVE('',#5804,#5804,#5806,.T.);
#5804 = VERTEX_POINT('',#5805);
#5805 = CARTESIAN_POINT('',(18.299824,-17.649187,0.));
#5806 = CIRCLE('',#5807,1.);
#5807 = AXIS2_PLACEMENT_3D('',#5808,#5809,#5810);
#5808 = CARTESIAN_POINT('',(17.299824,-17.649187,0.));
#5809 = DIRECTION('',(0.,0.,1.));
#5810 = DIRECTION('',(1.,0.,-0.));
#5811 = FACE_BOUND('',#5812,.F.);
#5812 = EDGE_LOOP('',(#5813));
#5813 = ORIENTED_EDGE('',*,*,#5814,.T.);
#5814 = EDGE_CURVE('',#5815,#5815,#5817,.T.);
#5815 = VERTEX_POINT('',#5816);
#5816 = CARTESIAN_POINT('',(0.819824,-3.354187,0.));
#5817 = CIRCLE('',#5818,0.425);
#5818 = AXIS2_PLACEMENT_3D('',#5819,#5820,#5821);
#5819 = CARTESIAN_POINT('',(0.819824,-2.929187,0.));
#5820 = DIRECTION('',(-0.,0.,-1.));
#5821 = DIRECTION('',(-0.,-1.,0.));
#5822 = FACE_BOUND('',#5823,.F.);
#5823 = EDGE_LOOP('',(#5824));
#5824 = ORIENTED_EDGE('',*,*,#5825,.T.);
#5825 = EDGE_CURVE('',#5826,#5826,#5828,.T.);
#5826 = VERTEX_POINT('',#5827);
#5827 = CARTESIAN_POINT('',(3.359824,-3.354187,0.));
#5828 = CIRCLE('',#5829,0.425);
#5829 = AXIS2_PLACEMENT_3D('',#5830,#5831,#5832);
#5830 = CARTESIAN_POINT('',(3.359824,-2.929187,0.));
#5831 = DIRECTION('',(-0.,0.,-1.));
#5832 = DIRECTION('',(1.044915787882E-15,-1.,-0.));
#5833 = FACE_BOUND('',#5834,.F.);
#5834 = EDGE_LOOP('',(#5835));
#5835 = ORIENTED_EDGE('',*,*,#5836,.T.);
#5836 = EDGE_CURVE('',#5837,#5837,#5839,.T.);
#5837 = VERTEX_POINT('',#5838);
#5838 = CARTESIAN_POINT('',(5.899824,-3.354187,0.));
#5839 = CIRCLE('',#5840,0.425);
#5840 = AXIS2_PLACEMENT_3D('',#5841,#5842,#5843);
#5841 = CARTESIAN_POINT('',(5.899824,-2.929187,0.));
#5842 = DIRECTION('',(-0.,0.,-1.));
#5843 = DIRECTION('',(-0.,-1.,0.));
#5844 = FACE_BOUND('',#5845,.F.);
#5845 = EDGE_LOOP('',(#5846));
#5846 = ORIENTED_EDGE('',*,*,#5847,.T.);
#5847 = EDGE_CURVE('',#5848,#5848,#5850,.T.);
#5848 = VERTEX_POINT('',#5849);
#5849 = CARTESIAN_POINT('',(8.439824,-3.354187,0.));
#5850 = CIRCLE('',#5851,0.425);
#5851 = AXIS2_PLACEMENT_3D('',#5852,#5853,#5854);
#5852 = CARTESIAN_POINT('',(8.439824,-2.929187,0.));
#5853 = DIRECTION('',(-0.,0.,-1.));
#5854 = DIRECTION('',(-4.17966315153E-15,-1.,0.));
#5855 = FACE_BOUND('',#5856,.F.);
#5856 = EDGE_LOOP('',(#5857));
#5857 = ORIENTED_EDGE('',*,*,#5858,.T.);
#5858 = EDGE_CURVE('',#5859,#5859,#5861,.T.);
#5859 = VERTEX_POINT('',#5860);
#5860 = CARTESIAN_POINT('',(10.979824,-3.354187,0.));
#5861 = CIRCLE('',#5862,0.425);
#5862 = AXIS2_PLACEMENT_3D('',#5863,#5864,#5865);
#5863 = CARTESIAN_POINT('',(10.979824,-2.929187,0.));
#5864 = DIRECTION('',(-0.,0.,-1.));
#5865 = DIRECTION('',(-0.,-1.,0.));
#5866 = FACE_BOUND('',#5867,.F.);
#5867 = EDGE_LOOP('',(#5868));
#5868 = ORIENTED_EDGE('',*,*,#5869,.T.);
#5869 = EDGE_CURVE('',#5870,#5870,#5872,.T.);
#5870 = VERTEX_POINT('',#5871);
#5871 = CARTESIAN_POINT('',(13.519824,-3.354187,0.));
#5872 = CIRCLE('',#5873,0.425);
#5873 = AXIS2_PLACEMENT_3D('',#5874,#5875,#5876);
#5874 = CARTESIAN_POINT('',(13.519824,-2.929187,0.));
#5875 = DIRECTION('',(-0.,0.,-1.));
#5876 = DIRECTION('',(-0.,-1.,0.));
#5877 = FACE_BOUND('',#5878,.F.);
#5878 = EDGE_LOOP('',(#5879));
#5879 = ORIENTED_EDGE('',*,*,#5880,.T.);
#5880 = EDGE_CURVE('',#5881,#5881,#5883,.T.);
#5881 = VERTEX_POINT('',#5882);
#5882 = CARTESIAN_POINT('',(-17.755976,2.927813,0.));
#5883 = CIRCLE('',#5884,0.6);
#5884 = AXIS2_PLACEMENT_3D('',#5885,#5886,#5887);
#5885 = CARTESIAN_POINT('',(-17.755976,3.527813,0.));
#5886 = DIRECTION('',(-0.,0.,-1.));
#5887 = DIRECTION('',(-5.921189464668E-15,-1.,0.));
#5888 = FACE_BOUND('',#5889,.F.);
#5889 = EDGE_LOOP('',(#5890));
#5890 = ORIENTED_EDGE('',*,*,#5891,.F.);
#5891 = EDGE_CURVE('',#5892,#5892,#5894,.T.);
#5892 = VERTEX_POINT('',#5893);
#5893 = CARTESIAN_POINT('',(-16.100176,11.750813,0.));
#5894 = CIRCLE('',#5895,1.);
#5895 = AXIS2_PLACEMENT_3D('',#5896,#5897,#5898);
#5896 = CARTESIAN_POINT('',(-17.100176,11.750813,0.));
#5897 = DIRECTION('',(0.,0.,1.));
#5898 = DIRECTION('',(1.,0.,-0.));
#5899 = FACE_BOUND('',#5900,.F.);
#5900 = EDGE_LOOP('',(#5901));
#5901 = ORIENTED_EDGE('',*,*,#5902,.F.);
#5902 = EDGE_CURVE('',#5903,#5903,#5905,.T.);
#5903 = VERTEX_POINT('',#5904);
#5904 = CARTESIAN_POINT('',(-11.600176,9.750813,0.));
#5905 = CIRCLE('',#5906,1.);
#5906 = AXIS2_PLACEMENT_3D('',#5907,#5908,#5909);
#5907 = CARTESIAN_POINT('',(-12.600176,9.750813,0.));
#5908 = DIRECTION('',(0.,0.,1.));
#5909 = DIRECTION('',(1.,0.,-0.));
#5910 = FACE_BOUND('',#5911,.F.);
#5911 = EDGE_LOOP('',(#5912));
#5912 = ORIENTED_EDGE('',*,*,#5913,.T.);
#5913 = EDGE_CURVE('',#5914,#5914,#5916,.T.);
#5914 = VERTEX_POINT('',#5915);
#5915 = CARTESIAN_POINT('',(-17.755976,15.246813,0.));
#5916 = CIRCLE('',#5917,0.6);
#5917 = AXIS2_PLACEMENT_3D('',#5918,#5919,#5920);
#5918 = CARTESIAN_POINT('',(-17.755976,15.846813,0.));
#5919 = DIRECTION('',(-0.,0.,-1.));
#5920 = DIRECTION('',(-5.921189464668E-15,-1.,0.));
#5921 = FACE_BOUND('',#5922,.F.);
#5922 = EDGE_LOOP('',(#5923));
#5923 = ORIENTED_EDGE('',*,*,#5924,.F.);
#5924 = EDGE_CURVE('',#5925,#5925,#5927,.T.);
#5925 = VERTEX_POINT('',#5926);
#5926 = CARTESIAN_POINT('',(-3.100176,9.750813,0.));
#5927 = CIRCLE('',#5928,1.);
#5928 = AXIS2_PLACEMENT_3D('',#5929,#5930,#5931);
#5929 = CARTESIAN_POINT('',(-4.100176,9.750813,0.));
#5930 = DIRECTION('',(0.,0.,1.));
#5931 = DIRECTION('',(1.,0.,-0.));
#5932 = FACE_BOUND('',#5933,.F.);
#5933 = EDGE_LOOP('',(#5934));
#5934 = ORIENTED_EDGE('',*,*,#5935,.T.);
#5935 = EDGE_CURVE('',#5936,#5936,#5938,.T.);
#5936 = VERTEX_POINT('',#5937);
#5937 = CARTESIAN_POINT('',(11.377824,2.927813,0.));
#5938 = CIRCLE('',#5939,0.6);
#5939 = AXIS2_PLACEMENT_3D('',#5940,#5941,#5942);
#5940 = CARTESIAN_POINT('',(11.377824,3.527813,0.));
#5941 = DIRECTION('',(-0.,0.,-1.));
#5942 = DIRECTION('',(-0.,-1.,0.));
#5943 = FACE_BOUND('',#5944,.F.);
#5944 = EDGE_LOOP('',(#5945));
#5945 = ORIENTED_EDGE('',*,*,#5946,.T.);
#5946 = EDGE_CURVE('',#5947,#5947,#5949,.T.);
#5947 = VERTEX_POINT('',#5948);
#5948 = CARTESIAN_POINT('',(16.139824,6.307813,0.));
#5949 = CIRCLE('',#5950,0.4);
#5950 = AXIS2_PLACEMENT_3D('',#5951,#5952,#5953);
#5951 = CARTESIAN_POINT('',(16.139824,6.707813,0.));
#5952 = DIRECTION('',(-0.,0.,-1.));
#5953 = DIRECTION('',(-0.,-1.,0.));
#5954 = FACE_BOUND('',#5955,.F.);
#5955 = EDGE_LOOP('',(#5956));
#5956 = ORIENTED_EDGE('',*,*,#5957,.F.);
#5957 = EDGE_CURVE('',#5958,#5958,#5960,.T.);
#5958 = VERTEX_POINT('',#5959);
#5959 = CARTESIAN_POINT('',(5.399824,9.750813,0.));
#5960 = CIRCLE('',#5961,1.);
#5961 = AXIS2_PLACEMENT_3D('',#5962,#5963,#5964);
#5962 = CARTESIAN_POINT('',(4.399824,9.750813,0.));
#5963 = DIRECTION('',(0.,0.,1.));
#5964 = DIRECTION('',(1.,0.,-0.));
#5965 = FACE_BOUND('',#5966,.F.);
#5966 = EDGE_LOOP('',(#5967));
#5967 = ORIENTED_EDGE('',*,*,#5968,.F.);
#5968 = EDGE_CURVE('',#5969,#5969,#5971,.T.);
#5969 = VERTEX_POINT('',#5970);
#5970 = CARTESIAN_POINT('',(11.399824,11.750813,0.));
#5971 = CIRCLE('',#5972,1.);
#5972 = AXIS2_PLACEMENT_3D('',#5973,#5974,#5975);
#5973 = CARTESIAN_POINT('',(10.399824,11.750813,0.));
#5974 = DIRECTION('',(0.,0.,1.));
#5975 = DIRECTION('',(1.,0.,-0.));
#5976 = FACE_BOUND('',#5977,.F.);
#5977 = EDGE_LOOP('',(#5978));
#5978 = ORIENTED_EDGE('',*,*,#5979,.T.);
#5979 = EDGE_CURVE('',#5980,#5980,#5982,.T.);
#5980 = VERTEX_POINT('',#5981);
#5981 = CARTESIAN_POINT('',(16.139824,8.593813,0.));
#5982 = CIRCLE('',#5983,0.4);
#5983 = AXIS2_PLACEMENT_3D('',#5984,#5985,#5986);
#5984 = CARTESIAN_POINT('',(16.139824,8.993813,0.));
#5985 = DIRECTION('',(-0.,0.,-1.));
#5986 = DIRECTION('',(-0.,-1.,0.));
#5987 = FACE_BOUND('',#5988,.F.);
#5988 = EDGE_LOOP('',(#5989));
#5989 = ORIENTED_EDGE('',*,*,#5990,.T.);
#5990 = EDGE_CURVE('',#5991,#5991,#5993,.T.);
#5991 = VERTEX_POINT('',#5992);
#5992 = CARTESIAN_POINT('',(11.377824,15.246813,0.));
#5993 = CIRCLE('',#5994,0.6);
#5994 = AXIS2_PLACEMENT_3D('',#5995,#5996,#5997);
#5995 = CARTESIAN_POINT('',(11.377824,15.846813,0.));
#5996 = DIRECTION('',(-0.,0.,-1.));
#5997 = DIRECTION('',(-0.,-1.,0.));
#5998 = FACE_BOUND('',#5999,.F.);
#5999 = EDGE_LOOP('',(#6000));
#6000 = ORIENTED_EDGE('',*,*,#6001,.T.);
#6001 = EDGE_CURVE('',#6002,#6002,#6004,.T.);
#6002 = VERTEX_POINT('',#6003);
#6003 = CARTESIAN_POINT('',(15.474824,15.068313,0.));
#6004 = CIRCLE('',#6005,0.4);
#6005 = AXIS2_PLACEMENT_3D('',#6006,#6007,#6008);
#6006 = CARTESIAN_POINT('',(15.474824,15.468313,0.));
#6007 = DIRECTION('',(-0.,0.,-1.));
#6008 = DIRECTION('',(-0.,-1.,0.));
#6009 = FACE_BOUND('',#6010,.F.);
#6010 = EDGE_LOOP('',(#6011));
#6011 = ORIENTED_EDGE('',*,*,#6012,.T.);
#6012 = EDGE_CURVE('',#6013,#6013,#6015,.T.);
#6013 = VERTEX_POINT('',#6014);
#6014 = CARTESIAN_POINT('',(17.324824,15.068313,0.));
#6015 = CIRCLE('',#6016,0.4);
#6016 = AXIS2_PLACEMENT_3D('',#6017,#6018,#6019);
#6017 = CARTESIAN_POINT('',(17.324824,15.468313,0.));
#6018 = DIRECTION('',(-0.,0.,-1.));
#6019 = DIRECTION('',(-0.,-1.,0.));
#6020 = PLANE('',#6021);
#6021 = AXIS2_PLACEMENT_3D('',#6022,#6023,#6024);
#6022 = CARTESIAN_POINT('',(0.,0.,0.));
#6023 = DIRECTION('',(0.,0.,1.));
#6024 = DIRECTION('',(1.,0.,-0.));
#6025 = ADVANCED_FACE('',(#6026,#6069,#6080,#6091,#6102,#6113,#6124,
    #6135,#6146,#6157,#6168,#6179,#6190,#6201,#6212,#6223,#6234,#6245,
    #6256,#6267,#6278,#6289,#6300,#6311,#6322,#6333,#6344,#6355,#6366,
    #6377,#6388),#6399,.T.);
#6026 = FACE_BOUND('',#6027,.T.);
#6027 = EDGE_LOOP('',(#6028,#6029,#6030,#6038,#6046,#6054,#6062,#6068));
#6028 = ORIENTED_EDGE('',*,*,#5558,.F.);
#6029 = ORIENTED_EDGE('',*,*,#5598,.F.);
#6030 = ORIENTED_EDGE('',*,*,#6031,.F.);
#6031 = EDGE_CURVE('',#6032,#5591,#6034,.T.);
#6032 = VERTEX_POINT('',#6033);
#6033 = CARTESIAN_POINT('',(13.799824,18.150813,1.510198));
#6034 = LINE('',#6035,#6036);
#6035 = CARTESIAN_POINT('',(13.799824,18.150813,1.510198));
#6036 = VECTOR('',#6037,1.);
#6037 = DIRECTION('',(1.,0.,0.));
#6038 = ORIENTED_EDGE('',*,*,#6039,.F.);
#6039 = EDGE_CURVE('',#6040,#6032,#6042,.T.);
#6040 = VERTEX_POINT('',#6041);
#6041 = CARTESIAN_POINT('',(-13.900176,18.150813,1.510198));
#6042 = LINE('',#6043,#6044);
#6043 = CARTESIAN_POINT('',(-13.900176,18.150813,1.510198));
#6044 = VECTOR('',#6045,1.);
#6045 = DIRECTION('',(1.,0.,0.));
#6046 = ORIENTED_EDGE('',*,*,#6047,.F.);
#6047 = EDGE_CURVE('',#6048,#6040,#6050,.T.);
#6048 = VERTEX_POINT('',#6049);
#6049 = CARTESIAN_POINT('',(-20.000176,18.150813,1.510198));
#6050 = LINE('',#6051,#6052);
#6051 = CARTESIAN_POINT('',(-20.000176,18.150813,1.510198));
#6052 = VECTOR('',#6053,1.);
#6053 = DIRECTION('',(1.,0.,0.));
#6054 = ORIENTED_EDGE('',*,*,#6055,.F.);
#6055 = EDGE_CURVE('',#6056,#6048,#6058,.T.);
#6056 = VERTEX_POINT('',#6057);
#6057 = CARTESIAN_POINT('',(-20.000176,10.909057,1.510198));
#6058 = LINE('',#6059,#6060);
#6059 = CARTESIAN_POINT('',(-20.000176,10.909057,1.510198));
#6060 = VECTOR('',#6061,1.);
#6061 = DIRECTION('',(0.,1.,0.));
#6062 = ORIENTED_EDGE('',*,*,#6063,.F.);
#6063 = EDGE_CURVE('',#5621,#6056,#6064,.T.);
#6064 = LINE('',#6065,#6066);
#6065 = CARTESIAN_POINT('',(-20.000176,-22.107187,1.510198));
#6066 = VECTOR('',#6067,1.);
#6067 = DIRECTION('',(0.,1.,0.));
#6068 = ORIENTED_EDGE('',*,*,#5620,.F.);
#6069 = FACE_BOUND('',#6070,.T.);
#6070 = EDGE_LOOP('',(#6071));
#6071 = ORIENTED_EDGE('',*,*,#6072,.F.);
#6072 = EDGE_CURVE('',#6073,#6073,#6075,.T.);
#6073 = VERTEX_POINT('',#6074);
#6074 = CARTESIAN_POINT('',(-16.100176,-17.649187,1.510198));
#6075 = CIRCLE('',#6076,1.);
#6076 = AXIS2_PLACEMENT_3D('',#6077,#6078,#6079);
#6077 = CARTESIAN_POINT('',(-17.100176,-17.649187,1.510198));
#6078 = DIRECTION('',(0.,0.,1.));
#6079 = DIRECTION('',(1.,0.,-0.));
#6080 = FACE_BOUND('',#6081,.T.);
#6081 = EDGE_LOOP('',(#6082));
#6082 = ORIENTED_EDGE('',*,*,#6083,.F.);
#6083 = EDGE_CURVE('',#6084,#6084,#6086,.T.);
#6084 = VERTEX_POINT('',#6085);
#6085 = CARTESIAN_POINT('',(-9.100176,-12.749187,1.510198));
#6086 = CIRCLE('',#6087,1.);
#6087 = AXIS2_PLACEMENT_3D('',#6088,#6089,#6090);
#6088 = CARTESIAN_POINT('',(-10.100176,-12.749187,1.510198));
#6089 = DIRECTION('',(0.,0.,1.));
#6090 = DIRECTION('',(1.,0.,-0.));
#6091 = FACE_BOUND('',#6092,.T.);
#6092 = EDGE_LOOP('',(#6093));
#6093 = ORIENTED_EDGE('',*,*,#6094,.T.);
#6094 = EDGE_CURVE('',#6095,#6095,#6097,.T.);
#6095 = VERTEX_POINT('',#6096);
#6096 = CARTESIAN_POINT('',(-1.720176,-18.594187,1.510198));
#6097 = CIRCLE('',#6098,0.425);
#6098 = AXIS2_PLACEMENT_3D('',#6099,#6100,#6101);
#6099 = CARTESIAN_POINT('',(-1.720176,-18.169187,1.510198));
#6100 = DIRECTION('',(-0.,0.,-1.));
#6101 = DIRECTION('',(5.224578939412E-16,-1.,-0.));
#6102 = FACE_BOUND('',#6103,.T.);
#6103 = EDGE_LOOP('',(#6104));
#6104 = ORIENTED_EDGE('',*,*,#6105,.F.);
#6105 = EDGE_CURVE('',#6106,#6106,#6108,.T.);
#6106 = VERTEX_POINT('',#6107);
#6107 = CARTESIAN_POINT('',(0.399824,-12.749187,1.510198));
#6108 = CIRCLE('',#6109,1.);
#6109 = AXIS2_PLACEMENT_3D('',#6110,#6111,#6112);
#6110 = CARTESIAN_POINT('',(-0.600176,-12.749187,1.510198));
#6111 = DIRECTION('',(0.,0.,1.));
#6112 = DIRECTION('',(1.,0.,-0.));
#6113 = FACE_BOUND('',#6114,.T.);
#6114 = EDGE_LOOP('',(#6115));
#6115 = ORIENTED_EDGE('',*,*,#6116,.T.);
#6116 = EDGE_CURVE('',#6117,#6117,#6119,.T.);
#6117 = VERTEX_POINT('',#6118);
#6118 = CARTESIAN_POINT('',(-17.800176,-6.599187,1.510198));
#6119 = CIRCLE('',#6120,0.55);
#6120 = AXIS2_PLACEMENT_3D('',#6121,#6122,#6123);
#6121 = CARTESIAN_POINT('',(-17.800176,-6.049187,1.510198));
#6122 = DIRECTION('',(-0.,0.,-1.));
#6123 = DIRECTION('',(-0.,-1.,0.));
#6124 = FACE_BOUND('',#6125,.T.);
#6125 = EDGE_LOOP('',(#6126));
#6126 = ORIENTED_EDGE('',*,*,#6127,.T.);
#6127 = EDGE_CURVE('',#6128,#6128,#6130,.T.);
#6128 = VERTEX_POINT('',#6129);
#6129 = CARTESIAN_POINT('',(-8.656176,-6.599187,1.510198));
#6130 = CIRCLE('',#6131,0.55);
#6131 = AXIS2_PLACEMENT_3D('',#6132,#6133,#6134);
#6132 = CARTESIAN_POINT('',(-8.656176,-6.049187,1.510198));
#6133 = DIRECTION('',(-0.,0.,-1.));
#6134 = DIRECTION('',(-3.229739708E-15,-1.,0.));
#6135 = FACE_BOUND('',#6136,.T.);
#6136 = EDGE_LOOP('',(#6137));
#6137 = ORIENTED_EDGE('',*,*,#6138,.T.);
#6138 = EDGE_CURVE('',#6139,#6139,#6141,.T.);
#6139 = VERTEX_POINT('',#6140);
#6140 = CARTESIAN_POINT('',(0.819824,-18.594187,1.510198));
#6141 = CIRCLE('',#6142,0.425);
#6142 = AXIS2_PLACEMENT_3D('',#6143,#6144,#6145);
#6143 = CARTESIAN_POINT('',(0.819824,-18.169187,1.510198));
#6144 = DIRECTION('',(-0.,0.,-1.));
#6145 = DIRECTION('',(2.612289469706E-16,-1.,-0.));
#6146 = FACE_BOUND('',#6147,.T.);
#6147 = EDGE_LOOP('',(#6148));
#6148 = ORIENTED_EDGE('',*,*,#6149,.T.);
#6149 = EDGE_CURVE('',#6150,#6150,#6152,.T.);
#6150 = VERTEX_POINT('',#6151);
#6151 = CARTESIAN_POINT('',(5.899824,-16.054187,1.510198));
#6152 = CIRCLE('',#6153,0.425);
#6153 = AXIS2_PLACEMENT_3D('',#6154,#6155,#6156);
#6154 = CARTESIAN_POINT('',(5.899824,-15.629187,1.510198));
#6155 = DIRECTION('',(-0.,0.,-1.));
#6156 = DIRECTION('',(-0.,-1.,0.));
#6157 = FACE_BOUND('',#6158,.T.);
#6158 = EDGE_LOOP('',(#6159));
#6159 = ORIENTED_EDGE('',*,*,#6160,.T.);
#6160 = EDGE_CURVE('',#6161,#6161,#6163,.T.);
#6161 = VERTEX_POINT('',#6162);
#6162 = CARTESIAN_POINT('',(8.439824,-16.054187,1.510198));
#6163 = CIRCLE('',#6164,0.425);
#6164 = AXIS2_PLACEMENT_3D('',#6165,#6166,#6167);
#6165 = CARTESIAN_POINT('',(8.439824,-15.629187,1.510198));
#6166 = DIRECTION('',(-0.,0.,-1.));
#6167 = DIRECTION('',(-4.17966315153E-15,-1.,0.));
#6168 = FACE_BOUND('',#6169,.T.);
#6169 = EDGE_LOOP('',(#6170));
#6170 = ORIENTED_EDGE('',*,*,#6171,.T.);
#6171 = EDGE_CURVE('',#6172,#6172,#6174,.T.);
#6172 = VERTEX_POINT('',#6173);
#6173 = CARTESIAN_POINT('',(13.519824,-18.594187,1.510198));
#6174 = CIRCLE('',#6175,0.425);
#6175 = AXIS2_PLACEMENT_3D('',#6176,#6177,#6178);
#6176 = CARTESIAN_POINT('',(13.519824,-18.169187,1.510198));
#6177 = DIRECTION('',(-0.,0.,-1.));
#6178 = DIRECTION('',(-0.,-1.,0.));
#6179 = FACE_BOUND('',#6180,.T.);
#6180 = EDGE_LOOP('',(#6181));
#6181 = ORIENTED_EDGE('',*,*,#6182,.F.);
#6182 = EDGE_CURVE('',#6183,#6183,#6185,.T.);
#6183 = VERTEX_POINT('',#6184);
#6184 = CARTESIAN_POINT('',(18.299824,-17.649187,1.510198));
#6185 = CIRCLE('',#6186,1.);
#6186 = AXIS2_PLACEMENT_3D('',#6187,#6188,#6189);
#6187 = CARTESIAN_POINT('',(17.299824,-17.649187,1.510198));
#6188 = DIRECTION('',(0.,0.,1.));
#6189 = DIRECTION('',(1.,0.,-0.));
#6190 = FACE_BOUND('',#6191,.T.);
#6191 = EDGE_LOOP('',(#6192));
#6192 = ORIENTED_EDGE('',*,*,#6193,.T.);
#6193 = EDGE_CURVE('',#6194,#6194,#6196,.T.);
#6194 = VERTEX_POINT('',#6195);
#6195 = CARTESIAN_POINT('',(0.819824,-3.354187,1.510198));
#6196 = CIRCLE('',#6197,0.425);
#6197 = AXIS2_PLACEMENT_3D('',#6198,#6199,#6200);
#6198 = CARTESIAN_POINT('',(0.819824,-2.929187,1.510198));
#6199 = DIRECTION('',(-0.,0.,-1.));
#6200 = DIRECTION('',(-0.,-1.,0.));
#6201 = FACE_BOUND('',#6202,.T.);
#6202 = EDGE_LOOP('',(#6203));
#6203 = ORIENTED_EDGE('',*,*,#6204,.T.);
#6204 = EDGE_CURVE('',#6205,#6205,#6207,.T.);
#6205 = VERTEX_POINT('',#6206);
#6206 = CARTESIAN_POINT('',(3.359824,-3.354187,1.510198));
#6207 = CIRCLE('',#6208,0.425);
#6208 = AXIS2_PLACEMENT_3D('',#6209,#6210,#6211);
#6209 = CARTESIAN_POINT('',(3.359824,-2.929187,1.510198));
#6210 = DIRECTION('',(-0.,0.,-1.));
#6211 = DIRECTION('',(1.044915787882E-15,-1.,-0.));
#6212 = FACE_BOUND('',#6213,.T.);
#6213 = EDGE_LOOP('',(#6214));
#6214 = ORIENTED_EDGE('',*,*,#6215,.T.);
#6215 = EDGE_CURVE('',#6216,#6216,#6218,.T.);
#6216 = VERTEX_POINT('',#6217);
#6217 = CARTESIAN_POINT('',(5.899824,-3.354187,1.510198));
#6218 = CIRCLE('',#6219,0.425);
#6219 = AXIS2_PLACEMENT_3D('',#6220,#6221,#6222);
#6220 = CARTESIAN_POINT('',(5.899824,-2.929187,1.510198));
#6221 = DIRECTION('',(-0.,0.,-1.));
#6222 = DIRECTION('',(-0.,-1.,0.));
#6223 = FACE_BOUND('',#6224,.T.);
#6224 = EDGE_LOOP('',(#6225));
#6225 = ORIENTED_EDGE('',*,*,#6226,.T.);
#6226 = EDGE_CURVE('',#6227,#6227,#6229,.T.);
#6227 = VERTEX_POINT('',#6228);
#6228 = CARTESIAN_POINT('',(8.439824,-3.354187,1.510198));
#6229 = CIRCLE('',#6230,0.425);
#6230 = AXIS2_PLACEMENT_3D('',#6231,#6232,#6233);
#6231 = CARTESIAN_POINT('',(8.439824,-2.929187,1.510198));
#6232 = DIRECTION('',(-0.,0.,-1.));
#6233 = DIRECTION('',(-4.17966315153E-15,-1.,0.));
#6234 = FACE_BOUND('',#6235,.T.);
#6235 = EDGE_LOOP('',(#6236));
#6236 = ORIENTED_EDGE('',*,*,#6237,.T.);
#6237 = EDGE_CURVE('',#6238,#6238,#6240,.T.);
#6238 = VERTEX_POINT('',#6239);
#6239 = CARTESIAN_POINT('',(10.979824,-3.354187,1.510198));
#6240 = CIRCLE('',#6241,0.425);
#6241 = AXIS2_PLACEMENT_3D('',#6242,#6243,#6244);
#6242 = CARTESIAN_POINT('',(10.979824,-2.929187,1.510198));
#6243 = DIRECTION('',(-0.,0.,-1.));
#6244 = DIRECTION('',(-0.,-1.,0.));
#6245 = FACE_BOUND('',#6246,.T.);
#6246 = EDGE_LOOP('',(#6247));
#6247 = ORIENTED_EDGE('',*,*,#6248,.T.);
#6248 = EDGE_CURVE('',#6249,#6249,#6251,.T.);
#6249 = VERTEX_POINT('',#6250);
#6250 = CARTESIAN_POINT('',(13.519824,-3.354187,1.510198));
#6251 = CIRCLE('',#6252,0.425);
#6252 = AXIS2_PLACEMENT_3D('',#6253,#6254,#6255);
#6253 = CARTESIAN_POINT('',(13.519824,-2.929187,1.510198));
#6254 = DIRECTION('',(-0.,0.,-1.));
#6255 = DIRECTION('',(-0.,-1.,0.));
#6256 = FACE_BOUND('',#6257,.T.);
#6257 = EDGE_LOOP('',(#6258));
#6258 = ORIENTED_EDGE('',*,*,#6259,.T.);
#6259 = EDGE_CURVE('',#6260,#6260,#6262,.T.);
#6260 = VERTEX_POINT('',#6261);
#6261 = CARTESIAN_POINT('',(-17.755976,2.927813,1.510198));
#6262 = CIRCLE('',#6263,0.6);
#6263 = AXIS2_PLACEMENT_3D('',#6264,#6265,#6266);
#6264 = CARTESIAN_POINT('',(-17.755976,3.527813,1.510198));
#6265 = DIRECTION('',(-0.,0.,-1.));
#6266 = DIRECTION('',(-5.921189464668E-15,-1.,0.));
#6267 = FACE_BOUND('',#6268,.T.);
#6268 = EDGE_LOOP('',(#6269));
#6269 = ORIENTED_EDGE('',*,*,#6270,.F.);
#6270 = EDGE_CURVE('',#6271,#6271,#6273,.T.);
#6271 = VERTEX_POINT('',#6272);
#6272 = CARTESIAN_POINT('',(-16.100176,11.750813,1.510198));
#6273 = CIRCLE('',#6274,1.);
#6274 = AXIS2_PLACEMENT_3D('',#6275,#6276,#6277);
#6275 = CARTESIAN_POINT('',(-17.100176,11.750813,1.510198));
#6276 = DIRECTION('',(0.,0.,1.));
#6277 = DIRECTION('',(1.,0.,-0.));
#6278 = FACE_BOUND('',#6279,.T.);
#6279 = EDGE_LOOP('',(#6280));
#6280 = ORIENTED_EDGE('',*,*,#6281,.F.);
#6281 = EDGE_CURVE('',#6282,#6282,#6284,.T.);
#6282 = VERTEX_POINT('',#6283);
#6283 = CARTESIAN_POINT('',(-11.600176,9.750813,1.510198));
#6284 = CIRCLE('',#6285,1.);
#6285 = AXIS2_PLACEMENT_3D('',#6286,#6287,#6288);
#6286 = CARTESIAN_POINT('',(-12.600176,9.750813,1.510198));
#6287 = DIRECTION('',(0.,0.,1.));
#6288 = DIRECTION('',(1.,0.,-0.));
#6289 = FACE_BOUND('',#6290,.T.);
#6290 = EDGE_LOOP('',(#6291));
#6291 = ORIENTED_EDGE('',*,*,#6292,.T.);
#6292 = EDGE_CURVE('',#6293,#6293,#6295,.T.);
#6293 = VERTEX_POINT('',#6294);
#6294 = CARTESIAN_POINT('',(-17.755976,15.246813,1.510198));
#6295 = CIRCLE('',#6296,0.6);
#6296 = AXIS2_PLACEMENT_3D('',#6297,#6298,#6299);
#6297 = CARTESIAN_POINT('',(-17.755976,15.846813,1.510198));
#6298 = DIRECTION('',(-0.,0.,-1.));
#6299 = DIRECTION('',(-5.921189464668E-15,-1.,0.));
#6300 = FACE_BOUND('',#6301,.T.);
#6301 = EDGE_LOOP('',(#6302));
#6302 = ORIENTED_EDGE('',*,*,#6303,.F.);
#6303 = EDGE_CURVE('',#6304,#6304,#6306,.T.);
#6304 = VERTEX_POINT('',#6305);
#6305 = CARTESIAN_POINT('',(-3.100176,9.750813,1.510198));
#6306 = CIRCLE('',#6307,1.);
#6307 = AXIS2_PLACEMENT_3D('',#6308,#6309,#6310);
#6308 = CARTESIAN_POINT('',(-4.100176,9.750813,1.510198));
#6309 = DIRECTION('',(0.,0.,1.));
#6310 = DIRECTION('',(1.,0.,-0.));
#6311 = FACE_BOUND('',#6312,.T.);
#6312 = EDGE_LOOP('',(#6313));
#6313 = ORIENTED_EDGE('',*,*,#6314,.T.);
#6314 = EDGE_CURVE('',#6315,#6315,#6317,.T.);
#6315 = VERTEX_POINT('',#6316);
#6316 = CARTESIAN_POINT('',(11.377824,2.927813,1.510198));
#6317 = CIRCLE('',#6318,0.6);
#6318 = AXIS2_PLACEMENT_3D('',#6319,#6320,#6321);
#6319 = CARTESIAN_POINT('',(11.377824,3.527813,1.510198));
#6320 = DIRECTION('',(-0.,0.,-1.));
#6321 = DIRECTION('',(-0.,-1.,0.));
#6322 = FACE_BOUND('',#6323,.T.);
#6323 = EDGE_LOOP('',(#6324));
#6324 = ORIENTED_EDGE('',*,*,#6325,.T.);
#6325 = EDGE_CURVE('',#6326,#6326,#6328,.T.);
#6326 = VERTEX_POINT('',#6327);
#6327 = CARTESIAN_POINT('',(16.139824,6.307813,1.510198));
#6328 = CIRCLE('',#6329,0.4);
#6329 = AXIS2_PLACEMENT_3D('',#6330,#6331,#6332);
#6330 = CARTESIAN_POINT('',(16.139824,6.707813,1.510198));
#6331 = DIRECTION('',(-0.,0.,-1.));
#6332 = DIRECTION('',(-0.,-1.,0.));
#6333 = FACE_BOUND('',#6334,.T.);
#6334 = EDGE_LOOP('',(#6335));
#6335 = ORIENTED_EDGE('',*,*,#6336,.F.);
#6336 = EDGE_CURVE('',#6337,#6337,#6339,.T.);
#6337 = VERTEX_POINT('',#6338);
#6338 = CARTESIAN_POINT('',(5.399824,9.750813,1.510198));
#6339 = CIRCLE('',#6340,1.);
#6340 = AXIS2_PLACEMENT_3D('',#6341,#6342,#6343);
#6341 = CARTESIAN_POINT('',(4.399824,9.750813,1.510198));
#6342 = DIRECTION('',(0.,0.,1.));
#6343 = DIRECTION('',(1.,0.,-0.));
#6344 = FACE_BOUND('',#6345,.T.);
#6345 = EDGE_LOOP('',(#6346));
#6346 = ORIENTED_EDGE('',*,*,#6347,.F.);
#6347 = EDGE_CURVE('',#6348,#6348,#6350,.T.);
#6348 = VERTEX_POINT('',#6349);
#6349 = CARTESIAN_POINT('',(11.399824,11.750813,1.510198));
#6350 = CIRCLE('',#6351,1.);
#6351 = AXIS2_PLACEMENT_3D('',#6352,#6353,#6354);
#6352 = CARTESIAN_POINT('',(10.399824,11.750813,1.510198));
#6353 = DIRECTION('',(0.,0.,1.));
#6354 = DIRECTION('',(1.,0.,-0.));
#6355 = FACE_BOUND('',#6356,.T.);
#6356 = EDGE_LOOP('',(#6357));
#6357 = ORIENTED_EDGE('',*,*,#6358,.T.);
#6358 = EDGE_CURVE('',#6359,#6359,#6361,.T.);
#6359 = VERTEX_POINT('',#6360);
#6360 = CARTESIAN_POINT('',(16.139824,8.593813,1.510198));
#6361 = CIRCLE('',#6362,0.4);
#6362 = AXIS2_PLACEMENT_3D('',#6363,#6364,#6365);
#6363 = CARTESIAN_POINT('',(16.139824,8.993813,1.510198));
#6364 = DIRECTION('',(-0.,0.,-1.));
#6365 = DIRECTION('',(-0.,-1.,0.));
#6366 = FACE_BOUND('',#6367,.T.);
#6367 = EDGE_LOOP('',(#6368));
#6368 = ORIENTED_EDGE('',*,*,#6369,.T.);
#6369 = EDGE_CURVE('',#6370,#6370,#6372,.T.);
#6370 = VERTEX_POINT('',#6371);
#6371 = CARTESIAN_POINT('',(11.377824,15.246813,1.510198));
#6372 = CIRCLE('',#6373,0.6);
#6373 = AXIS2_PLACEMENT_3D('',#6374,#6375,#6376);
#6374 = CARTESIAN_POINT('',(11.377824,15.846813,1.510198));
#6375 = DIRECTION('',(-0.,0.,-1.));
#6376 = DIRECTION('',(-0.,-1.,0.));
#6377 = FACE_BOUND('',#6378,.T.);
#6378 = EDGE_LOOP('',(#6379));
#6379 = ORIENTED_EDGE('',*,*,#6380,.T.);
#6380 = EDGE_CURVE('',#6381,#6381,#6383,.T.);
#6381 = VERTEX_POINT('',#6382);
#6382 = CARTESIAN_POINT('',(15.474824,15.068313,1.510198));
#6383 = CIRCLE('',#6384,0.4);
#6384 = AXIS2_PLACEMENT_3D('',#6385,#6386,#6387);
#6385 = CARTESIAN_POINT('',(15.474824,15.468313,1.510198));
#6386 = DIRECTION('',(-0.,0.,-1.));
#6387 = DIRECTION('',(-0.,-1.,0.));
#6388 = FACE_BOUND('',#6389,.T.);
#6389 = EDGE_LOOP('',(#6390));
#6390 = ORIENTED_EDGE('',*,*,#6391,.T.);
#6391 = EDGE_CURVE('',#6392,#6392,#6394,.T.);
#6392 = VERTEX_POINT('',#6393);
#6393 = CARTESIAN_POINT('',(17.324824,15.068313,1.510198));
#6394 = CIRCLE('',#6395,0.4);
#6395 = AXIS2_PLACEMENT_3D('',#6396,#6397,#6398);
#6396 = CARTESIAN_POINT('',(17.324824,15.468313,1.510198));
#6397 = DIRECTION('',(-0.,0.,-1.));
#6398 = DIRECTION('',(-0.,-1.,0.));
#6399 = PLANE('',#6400);
#6400 = AXIS2_PLACEMENT_3D('',#6401,#6402,#6403);
#6401 = CARTESIAN_POINT('',(0.,0.,1.510198));
#6402 = DIRECTION('',(0.,0.,1.));
#6403 = DIRECTION('',(1.,0.,-0.));
#6404 = ADVANCED_FACE('',(#6405),#6416,.T.);
#6405 = FACE_BOUND('',#6406,.T.);
#6406 = EDGE_LOOP('',(#6407,#6413,#6414,#6415));
#6407 = ORIENTED_EDGE('',*,*,#6408,.T.);
#6408 = EDGE_CURVE('',#5653,#6032,#6409,.T.);
#6409 = LINE('',#6410,#6411);
#6410 = CARTESIAN_POINT('',(13.799824,18.150813,0.));
#6411 = VECTOR('',#6412,1.);
#6412 = DIRECTION('',(0.,0.,1.));
#6413 = ORIENTED_EDGE('',*,*,#6031,.T.);
#6414 = ORIENTED_EDGE('',*,*,#5588,.F.);
#6415 = ORIENTED_EDGE('',*,*,#5652,.F.);
#6416 = PLANE('',#6417);
#6417 = AXIS2_PLACEMENT_3D('',#6418,#6419,#6420);
#6418 = CARTESIAN_POINT('',(13.799824,18.150813,0.));
#6419 = DIRECTION('',(0.,1.,0.));
#6420 = DIRECTION('',(1.,0.,0.));
#6421 = ADVANCED_FACE('',(#6422),#6433,.T.);
#6422 = FACE_BOUND('',#6423,.T.);
#6423 = EDGE_LOOP('',(#6424,#6425,#6426,#6432));
#6424 = ORIENTED_EDGE('',*,*,#5628,.T.);
#6425 = ORIENTED_EDGE('',*,*,#6063,.T.);
#6426 = ORIENTED_EDGE('',*,*,#6427,.F.);
#6427 = EDGE_CURVE('',#5677,#6056,#6428,.T.);
#6428 = LINE('',#6429,#6430);
#6429 = CARTESIAN_POINT('',(-20.000176,10.909057,0.));
#6430 = VECTOR('',#6431,1.);
#6431 = DIRECTION('',(0.,0.,1.));
#6432 = ORIENTED_EDGE('',*,*,#5684,.F.);
#6433 = PLANE('',#6434);
#6434 = AXIS2_PLACEMENT_3D('',#6435,#6436,#6437);
#6435 = CARTESIAN_POINT('',(-20.000176,-22.107187,0.));
#6436 = DIRECTION('',(-1.,0.,0.));
#6437 = DIRECTION('',(0.,1.,0.));
#6438 = ADVANCED_FACE('',(#6439),#6450,.T.);
#6439 = FACE_BOUND('',#6440,.T.);
#6440 = EDGE_LOOP('',(#6441,#6447,#6448,#6449));
#6441 = ORIENTED_EDGE('',*,*,#6442,.T.);
#6442 = EDGE_CURVE('',#5661,#6040,#6443,.T.);
#6443 = LINE('',#6444,#6445);
#6444 = CARTESIAN_POINT('',(-13.900176,18.150813,0.));
#6445 = VECTOR('',#6446,1.);
#6446 = DIRECTION('',(0.,0.,1.));
#6447 = ORIENTED_EDGE('',*,*,#6039,.T.);
#6448 = ORIENTED_EDGE('',*,*,#6408,.F.);
#6449 = ORIENTED_EDGE('',*,*,#5660,.F.);
#6450 = PLANE('',#6451);
#6451 = AXIS2_PLACEMENT_3D('',#6452,#6453,#6454);
#6452 = CARTESIAN_POINT('',(-13.900176,18.150813,0.));
#6453 = DIRECTION('',(0.,1.,0.));
#6454 = DIRECTION('',(1.,0.,0.));
#6455 = ADVANCED_FACE('',(#6456),#6467,.T.);
#6456 = FACE_BOUND('',#6457,.T.);
#6457 = EDGE_LOOP('',(#6458,#6459,#6460,#6466));
#6458 = ORIENTED_EDGE('',*,*,#6427,.T.);
#6459 = ORIENTED_EDGE('',*,*,#6055,.T.);
#6460 = ORIENTED_EDGE('',*,*,#6461,.F.);
#6461 = EDGE_CURVE('',#5669,#6048,#6462,.T.);
#6462 = LINE('',#6463,#6464);
#6463 = CARTESIAN_POINT('',(-20.000176,18.150813,0.));
#6464 = VECTOR('',#6465,1.);
#6465 = DIRECTION('',(0.,0.,1.));
#6466 = ORIENTED_EDGE('',*,*,#5676,.F.);
#6467 = PLANE('',#6468);
#6468 = AXIS2_PLACEMENT_3D('',#6469,#6470,#6471);
#6469 = CARTESIAN_POINT('',(-20.000176,10.909057,0.));
#6470 = DIRECTION('',(-1.,0.,0.));
#6471 = DIRECTION('',(0.,1.,0.));
#6472 = ADVANCED_FACE('',(#6473),#6479,.T.);
#6473 = FACE_BOUND('',#6474,.T.);
#6474 = EDGE_LOOP('',(#6475,#6476,#6477,#6478));
#6475 = ORIENTED_EDGE('',*,*,#6461,.T.);
#6476 = ORIENTED_EDGE('',*,*,#6047,.T.);
#6477 = ORIENTED_EDGE('',*,*,#6442,.F.);
#6478 = ORIENTED_EDGE('',*,*,#5668,.F.);
#6479 = PLANE('',#6480);
#6480 = AXIS2_PLACEMENT_3D('',#6481,#6482,#6483);
#6481 = CARTESIAN_POINT('',(-20.000176,18.150813,0.));
#6482 = DIRECTION('',(0.,1.,0.));
#6483 = DIRECTION('',(1.,0.,0.));
#6484 = ADVANCED_FACE('',(#6485),#6496,.F.);
#6485 = FACE_BOUND('',#6486,.T.);
#6486 = EDGE_LOOP('',(#6487,#6493,#6494,#6495));
#6487 = ORIENTED_EDGE('',*,*,#6488,.T.);
#6488 = EDGE_CURVE('',#5694,#6073,#6489,.T.);
#6489 = LINE('',#6490,#6491);
#6490 = CARTESIAN_POINT('',(-16.100176,-17.649187,0.));
#6491 = VECTOR('',#6492,1.);
#6492 = DIRECTION('',(0.,0.,1.));
#6493 = ORIENTED_EDGE('',*,*,#6072,.T.);
#6494 = ORIENTED_EDGE('',*,*,#6488,.F.);
#6495 = ORIENTED_EDGE('',*,*,#5693,.F.);
#6496 = CYLINDRICAL_SURFACE('',#6497,1.);
#6497 = AXIS2_PLACEMENT_3D('',#6498,#6499,#6500);
#6498 = CARTESIAN_POINT('',(-17.100176,-17.649187,0.));
#6499 = DIRECTION('',(-0.,-0.,-1.));
#6500 = DIRECTION('',(1.,0.,-0.));
#6501 = ADVANCED_FACE('',(#6502),#6513,.F.);
#6502 = FACE_BOUND('',#6503,.T.);
#6503 = EDGE_LOOP('',(#6504,#6510,#6511,#6512));
#6504 = ORIENTED_EDGE('',*,*,#6505,.T.);
#6505 = EDGE_CURVE('',#5705,#6084,#6506,.T.);
#6506 = LINE('',#6507,#6508);
#6507 = CARTESIAN_POINT('',(-9.100176,-12.749187,0.));
#6508 = VECTOR('',#6509,1.);
#6509 = DIRECTION('',(0.,0.,1.));
#6510 = ORIENTED_EDGE('',*,*,#6083,.T.);
#6511 = ORIENTED_EDGE('',*,*,#6505,.F.);
#6512 = ORIENTED_EDGE('',*,*,#5704,.F.);
#6513 = CYLINDRICAL_SURFACE('',#6514,1.);
#6514 = AXIS2_PLACEMENT_3D('',#6515,#6516,#6517);
#6515 = CARTESIAN_POINT('',(-10.100176,-12.749187,0.));
#6516 = DIRECTION('',(-0.,-0.,-1.));
#6517 = DIRECTION('',(1.,0.,-0.));
#6518 = ADVANCED_FACE('',(#6519),#6530,.F.);
#6519 = FACE_BOUND('',#6520,.T.);
#6520 = EDGE_LOOP('',(#6521,#6522,#6528,#6529));
#6521 = ORIENTED_EDGE('',*,*,#5715,.T.);
#6522 = ORIENTED_EDGE('',*,*,#6523,.T.);
#6523 = EDGE_CURVE('',#5716,#6095,#6524,.T.);
#6524 = LINE('',#6525,#6526);
#6525 = CARTESIAN_POINT('',(-1.720176,-18.594187,-4.6E-02));
#6526 = VECTOR('',#6527,1.);
#6527 = DIRECTION('',(0.,0.,1.));
#6528 = ORIENTED_EDGE('',*,*,#6094,.F.);
#6529 = ORIENTED_EDGE('',*,*,#6523,.F.);
#6530 = CYLINDRICAL_SURFACE('',#6531,0.425);
#6531 = AXIS2_PLACEMENT_3D('',#6532,#6533,#6534);
#6532 = CARTESIAN_POINT('',(-1.720176,-18.169187,-4.6E-02));
#6533 = DIRECTION('',(-0.,0.,-1.));
#6534 = DIRECTION('',(5.224578939412E-16,-1.,-0.));
#6535 = ADVANCED_FACE('',(#6536),#6547,.F.);
#6536 = FACE_BOUND('',#6537,.T.);
#6537 = EDGE_LOOP('',(#6538,#6544,#6545,#6546));
#6538 = ORIENTED_EDGE('',*,*,#6539,.T.);
#6539 = EDGE_CURVE('',#5727,#6106,#6540,.T.);
#6540 = LINE('',#6541,#6542);
#6541 = CARTESIAN_POINT('',(0.399824,-12.749187,0.));
#6542 = VECTOR('',#6543,1.);
#6543 = DIRECTION('',(0.,0.,1.));
#6544 = ORIENTED_EDGE('',*,*,#6105,.T.);
#6545 = ORIENTED_EDGE('',*,*,#6539,.F.);
#6546 = ORIENTED_EDGE('',*,*,#5726,.F.);
#6547 = CYLINDRICAL_SURFACE('',#6548,1.);
#6548 = AXIS2_PLACEMENT_3D('',#6549,#6550,#6551);
#6549 = CARTESIAN_POINT('',(-0.600176,-12.749187,0.));
#6550 = DIRECTION('',(-0.,-0.,-1.));
#6551 = DIRECTION('',(1.,0.,-0.));
#6552 = ADVANCED_FACE('',(#6553),#6564,.F.);
#6553 = FACE_BOUND('',#6554,.T.);
#6554 = EDGE_LOOP('',(#6555,#6556,#6562,#6563));
#6555 = ORIENTED_EDGE('',*,*,#5737,.T.);
#6556 = ORIENTED_EDGE('',*,*,#6557,.T.);
#6557 = EDGE_CURVE('',#5738,#6117,#6558,.T.);
#6558 = LINE('',#6559,#6560);
#6559 = CARTESIAN_POINT('',(-17.800176,-6.599187,-4.6E-02));
#6560 = VECTOR('',#6561,1.);
#6561 = DIRECTION('',(0.,0.,1.));
#6562 = ORIENTED_EDGE('',*,*,#6116,.F.);
#6563 = ORIENTED_EDGE('',*,*,#6557,.F.);
#6564 = CYLINDRICAL_SURFACE('',#6565,0.55);
#6565 = AXIS2_PLACEMENT_3D('',#6566,#6567,#6568);
#6566 = CARTESIAN_POINT('',(-17.800176,-6.049187,-4.6E-02));
#6567 = DIRECTION('',(-0.,-0.,-1.));
#6568 = DIRECTION('',(-0.,-1.,0.));
#6569 = ADVANCED_FACE('',(#6570),#6581,.F.);
#6570 = FACE_BOUND('',#6571,.T.);
#6571 = EDGE_LOOP('',(#6572,#6573,#6579,#6580));
#6572 = ORIENTED_EDGE('',*,*,#5748,.T.);
#6573 = ORIENTED_EDGE('',*,*,#6574,.T.);
#6574 = EDGE_CURVE('',#5749,#6128,#6575,.T.);
#6575 = LINE('',#6576,#6577);
#6576 = CARTESIAN_POINT('',(-8.656176,-6.599187,-4.6E-02));
#6577 = VECTOR('',#6578,1.);
#6578 = DIRECTION('',(0.,0.,1.));
#6579 = ORIENTED_EDGE('',*,*,#6127,.F.);
#6580 = ORIENTED_EDGE('',*,*,#6574,.F.);
#6581 = CYLINDRICAL_SURFACE('',#6582,0.55);
#6582 = AXIS2_PLACEMENT_3D('',#6583,#6584,#6585);
#6583 = CARTESIAN_POINT('',(-8.656176,-6.049187,-4.6E-02));
#6584 = DIRECTION('',(-0.,-0.,-1.));
#6585 = DIRECTION('',(-3.229739708E-15,-1.,0.));
#6586 = ADVANCED_FACE('',(#6587),#6598,.F.);
#6587 = FACE_BOUND('',#6588,.T.);
#6588 = EDGE_LOOP('',(#6589,#6590,#6596,#6597));
#6589 = ORIENTED_EDGE('',*,*,#5759,.T.);
#6590 = ORIENTED_EDGE('',*,*,#6591,.T.);
#6591 = EDGE_CURVE('',#5760,#6139,#6592,.T.);
#6592 = LINE('',#6593,#6594);
#6593 = CARTESIAN_POINT('',(0.819824,-18.594187,-4.6E-02));
#6594 = VECTOR('',#6595,1.);
#6595 = DIRECTION('',(0.,0.,1.));
#6596 = ORIENTED_EDGE('',*,*,#6138,.F.);
#6597 = ORIENTED_EDGE('',*,*,#6591,.F.);
#6598 = CYLINDRICAL_SURFACE('',#6599,0.425);
#6599 = AXIS2_PLACEMENT_3D('',#6600,#6601,#6602);
#6600 = CARTESIAN_POINT('',(0.819824,-18.169187,-4.6E-02));
#6601 = DIRECTION('',(-0.,0.,-1.));
#6602 = DIRECTION('',(2.612289469706E-16,-1.,-0.));
#6603 = ADVANCED_FACE('',(#6604),#6615,.F.);
#6604 = FACE_BOUND('',#6605,.T.);
#6605 = EDGE_LOOP('',(#6606,#6607,#6613,#6614));
#6606 = ORIENTED_EDGE('',*,*,#5770,.T.);
#6607 = ORIENTED_EDGE('',*,*,#6608,.T.);
#6608 = EDGE_CURVE('',#5771,#6150,#6609,.T.);
#6609 = LINE('',#6610,#6611);
#6610 = CARTESIAN_POINT('',(5.899824,-16.054187,-4.6E-02));
#6611 = VECTOR('',#6612,1.);
#6612 = DIRECTION('',(0.,0.,1.));
#6613 = ORIENTED_EDGE('',*,*,#6149,.F.);
#6614 = ORIENTED_EDGE('',*,*,#6608,.F.);
#6615 = CYLINDRICAL_SURFACE('',#6616,0.425);
#6616 = AXIS2_PLACEMENT_3D('',#6617,#6618,#6619);
#6617 = CARTESIAN_POINT('',(5.899824,-15.629187,-4.6E-02));
#6618 = DIRECTION('',(-0.,-0.,-1.));
#6619 = DIRECTION('',(-0.,-1.,0.));
#6620 = ADVANCED_FACE('',(#6621),#6632,.F.);
#6621 = FACE_BOUND('',#6622,.T.);
#6622 = EDGE_LOOP('',(#6623,#6624,#6630,#6631));
#6623 = ORIENTED_EDGE('',*,*,#5781,.T.);
#6624 = ORIENTED_EDGE('',*,*,#6625,.T.);
#6625 = EDGE_CURVE('',#5782,#6161,#6626,.T.);
#6626 = LINE('',#6627,#6628);
#6627 = CARTESIAN_POINT('',(8.439824,-16.054187,-4.6E-02));
#6628 = VECTOR('',#6629,1.);
#6629 = DIRECTION('',(0.,0.,1.));
#6630 = ORIENTED_EDGE('',*,*,#6160,.F.);
#6631 = ORIENTED_EDGE('',*,*,#6625,.F.);
#6632 = CYLINDRICAL_SURFACE('',#6633,0.425);
#6633 = AXIS2_PLACEMENT_3D('',#6634,#6635,#6636);
#6634 = CARTESIAN_POINT('',(8.439824,-15.629187,-4.6E-02));
#6635 = DIRECTION('',(-0.,-0.,-1.));
#6636 = DIRECTION('',(-4.17966315153E-15,-1.,0.));
#6637 = ADVANCED_FACE('',(#6638),#6649,.F.);
#6638 = FACE_BOUND('',#6639,.T.);
#6639 = EDGE_LOOP('',(#6640,#6641,#6647,#6648));
#6640 = ORIENTED_EDGE('',*,*,#5792,.T.);
#6641 = ORIENTED_EDGE('',*,*,#6642,.T.);
#6642 = EDGE_CURVE('',#5793,#6172,#6643,.T.);
#6643 = LINE('',#6644,#6645);
#6644 = CARTESIAN_POINT('',(13.519824,-18.594187,-4.6E-02));
#6645 = VECTOR('',#6646,1.);
#6646 = DIRECTION('',(0.,0.,1.));
#6647 = ORIENTED_EDGE('',*,*,#6171,.F.);
#6648 = ORIENTED_EDGE('',*,*,#6642,.F.);
#6649 = CYLINDRICAL_SURFACE('',#6650,0.425);
#6650 = AXIS2_PLACEMENT_3D('',#6651,#6652,#6653);
#6651 = CARTESIAN_POINT('',(13.519824,-18.169187,-4.6E-02));
#6652 = DIRECTION('',(-0.,-0.,-1.));
#6653 = DIRECTION('',(-0.,-1.,0.));
#6654 = ADVANCED_FACE('',(#6655),#6666,.F.);
#6655 = FACE_BOUND('',#6656,.T.);
#6656 = EDGE_LOOP('',(#6657,#6663,#6664,#6665));
#6657 = ORIENTED_EDGE('',*,*,#6658,.T.);
#6658 = EDGE_CURVE('',#5804,#6183,#6659,.T.);
#6659 = LINE('',#6660,#6661);
#6660 = CARTESIAN_POINT('',(18.299824,-17.649187,0.));
#6661 = VECTOR('',#6662,1.);
#6662 = DIRECTION('',(0.,0.,1.));
#6663 = ORIENTED_EDGE('',*,*,#6182,.T.);
#6664 = ORIENTED_EDGE('',*,*,#6658,.F.);
#6665 = ORIENTED_EDGE('',*,*,#5803,.F.);
#6666 = CYLINDRICAL_SURFACE('',#6667,1.);
#6667 = AXIS2_PLACEMENT_3D('',#6668,#6669,#6670);
#6668 = CARTESIAN_POINT('',(17.299824,-17.649187,0.));
#6669 = DIRECTION('',(-0.,-0.,-1.));
#6670 = DIRECTION('',(1.,0.,-0.));
#6671 = ADVANCED_FACE('',(#6672),#6683,.F.);
#6672 = FACE_BOUND('',#6673,.T.);
#6673 = EDGE_LOOP('',(#6674,#6675,#6681,#6682));
#6674 = ORIENTED_EDGE('',*,*,#5814,.T.);
#6675 = ORIENTED_EDGE('',*,*,#6676,.T.);
#6676 = EDGE_CURVE('',#5815,#6194,#6677,.T.);
#6677 = LINE('',#6678,#6679);
#6678 = CARTESIAN_POINT('',(0.819824,-3.354187,-4.6E-02));
#6679 = VECTOR('',#6680,1.);
#6680 = DIRECTION('',(0.,0.,1.));
#6681 = ORIENTED_EDGE('',*,*,#6193,.F.);
#6682 = ORIENTED_EDGE('',*,*,#6676,.F.);
#6683 = CYLINDRICAL_SURFACE('',#6684,0.425);
#6684 = AXIS2_PLACEMENT_3D('',#6685,#6686,#6687);
#6685 = CARTESIAN_POINT('',(0.819824,-2.929187,-4.6E-02));
#6686 = DIRECTION('',(-0.,-0.,-1.));
#6687 = DIRECTION('',(-0.,-1.,0.));
#6688 = ADVANCED_FACE('',(#6689),#6700,.F.);
#6689 = FACE_BOUND('',#6690,.T.);
#6690 = EDGE_LOOP('',(#6691,#6692,#6698,#6699));
#6691 = ORIENTED_EDGE('',*,*,#5825,.T.);
#6692 = ORIENTED_EDGE('',*,*,#6693,.T.);
#6693 = EDGE_CURVE('',#5826,#6205,#6694,.T.);
#6694 = LINE('',#6695,#6696);
#6695 = CARTESIAN_POINT('',(3.359824,-3.354187,-4.6E-02));
#6696 = VECTOR('',#6697,1.);
#6697 = DIRECTION('',(0.,0.,1.));
#6698 = ORIENTED_EDGE('',*,*,#6204,.F.);
#6699 = ORIENTED_EDGE('',*,*,#6693,.F.);
#6700 = CYLINDRICAL_SURFACE('',#6701,0.425);
#6701 = AXIS2_PLACEMENT_3D('',#6702,#6703,#6704);
#6702 = CARTESIAN_POINT('',(3.359824,-2.929187,-4.6E-02));
#6703 = DIRECTION('',(-0.,0.,-1.));
#6704 = DIRECTION('',(1.044915787882E-15,-1.,-0.));
#6705 = ADVANCED_FACE('',(#6706),#6717,.F.);
#6706 = FACE_BOUND('',#6707,.T.);
#6707 = EDGE_LOOP('',(#6708,#6709,#6715,#6716));
#6708 = ORIENTED_EDGE('',*,*,#5836,.T.);
#6709 = ORIENTED_EDGE('',*,*,#6710,.T.);
#6710 = EDGE_CURVE('',#5837,#6216,#6711,.T.);
#6711 = LINE('',#6712,#6713);
#6712 = CARTESIAN_POINT('',(5.899824,-3.354187,-4.6E-02));
#6713 = VECTOR('',#6714,1.);
#6714 = DIRECTION('',(0.,0.,1.));
#6715 = ORIENTED_EDGE('',*,*,#6215,.F.);
#6716 = ORIENTED_EDGE('',*,*,#6710,.F.);
#6717 = CYLINDRICAL_SURFACE('',#6718,0.425);
#6718 = AXIS2_PLACEMENT_3D('',#6719,#6720,#6721);
#6719 = CARTESIAN_POINT('',(5.899824,-2.929187,-4.6E-02));
#6720 = DIRECTION('',(-0.,-0.,-1.));
#6721 = DIRECTION('',(-0.,-1.,0.));
#6722 = ADVANCED_FACE('',(#6723),#6734,.F.);
#6723 = FACE_BOUND('',#6724,.T.);
#6724 = EDGE_LOOP('',(#6725,#6726,#6732,#6733));
#6725 = ORIENTED_EDGE('',*,*,#5847,.T.);
#6726 = ORIENTED_EDGE('',*,*,#6727,.T.);
#6727 = EDGE_CURVE('',#5848,#6227,#6728,.T.);
#6728 = LINE('',#6729,#6730);
#6729 = CARTESIAN_POINT('',(8.439824,-3.354187,-4.6E-02));
#6730 = VECTOR('',#6731,1.);
#6731 = DIRECTION('',(0.,0.,1.));
#6732 = ORIENTED_EDGE('',*,*,#6226,.F.);
#6733 = ORIENTED_EDGE('',*,*,#6727,.F.);
#6734 = CYLINDRICAL_SURFACE('',#6735,0.425);
#6735 = AXIS2_PLACEMENT_3D('',#6736,#6737,#6738);
#6736 = CARTESIAN_POINT('',(8.439824,-2.929187,-4.6E-02));
#6737 = DIRECTION('',(-0.,-0.,-1.));
#6738 = DIRECTION('',(-4.17966315153E-15,-1.,0.));
#6739 = ADVANCED_FACE('',(#6740),#6751,.F.);
#6740 = FACE_BOUND('',#6741,.T.);
#6741 = EDGE_LOOP('',(#6742,#6743,#6749,#6750));
#6742 = ORIENTED_EDGE('',*,*,#5858,.T.);
#6743 = ORIENTED_EDGE('',*,*,#6744,.T.);
#6744 = EDGE_CURVE('',#5859,#6238,#6745,.T.);
#6745 = LINE('',#6746,#6747);
#6746 = CARTESIAN_POINT('',(10.979824,-3.354187,-4.6E-02));
#6747 = VECTOR('',#6748,1.);
#6748 = DIRECTION('',(0.,0.,1.));
#6749 = ORIENTED_EDGE('',*,*,#6237,.F.);
#6750 = ORIENTED_EDGE('',*,*,#6744,.F.);
#6751 = CYLINDRICAL_SURFACE('',#6752,0.425);
#6752 = AXIS2_PLACEMENT_3D('',#6753,#6754,#6755);
#6753 = CARTESIAN_POINT('',(10.979824,-2.929187,-4.6E-02));
#6754 = DIRECTION('',(-0.,-0.,-1.));
#6755 = DIRECTION('',(-0.,-1.,0.));
#6756 = ADVANCED_FACE('',(#6757),#6768,.F.);
#6757 = FACE_BOUND('',#6758,.T.);
#6758 = EDGE_LOOP('',(#6759,#6760,#6766,#6767));
#6759 = ORIENTED_EDGE('',*,*,#5869,.T.);
#6760 = ORIENTED_EDGE('',*,*,#6761,.T.);
#6761 = EDGE_CURVE('',#5870,#6249,#6762,.T.);
#6762 = LINE('',#6763,#6764);
#6763 = CARTESIAN_POINT('',(13.519824,-3.354187,-4.6E-02));
#6764 = VECTOR('',#6765,1.);
#6765 = DIRECTION('',(0.,0.,1.));
#6766 = ORIENTED_EDGE('',*,*,#6248,.F.);
#6767 = ORIENTED_EDGE('',*,*,#6761,.F.);
#6768 = CYLINDRICAL_SURFACE('',#6769,0.425);
#6769 = AXIS2_PLACEMENT_3D('',#6770,#6771,#6772);
#6770 = CARTESIAN_POINT('',(13.519824,-2.929187,-4.6E-02));
#6771 = DIRECTION('',(-0.,-0.,-1.));
#6772 = DIRECTION('',(-0.,-1.,0.));
#6773 = ADVANCED_FACE('',(#6774),#6785,.F.);
#6774 = FACE_BOUND('',#6775,.T.);
#6775 = EDGE_LOOP('',(#6776,#6777,#6783,#6784));
#6776 = ORIENTED_EDGE('',*,*,#5880,.T.);
#6777 = ORIENTED_EDGE('',*,*,#6778,.T.);
#6778 = EDGE_CURVE('',#5881,#6260,#6779,.T.);
#6779 = LINE('',#6780,#6781);
#6780 = CARTESIAN_POINT('',(-17.755976,2.927813,-4.6E-02));
#6781 = VECTOR('',#6782,1.);
#6782 = DIRECTION('',(0.,0.,1.));
#6783 = ORIENTED_EDGE('',*,*,#6259,.F.);
#6784 = ORIENTED_EDGE('',*,*,#6778,.F.);
#6785 = CYLINDRICAL_SURFACE('',#6786,0.6);
#6786 = AXIS2_PLACEMENT_3D('',#6787,#6788,#6789);
#6787 = CARTESIAN_POINT('',(-17.755976,3.527813,-4.6E-02));
#6788 = DIRECTION('',(-0.,-0.,-1.));
#6789 = DIRECTION('',(-5.921189464668E-15,-1.,0.));
#6790 = ADVANCED_FACE('',(#6791),#6802,.F.);
#6791 = FACE_BOUND('',#6792,.T.);
#6792 = EDGE_LOOP('',(#6793,#6799,#6800,#6801));
#6793 = ORIENTED_EDGE('',*,*,#6794,.T.);
#6794 = EDGE_CURVE('',#5892,#6271,#6795,.T.);
#6795 = LINE('',#6796,#6797);
#6796 = CARTESIAN_POINT('',(-16.100176,11.750813,0.));
#6797 = VECTOR('',#6798,1.);
#6798 = DIRECTION('',(0.,0.,1.));
#6799 = ORIENTED_EDGE('',*,*,#6270,.T.);
#6800 = ORIENTED_EDGE('',*,*,#6794,.F.);
#6801 = ORIENTED_EDGE('',*,*,#5891,.F.);
#6802 = CYLINDRICAL_SURFACE('',#6803,1.);
#6803 = AXIS2_PLACEMENT_3D('',#6804,#6805,#6806);
#6804 = CARTESIAN_POINT('',(-17.100176,11.750813,0.));
#6805 = DIRECTION('',(-0.,-0.,-1.));
#6806 = DIRECTION('',(1.,0.,-0.));
#6807 = ADVANCED_FACE('',(#6808),#6819,.F.);
#6808 = FACE_BOUND('',#6809,.T.);
#6809 = EDGE_LOOP('',(#6810,#6816,#6817,#6818));
#6810 = ORIENTED_EDGE('',*,*,#6811,.T.);
#6811 = EDGE_CURVE('',#5903,#6282,#6812,.T.);
#6812 = LINE('',#6813,#6814);
#6813 = CARTESIAN_POINT('',(-11.600176,9.750813,0.));
#6814 = VECTOR('',#6815,1.);
#6815 = DIRECTION('',(0.,0.,1.));
#6816 = ORIENTED_EDGE('',*,*,#6281,.T.);
#6817 = ORIENTED_EDGE('',*,*,#6811,.F.);
#6818 = ORIENTED_EDGE('',*,*,#5902,.F.);
#6819 = CYLINDRICAL_SURFACE('',#6820,1.);
#6820 = AXIS2_PLACEMENT_3D('',#6821,#6822,#6823);
#6821 = CARTESIAN_POINT('',(-12.600176,9.750813,0.));
#6822 = DIRECTION('',(-0.,-0.,-1.));
#6823 = DIRECTION('',(1.,0.,-0.));
#6824 = ADVANCED_FACE('',(#6825),#6836,.F.);
#6825 = FACE_BOUND('',#6826,.T.);
#6826 = EDGE_LOOP('',(#6827,#6828,#6834,#6835));
#6827 = ORIENTED_EDGE('',*,*,#5913,.T.);
#6828 = ORIENTED_EDGE('',*,*,#6829,.T.);
#6829 = EDGE_CURVE('',#5914,#6293,#6830,.T.);
#6830 = LINE('',#6831,#6832);
#6831 = CARTESIAN_POINT('',(-17.755976,15.246813,-4.6E-02));
#6832 = VECTOR('',#6833,1.);
#6833 = DIRECTION('',(0.,0.,1.));
#6834 = ORIENTED_EDGE('',*,*,#6292,.F.);
#6835 = ORIENTED_EDGE('',*,*,#6829,.F.);
#6836 = CYLINDRICAL_SURFACE('',#6837,0.6);
#6837 = AXIS2_PLACEMENT_3D('',#6838,#6839,#6840);
#6838 = CARTESIAN_POINT('',(-17.755976,15.846813,-4.6E-02));
#6839 = DIRECTION('',(-0.,-0.,-1.));
#6840 = DIRECTION('',(-5.921189464668E-15,-1.,0.));
#6841 = ADVANCED_FACE('',(#6842),#6853,.F.);
#6842 = FACE_BOUND('',#6843,.T.);
#6843 = EDGE_LOOP('',(#6844,#6850,#6851,#6852));
#6844 = ORIENTED_EDGE('',*,*,#6845,.T.);
#6845 = EDGE_CURVE('',#5925,#6304,#6846,.T.);
#6846 = LINE('',#6847,#6848);
#6847 = CARTESIAN_POINT('',(-3.100176,9.750813,0.));
#6848 = VECTOR('',#6849,1.);
#6849 = DIRECTION('',(0.,0.,1.));
#6850 = ORIENTED_EDGE('',*,*,#6303,.T.);
#6851 = ORIENTED_EDGE('',*,*,#6845,.F.);
#6852 = ORIENTED_EDGE('',*,*,#5924,.F.);
#6853 = CYLINDRICAL_SURFACE('',#6854,1.);
#6854 = AXIS2_PLACEMENT_3D('',#6855,#6856,#6857);
#6855 = CARTESIAN_POINT('',(-4.100176,9.750813,0.));
#6856 = DIRECTION('',(-0.,-0.,-1.));
#6857 = DIRECTION('',(1.,0.,-0.));
#6858 = ADVANCED_FACE('',(#6859),#6870,.F.);
#6859 = FACE_BOUND('',#6860,.T.);
#6860 = EDGE_LOOP('',(#6861,#6862,#6868,#6869));
#6861 = ORIENTED_EDGE('',*,*,#5935,.T.);
#6862 = ORIENTED_EDGE('',*,*,#6863,.T.);
#6863 = EDGE_CURVE('',#5936,#6315,#6864,.T.);
#6864 = LINE('',#6865,#6866);
#6865 = CARTESIAN_POINT('',(11.377824,2.927813,-4.6E-02));
#6866 = VECTOR('',#6867,1.);
#6867 = DIRECTION('',(0.,0.,1.));
#6868 = ORIENTED_EDGE('',*,*,#6314,.F.);
#6869 = ORIENTED_EDGE('',*,*,#6863,.F.);
#6870 = CYLINDRICAL_SURFACE('',#6871,0.6);
#6871 = AXIS2_PLACEMENT_3D('',#6872,#6873,#6874);
#6872 = CARTESIAN_POINT('',(11.377824,3.527813,-4.6E-02));
#6873 = DIRECTION('',(-0.,-0.,-1.));
#6874 = DIRECTION('',(-0.,-1.,0.));
#6875 = ADVANCED_FACE('',(#6876),#6887,.F.);
#6876 = FACE_BOUND('',#6877,.T.);
#6877 = EDGE_LOOP('',(#6878,#6879,#6885,#6886));
#6878 = ORIENTED_EDGE('',*,*,#5946,.T.);
#6879 = ORIENTED_EDGE('',*,*,#6880,.T.);
#6880 = EDGE_CURVE('',#5947,#6326,#6881,.T.);
#6881 = LINE('',#6882,#6883);
#6882 = CARTESIAN_POINT('',(16.139824,6.307813,-4.6E-02));
#6883 = VECTOR('',#6884,1.);
#6884 = DIRECTION('',(0.,0.,1.));
#6885 = ORIENTED_EDGE('',*,*,#6325,.F.);
#6886 = ORIENTED_EDGE('',*,*,#6880,.F.);
#6887 = CYLINDRICAL_SURFACE('',#6888,0.4);
#6888 = AXIS2_PLACEMENT_3D('',#6889,#6890,#6891);
#6889 = CARTESIAN_POINT('',(16.139824,6.707813,-4.6E-02));
#6890 = DIRECTION('',(-0.,-0.,-1.));
#6891 = DIRECTION('',(-0.,-1.,0.));
#6892 = ADVANCED_FACE('',(#6893),#6904,.F.);
#6893 = FACE_BOUND('',#6894,.T.);
#6894 = EDGE_LOOP('',(#6895,#6901,#6902,#6903));
#6895 = ORIENTED_EDGE('',*,*,#6896,.T.);
#6896 = EDGE_CURVE('',#5958,#6337,#6897,.T.);
#6897 = LINE('',#6898,#6899);
#6898 = CARTESIAN_POINT('',(5.399824,9.750813,0.));
#6899 = VECTOR('',#6900,1.);
#6900 = DIRECTION('',(0.,0.,1.));
#6901 = ORIENTED_EDGE('',*,*,#6336,.T.);
#6902 = ORIENTED_EDGE('',*,*,#6896,.F.);
#6903 = ORIENTED_EDGE('',*,*,#5957,.F.);
#6904 = CYLINDRICAL_SURFACE('',#6905,1.);
#6905 = AXIS2_PLACEMENT_3D('',#6906,#6907,#6908);
#6906 = CARTESIAN_POINT('',(4.399824,9.750813,0.));
#6907 = DIRECTION('',(-0.,-0.,-1.));
#6908 = DIRECTION('',(1.,0.,-0.));
#6909 = ADVANCED_FACE('',(#6910),#6921,.F.);
#6910 = FACE_BOUND('',#6911,.T.);
#6911 = EDGE_LOOP('',(#6912,#6918,#6919,#6920));
#6912 = ORIENTED_EDGE('',*,*,#6913,.T.);
#6913 = EDGE_CURVE('',#5969,#6348,#6914,.T.);
#6914 = LINE('',#6915,#6916);
#6915 = CARTESIAN_POINT('',(11.399824,11.750813,0.));
#6916 = VECTOR('',#6917,1.);
#6917 = DIRECTION('',(0.,0.,1.));
#6918 = ORIENTED_EDGE('',*,*,#6347,.T.);
#6919 = ORIENTED_EDGE('',*,*,#6913,.F.);
#6920 = ORIENTED_EDGE('',*,*,#5968,.F.);
#6921 = CYLINDRICAL_SURFACE('',#6922,1.);
#6922 = AXIS2_PLACEMENT_3D('',#6923,#6924,#6925);
#6923 = CARTESIAN_POINT('',(10.399824,11.750813,0.));
#6924 = DIRECTION('',(-0.,-0.,-1.));
#6925 = DIRECTION('',(1.,0.,-0.));
#6926 = ADVANCED_FACE('',(#6927),#6938,.F.);
#6927 = FACE_BOUND('',#6928,.T.);
#6928 = EDGE_LOOP('',(#6929,#6930,#6936,#6937));
#6929 = ORIENTED_EDGE('',*,*,#5979,.T.);
#6930 = ORIENTED_EDGE('',*,*,#6931,.T.);
#6931 = EDGE_CURVE('',#5980,#6359,#6932,.T.);
#6932 = LINE('',#6933,#6934);
#6933 = CARTESIAN_POINT('',(16.139824,8.593813,-4.6E-02));
#6934 = VECTOR('',#6935,1.);
#6935 = DIRECTION('',(0.,0.,1.));
#6936 = ORIENTED_EDGE('',*,*,#6358,.F.);
#6937 = ORIENTED_EDGE('',*,*,#6931,.F.);
#6938 = CYLINDRICAL_SURFACE('',#6939,0.4);
#6939 = AXIS2_PLACEMENT_3D('',#6940,#6941,#6942);
#6940 = CARTESIAN_POINT('',(16.139824,8.993813,-4.6E-02));
#6941 = DIRECTION('',(-0.,-0.,-1.));
#6942 = DIRECTION('',(-0.,-1.,0.));
#6943 = ADVANCED_FACE('',(#6944),#6955,.F.);
#6944 = FACE_BOUND('',#6945,.T.);
#6945 = EDGE_LOOP('',(#6946,#6947,#6953,#6954));
#6946 = ORIENTED_EDGE('',*,*,#5990,.T.);
#6947 = ORIENTED_EDGE('',*,*,#6948,.T.);
#6948 = EDGE_CURVE('',#5991,#6370,#6949,.T.);
#6949 = LINE('',#6950,#6951);
#6950 = CARTESIAN_POINT('',(11.377824,15.246813,-4.6E-02));
#6951 = VECTOR('',#6952,1.);
#6952 = DIRECTION('',(0.,0.,1.));
#6953 = ORIENTED_EDGE('',*,*,#6369,.F.);
#6954 = ORIENTED_EDGE('',*,*,#6948,.F.);
#6955 = CYLINDRICAL_SURFACE('',#6956,0.6);
#6956 = AXIS2_PLACEMENT_3D('',#6957,#6958,#6959);
#6957 = CARTESIAN_POINT('',(11.377824,15.846813,-4.6E-02));
#6958 = DIRECTION('',(-0.,-0.,-1.));
#6959 = DIRECTION('',(-0.,-1.,0.));
#6960 = ADVANCED_FACE('',(#6961),#6972,.F.);
#6961 = FACE_BOUND('',#6962,.T.);
#6962 = EDGE_LOOP('',(#6963,#6964,#6970,#6971));
#6963 = ORIENTED_EDGE('',*,*,#6001,.T.);
#6964 = ORIENTED_EDGE('',*,*,#6965,.T.);
#6965 = EDGE_CURVE('',#6002,#6381,#6966,.T.);
#6966 = LINE('',#6967,#6968);
#6967 = CARTESIAN_POINT('',(15.474824,15.068313,-4.6E-02));
#6968 = VECTOR('',#6969,1.);
#6969 = DIRECTION('',(0.,0.,1.));
#6970 = ORIENTED_EDGE('',*,*,#6380,.F.);
#6971 = ORIENTED_EDGE('',*,*,#6965,.F.);
#6972 = CYLINDRICAL_SURFACE('',#6973,0.4);
#6973 = AXIS2_PLACEMENT_3D('',#6974,#6975,#6976);
#6974 = CARTESIAN_POINT('',(15.474824,15.468313,-4.6E-02));
#6975 = DIRECTION('',(-0.,-0.,-1.));
#6976 = DIRECTION('',(-0.,-1.,0.));
#6977 = ADVANCED_FACE('',(#6978),#6989,.F.);
#6978 = FACE_BOUND('',#6979,.T.);
#6979 = EDGE_LOOP('',(#6980,#6981,#6987,#6988));
#6980 = ORIENTED_EDGE('',*,*,#6012,.T.);
#6981 = ORIENTED_EDGE('',*,*,#6982,.T.);
#6982 = EDGE_CURVE('',#6013,#6392,#6983,.T.);
#6983 = LINE('',#6984,#6985);
#6984 = CARTESIAN_POINT('',(17.324824,15.068313,-4.6E-02));
#6985 = VECTOR('',#6986,1.);
#6986 = DIRECTION('',(0.,0.,1.));
#6987 = ORIENTED_EDGE('',*,*,#6391,.F.);
#6988 = ORIENTED_EDGE('',*,*,#6982,.F.);
#6989 = CYLINDRICAL_SURFACE('',#6990,0.4);
#6990 = AXIS2_PLACEMENT_3D('',#6991,#6992,#6993);
#6991 = CARTESIAN_POINT('',(17.324824,15.468313,-4.6E-02));
#6992 = DIRECTION('',(-0.,-0.,-1.));
#6993 = DIRECTION('',(-0.,-1.,0.));
#6994 = ( GEOMETRIC_REPRESENTATION_CONTEXT(3) 
GLOBAL_UNCERTAINTY_ASSIGNED_CONTEXT((#6998)) 
GLOBAL_UNIT_ASSIGNED_CONTEXT((#6995,#6996,#6997)) REPRESENTATION_CONTEXT
('Context #1','3D Context with UNIT and UNCERTAINTY') );
#6995 = ( LENGTH_UNIT() NAMED_UNIT(*) SI_UNIT(.MILLI.,.METRE.) );
#6996 = ( NAMED_UNIT(*) PLANE_ANGLE_UNIT() SI_UNIT($,.RADIAN.) );
#6997 = ( NAMED_UNIT(*) SI_UNIT($,.STERADIAN.) SOLID_ANGLE_UNIT() );
#6998 = UNCERTAINTY_MEASURE_WITH_UNIT(LENGTH_MEASURE(1.E-07),#6995,
  'distance_accuracy_value','confusion accuracy');
#6999 = CONTEXT_DEPENDENT_SHAPE_REPRESENTATION(#7000,#7002);
#7000 = ( REPRESENTATION_RELATIONSHIP('','',#5541,#10) 
REPRESENTATION_RELATIONSHIP_WITH_TRANSFORMATION(#7001) 
SHAPE_REPRESENTATION_RELATIONSHIP() );
#7001 = ITEM_DEFINED_TRANSFORMATION('','',#11,#67);
#7002 = PRODUCT_DEFINITION_SHAPE('Placement','Placement of an item',
  #7003);
#7003 = NEXT_ASSEMBLY_USAGE_OCCURRENCE('14','=>[0:1:1:7]','',#5,#5536,$
  );
#7004 = PRODUCT_RELATED_PRODUCT_CATEGORY('part',$,(#5538));
#7005 = MECHANICAL_DESIGN_GEOMETRIC_PRESENTATION_REPRESENTATION('',(
    #7006,#7014,#7021,#7028,#7036,#7043,#7050,#7057,#7065,#7072,#7079,
    #7086,#7093,#7100,#7107),#3334);
#7006 = STYLED_ITEM('color',(#7007),#3001);
#7007 = PRESENTATION_STYLE_ASSIGNMENT((#7008));
#7008 = SURFACE_STYLE_USAGE(.BOTH.,#7009);
#7009 = SURFACE_SIDE_STYLE('',(#7010));
#7010 = SURFACE_STYLE_FILL_AREA(#7011);
#7011 = FILL_AREA_STYLE('',(#7012));
#7012 = FILL_AREA_STYLE_COLOUR('',#7013);
#7013 = COLOUR_RGB('',0.894999966383,0.890999961016,0.813000030345);
#7014 = STYLED_ITEM('color',(#7015),#3034);
#7015 = PRESENTATION_STYLE_ASSIGNMENT((#7016));
#7016 = SURFACE_STYLE_USAGE(.BOTH.,#7017);
#7017 = SURFACE_SIDE_STYLE('',(#7018));
#7018 = SURFACE_STYLE_FILL_AREA(#7019);
#7019 = FILL_AREA_STYLE('',(#7020));
#7020 = FILL_AREA_STYLE_COLOUR('',#7013);
#7021 = STYLED_ITEM('color',(#7022),#3054);
#7022 = PRESENTATION_STYLE_ASSIGNMENT((#7023));
#7023 = SURFACE_STYLE_USAGE(.BOTH.,#7024);
#7024 = SURFACE_SIDE_STYLE('',(#7025));
#7025 = SURFACE_STYLE_FILL_AREA(#7026);
#7026 = FILL_AREA_STYLE('',(#7027));
#7027 = FILL_AREA_STYLE_COLOUR('',#7013);
#7028 = STYLED_ITEM('color',(#7029),#3074);
#7029 = PRESENTATION_STYLE_ASSIGNMENT((#7030));
#7030 = SURFACE_STYLE_USAGE(.BOTH.,#7031);
#7031 = SURFACE_SIDE_STYLE('',(#7032));
#7032 = SURFACE_STYLE_FILL_AREA(#7033);
#7033 = FILL_AREA_STYLE('',(#7034));
#7034 = FILL_AREA_STYLE_COLOUR('',#7035);
#7035 = COLOUR_RGB('',0.147999998088,0.144999993226,0.144999993226);
#7036 = STYLED_ITEM('color',(#7037),#3099);
#7037 = PRESENTATION_STYLE_ASSIGNMENT((#7038));
#7038 = SURFACE_STYLE_USAGE(.BOTH.,#7039);
#7039 = SURFACE_SIDE_STYLE('',(#7040));
#7040 = SURFACE_STYLE_FILL_AREA(#7041);
#7041 = FILL_AREA_STYLE('',(#7042));
#7042 = FILL_AREA_STYLE_COLOUR('',#7035);
#7043 = STYLED_ITEM('color',(#7044),#3124);
#7044 = PRESENTATION_STYLE_ASSIGNMENT((#7045));
#7045 = SURFACE_STYLE_USAGE(.BOTH.,#7046);
#7046 = SURFACE_SIDE_STYLE('',(#7047));
#7047 = SURFACE_STYLE_FILL_AREA(#7048);
#7048 = FILL_AREA_STYLE('',(#7049));
#7049 = FILL_AREA_STYLE_COLOUR('',#7035);
#7050 = STYLED_ITEM('color',(#7051),#3144);
#7051 = PRESENTATION_STYLE_ASSIGNMENT((#7052));
#7052 = SURFACE_STYLE_USAGE(.BOTH.,#7053);
#7053 = SURFACE_SIDE_STYLE('',(#7054));
#7054 = SURFACE_STYLE_FILL_AREA(#7055);
#7055 = FILL_AREA_STYLE('',(#7056));
#7056 = FILL_AREA_STYLE_COLOUR('',#7035);
#7057 = STYLED_ITEM('color',(#7058),#3164);
#7058 = PRESENTATION_STYLE_ASSIGNMENT((#7059));
#7059 = SURFACE_STYLE_USAGE(.BOTH.,#7060);
#7060 = SURFACE_SIDE_STYLE('',(#7061));
#7061 = SURFACE_STYLE_FILL_AREA(#7062);
#7062 = FILL_AREA_STYLE('',(#7063));
#7063 = FILL_AREA_STYLE_COLOUR('',#7064);
#7064 = COLOUR_RGB('',0.823999987314,0.819999987296,0.781000009244);
#7065 = STYLED_ITEM('color',(#7066),#3189);
#7066 = PRESENTATION_STYLE_ASSIGNMENT((#7067));
#7067 = SURFACE_STYLE_USAGE(.BOTH.,#7068);
#7068 = SURFACE_SIDE_STYLE('',(#7069));
#7069 = SURFACE_STYLE_FILL_AREA(#7070);
#7070 = FILL_AREA_STYLE('',(#7071));
#7071 = FILL_AREA_STYLE_COLOUR('',#7064);
#7072 = STYLED_ITEM('color',(#7073),#3214);
#7073 = PRESENTATION_STYLE_ASSIGNMENT((#7074));
#7074 = SURFACE_STYLE_USAGE(.BOTH.,#7075);
#7075 = SURFACE_SIDE_STYLE('',(#7076));
#7076 = SURFACE_STYLE_FILL_AREA(#7077);
#7077 = FILL_AREA_STYLE('',(#7078));
#7078 = FILL_AREA_STYLE_COLOUR('',#7064);
#7079 = STYLED_ITEM('color',(#7080),#3240);
#7080 = PRESENTATION_STYLE_ASSIGNMENT((#7081));
#7081 = SURFACE_STYLE_USAGE(.BOTH.,#7082);
#7082 = SURFACE_SIDE_STYLE('',(#7083));
#7083 = SURFACE_STYLE_FILL_AREA(#7084);
#7084 = FILL_AREA_STYLE('',(#7085));
#7085 = FILL_AREA_STYLE_COLOUR('',#7064);
#7086 = STYLED_ITEM('color',(#7087),#3266);
#7087 = PRESENTATION_STYLE_ASSIGNMENT((#7088));
#7088 = SURFACE_STYLE_USAGE(.BOTH.,#7089);
#7089 = SURFACE_SIDE_STYLE('',(#7090));
#7090 = SURFACE_STYLE_FILL_AREA(#7091);
#7091 = FILL_AREA_STYLE('',(#7092));
#7092 = FILL_AREA_STYLE_COLOUR('',#7064);
#7093 = STYLED_ITEM('color',(#7094),#3291);
#7094 = PRESENTATION_STYLE_ASSIGNMENT((#7095));
#7095 = SURFACE_STYLE_USAGE(.BOTH.,#7096);
#7096 = SURFACE_SIDE_STYLE('',(#7097));
#7097 = SURFACE_STYLE_FILL_AREA(#7098);
#7098 = FILL_AREA_STYLE('',(#7099));
#7099 = FILL_AREA_STYLE_COLOUR('',#7064);
#7100 = STYLED_ITEM('color',(#7101),#3316);
#7101 = PRESENTATION_STYLE_ASSIGNMENT((#7102));
#7102 = SURFACE_STYLE_USAGE(.BOTH.,#7103);
#7103 = SURFACE_SIDE_STYLE('',(#7104));
#7104 = SURFACE_STYLE_FILL_AREA(#7105);
#7105 = FILL_AREA_STYLE('',(#7106));
#7106 = FILL_AREA_STYLE_COLOUR('',#7064);
#7107 = STYLED_ITEM('color',(#7108),#3325);
#7108 = PRESENTATION_STYLE_ASSIGNMENT((#7109));
#7109 = SURFACE_STYLE_USAGE(.BOTH.,#7110);
#7110 = SURFACE_SIDE_STYLE('',(#7111));
#7111 = SURFACE_STYLE_FILL_AREA(#7112);
#7112 = FILL_AREA_STYLE('',(#7113));
#7113 = FILL_AREA_STYLE_COLOUR('',#7064);
#7114 = MECHANICAL_DESIGN_GEOMETRIC_PRESENTATION_REPRESENTATION('',(
    #7115,#7122,#7129,#7136,#7143,#7150,#7157,#7164,#7171,#7178,#7185,
    #7193,#7200,#7207,#7214,#7221,#7228,#7235,#7242,#7249,#7256,#7263,
    #7270,#7277,#7284,#7291,#7298,#7305),#1748);
#7115 = STYLED_ITEM('color',(#7116),#896);
#7116 = PRESENTATION_STYLE_ASSIGNMENT((#7117));
#7117 = SURFACE_STYLE_USAGE(.BOTH.,#7118);
#7118 = SURFACE_SIDE_STYLE('',(#7119));
#7119 = SURFACE_STYLE_FILL_AREA(#7120);
#7120 = FILL_AREA_STYLE('',(#7121));
#7121 = FILL_AREA_STYLE_COLOUR('',#7064);
#7122 = STYLED_ITEM('color',(#7123),#972);
#7123 = PRESENTATION_STYLE_ASSIGNMENT((#7124));
#7124 = SURFACE_STYLE_USAGE(.BOTH.,#7125);
#7125 = SURFACE_SIDE_STYLE('',(#7126));
#7126 = SURFACE_STYLE_FILL_AREA(#7127);
#7127 = FILL_AREA_STYLE('',(#7128));
#7128 = FILL_AREA_STYLE_COLOUR('',#7064);
#7129 = STYLED_ITEM('color',(#7130),#1003);
#7130 = PRESENTATION_STYLE_ASSIGNMENT((#7131));
#7131 = SURFACE_STYLE_USAGE(.BOTH.,#7132);
#7132 = SURFACE_SIDE_STYLE('',(#7133));
#7133 = SURFACE_STYLE_FILL_AREA(#7134);
#7134 = FILL_AREA_STYLE('',(#7135));
#7135 = FILL_AREA_STYLE_COLOUR('',#7064);
#7136 = STYLED_ITEM('color',(#7137),#1028);
#7137 = PRESENTATION_STYLE_ASSIGNMENT((#7138));
#7138 = SURFACE_STYLE_USAGE(.BOTH.,#7139);
#7139 = SURFACE_SIDE_STYLE('',(#7140));
#7140 = SURFACE_STYLE_FILL_AREA(#7141);
#7141 = FILL_AREA_STYLE('',(#7142));
#7142 = FILL_AREA_STYLE_COLOUR('',#7064);
#7143 = STYLED_ITEM('color',(#7144),#1053);
#7144 = PRESENTATION_STYLE_ASSIGNMENT((#7145));
#7145 = SURFACE_STYLE_USAGE(.BOTH.,#7146);
#7146 = SURFACE_SIDE_STYLE('',(#7147));
#7147 = SURFACE_STYLE_FILL_AREA(#7148);
#7148 = FILL_AREA_STYLE('',(#7149));
#7149 = FILL_AREA_STYLE_COLOUR('',#7064);
#7150 = STYLED_ITEM('color',(#7151),#1077);
#7151 = PRESENTATION_STYLE_ASSIGNMENT((#7152));
#7152 = SURFACE_STYLE_USAGE(.BOTH.,#7153);
#7153 = SURFACE_SIDE_STYLE('',(#7154));
#7154 = SURFACE_STYLE_FILL_AREA(#7155);
#7155 = FILL_AREA_STYLE('',(#7156));
#7156 = FILL_AREA_STYLE_COLOUR('',#7064);
#7157 = STYLED_ITEM('color',(#7158),#1101);
#7158 = PRESENTATION_STYLE_ASSIGNMENT((#7159));
#7159 = SURFACE_STYLE_USAGE(.BOTH.,#7160);
#7160 = SURFACE_SIDE_STYLE('',(#7161));
#7161 = SURFACE_STYLE_FILL_AREA(#7162);
#7162 = FILL_AREA_STYLE('',(#7163));
#7163 = FILL_AREA_STYLE_COLOUR('',#7064);
#7164 = STYLED_ITEM('color',(#7165),#1126);
#7165 = PRESENTATION_STYLE_ASSIGNMENT((#7166));
#7166 = SURFACE_STYLE_USAGE(.BOTH.,#7167);
#7167 = SURFACE_SIDE_STYLE('',(#7168));
#7168 = SURFACE_STYLE_FILL_AREA(#7169);
#7169 = FILL_AREA_STYLE('',(#7170));
#7170 = FILL_AREA_STYLE_COLOUR('',#7064);
#7171 = STYLED_ITEM('color',(#7172),#1151);
#7172 = PRESENTATION_STYLE_ASSIGNMENT((#7173));
#7173 = SURFACE_STYLE_USAGE(.BOTH.,#7174);
#7174 = SURFACE_SIDE_STYLE('',(#7175));
#7175 = SURFACE_STYLE_FILL_AREA(#7176);
#7176 = FILL_AREA_STYLE('',(#7177));
#7177 = FILL_AREA_STYLE_COLOUR('',#7064);
#7178 = STYLED_ITEM('color',(#7179),#1168);
#7179 = PRESENTATION_STYLE_ASSIGNMENT((#7180));
#7180 = SURFACE_STYLE_USAGE(.BOTH.,#7181);
#7181 = SURFACE_SIDE_STYLE('',(#7182));
#7182 = SURFACE_STYLE_FILL_AREA(#7183);
#7183 = FILL_AREA_STYLE('',(#7184));
#7184 = FILL_AREA_STYLE_COLOUR('',#7064);
#7185 = STYLED_ITEM('color',(#7186),#1254);
#7186 = PRESENTATION_STYLE_ASSIGNMENT((#7187));
#7187 = SURFACE_STYLE_USAGE(.BOTH.,#7188);
#7188 = SURFACE_SIDE_STYLE('',(#7189));
#7189 = SURFACE_STYLE_FILL_AREA(#7190);
#7190 = FILL_AREA_STYLE('',(#7191));
#7191 = FILL_AREA_STYLE_COLOUR('',#7192);
#7192 = COLOUR_RGB('',0.379000005575,0.270000008848,0.214999999939);
#7193 = STYLED_ITEM('color',(#7194),#1286);
#7194 = PRESENTATION_STYLE_ASSIGNMENT((#7195));
#7195 = SURFACE_STYLE_USAGE(.BOTH.,#7196);
#7196 = SURFACE_SIDE_STYLE('',(#7197));
#7197 = SURFACE_STYLE_FILL_AREA(#7198);
#7198 = FILL_AREA_STYLE('',(#7199));
#7199 = FILL_AREA_STYLE_COLOUR('',#7192);
#7200 = STYLED_ITEM('color',(#7201),#1310);
#7201 = PRESENTATION_STYLE_ASSIGNMENT((#7202));
#7202 = SURFACE_STYLE_USAGE(.BOTH.,#7203);
#7203 = SURFACE_SIDE_STYLE('',(#7204));
#7204 = SURFACE_STYLE_FILL_AREA(#7205);
#7205 = FILL_AREA_STYLE('',(#7206));
#7206 = FILL_AREA_STYLE_COLOUR('',#7192);
#7207 = STYLED_ITEM('color',(#7208),#1335);
#7208 = PRESENTATION_STYLE_ASSIGNMENT((#7209));
#7209 = SURFACE_STYLE_USAGE(.BOTH.,#7210);
#7210 = SURFACE_SIDE_STYLE('',(#7211));
#7211 = SURFACE_STYLE_FILL_AREA(#7212);
#7212 = FILL_AREA_STYLE('',(#7213));
#7213 = FILL_AREA_STYLE_COLOUR('',#7192);
#7214 = STYLED_ITEM('color',(#7215),#1359);
#7215 = PRESENTATION_STYLE_ASSIGNMENT((#7216));
#7216 = SURFACE_STYLE_USAGE(.BOTH.,#7217);
#7217 = SURFACE_SIDE_STYLE('',(#7218));
#7218 = SURFACE_STYLE_FILL_AREA(#7219);
#7219 = FILL_AREA_STYLE('',(#7220));
#7220 = FILL_AREA_STYLE_COLOUR('',#7192);
#7221 = STYLED_ITEM('color',(#7222),#1384);
#7222 = PRESENTATION_STYLE_ASSIGNMENT((#7223));
#7223 = SURFACE_STYLE_USAGE(.BOTH.,#7224);
#7224 = SURFACE_SIDE_STYLE('',(#7225));
#7225 = SURFACE_STYLE_FILL_AREA(#7226);
#7226 = FILL_AREA_STYLE('',(#7227));
#7227 = FILL_AREA_STYLE_COLOUR('',#7192);
#7228 = STYLED_ITEM('color',(#7229),#1408);
#7229 = PRESENTATION_STYLE_ASSIGNMENT((#7230));
#7230 = SURFACE_STYLE_USAGE(.BOTH.,#7231);
#7231 = SURFACE_SIDE_STYLE('',(#7232));
#7232 = SURFACE_STYLE_FILL_AREA(#7233);
#7233 = FILL_AREA_STYLE('',(#7234));
#7234 = FILL_AREA_STYLE_COLOUR('',#7192);
#7235 = STYLED_ITEM('color',(#7236),#1433);
#7236 = PRESENTATION_STYLE_ASSIGNMENT((#7237));
#7237 = SURFACE_STYLE_USAGE(.BOTH.,#7238);
#7238 = SURFACE_SIDE_STYLE('',(#7239));
#7239 = SURFACE_STYLE_FILL_AREA(#7240);
#7240 = FILL_AREA_STYLE('',(#7241));
#7241 = FILL_AREA_STYLE_COLOUR('',#7192);
#7242 = STYLED_ITEM('color',(#7243),#1450);
#7243 = PRESENTATION_STYLE_ASSIGNMENT((#7244));
#7244 = SURFACE_STYLE_USAGE(.BOTH.,#7245);
#7245 = SURFACE_SIDE_STYLE('',(#7246));
#7246 = SURFACE_STYLE_FILL_AREA(#7247);
#7247 = FILL_AREA_STYLE('',(#7248));
#7248 = FILL_AREA_STYLE_COLOUR('',#7064);
#7249 = STYLED_ITEM('color',(#7250),#1536);
#7250 = PRESENTATION_STYLE_ASSIGNMENT((#7251));
#7251 = SURFACE_STYLE_USAGE(.BOTH.,#7252);
#7252 = SURFACE_SIDE_STYLE('',(#7253));
#7253 = SURFACE_STYLE_FILL_AREA(#7254);
#7254 = FILL_AREA_STYLE('',(#7255));
#7255 = FILL_AREA_STYLE_COLOUR('',#7064);
#7256 = STYLED_ITEM('color',(#7257),#1567);
#7257 = PRESENTATION_STYLE_ASSIGNMENT((#7258));
#7258 = SURFACE_STYLE_USAGE(.BOTH.,#7259);
#7259 = SURFACE_SIDE_STYLE('',(#7260));
#7260 = SURFACE_STYLE_FILL_AREA(#7261);
#7261 = FILL_AREA_STYLE('',(#7262));
#7262 = FILL_AREA_STYLE_COLOUR('',#7064);
#7263 = STYLED_ITEM('color',(#7264),#1592);
#7264 = PRESENTATION_STYLE_ASSIGNMENT((#7265));
#7265 = SURFACE_STYLE_USAGE(.BOTH.,#7266);
#7266 = SURFACE_SIDE_STYLE('',(#7267));
#7267 = SURFACE_STYLE_FILL_AREA(#7268);
#7268 = FILL_AREA_STYLE('',(#7269));
#7269 = FILL_AREA_STYLE_COLOUR('',#7064);
#7270 = STYLED_ITEM('color',(#7271),#1617);
#7271 = PRESENTATION_STYLE_ASSIGNMENT((#7272));
#7272 = SURFACE_STYLE_USAGE(.BOTH.,#7273);
#7273 = SURFACE_SIDE_STYLE('',(#7274));
#7274 = SURFACE_STYLE_FILL_AREA(#7275);
#7275 = FILL_AREA_STYLE('',(#7276));
#7276 = FILL_AREA_STYLE_COLOUR('',#7064);
#7277 = STYLED_ITEM('color',(#7278),#1641);
#7278 = PRESENTATION_STYLE_ASSIGNMENT((#7279));
#7279 = SURFACE_STYLE_USAGE(.BOTH.,#7280);
#7280 = SURFACE_SIDE_STYLE('',(#7281));
#7281 = SURFACE_STYLE_FILL_AREA(#7282);
#7282 = FILL_AREA_STYLE('',(#7283));
#7283 = FILL_AREA_STYLE_COLOUR('',#7064);
#7284 = STYLED_ITEM('color',(#7285),#1665);
#7285 = PRESENTATION_STYLE_ASSIGNMENT((#7286));
#7286 = SURFACE_STYLE_USAGE(.BOTH.,#7287);
#7287 = SURFACE_SIDE_STYLE('',(#7288));
#7288 = SURFACE_STYLE_FILL_AREA(#7289);
#7289 = FILL_AREA_STYLE('',(#7290));
#7290 = FILL_AREA_STYLE_COLOUR('',#7064);
#7291 = STYLED_ITEM('color',(#7292),#1690);
#7292 = PRESENTATION_STYLE_ASSIGNMENT((#7293));
#7293 = SURFACE_STYLE_USAGE(.BOTH.,#7294);
#7294 = SURFACE_SIDE_STYLE('',(#7295));
#7295 = SURFACE_STYLE_FILL_AREA(#7296);
#7296 = FILL_AREA_STYLE('',(#7297));
#7297 = FILL_AREA_STYLE_COLOUR('',#7064);
#7298 = STYLED_ITEM('color',(#7299),#1715);
#7299 = PRESENTATION_STYLE_ASSIGNMENT((#7300));
#7300 = SURFACE_STYLE_USAGE(.BOTH.,#7301);
#7301 = SURFACE_SIDE_STYLE('',(#7302));
#7302 = SURFACE_STYLE_FILL_AREA(#7303);
#7303 = FILL_AREA_STYLE('',(#7304));
#7304 = FILL_AREA_STYLE_COLOUR('',#7064);
#7305 = STYLED_ITEM('color',(#7306),#1732);
#7306 = PRESENTATION_STYLE_ASSIGNMENT((#7307));
#7307 = SURFACE_STYLE_USAGE(.BOTH.,#7308);
#7308 = SURFACE_SIDE_STYLE('',(#7309));
#7309 = SURFACE_STYLE_FILL_AREA(#7310);
#7310 = FILL_AREA_STYLE('',(#7311));
#7311 = FILL_AREA_STYLE_COLOUR('',#7064);
#7312 = MECHANICAL_DESIGN_GEOMETRIC_PRESENTATION_REPRESENTATION('',(
    #7313,#7323,#7332,#7341,#7350,#7359,#7368,#7377,#7386,#7395,#7404,
    #7413,#7422,#7431,#7440,#7449,#7458,#7467,#7476,#7485,#7494,#7503,
    #7512,#7521,#7530,#7539,#7548,#7557,#7566,#7575,#7584,#7593,#7602,
    #7611,#7620,#7629,#7638,#7647,#7656,#7665,#7674,#7683,#7692,#7701,
    #7710,#7719,#7728,#7737,#7746,#7755,#7764,#7773,#7782,#7791,#7800,
    #7809,#7818,#7827,#7836,#7845,#7854,#7863,#7872,#7881,#7890,#7899,
    #7908,#7917,#7926,#7935,#7944,#7953),#5513);
#7313 = STYLED_ITEM('color',(#7314),#3380);
#7314 = PRESENTATION_STYLE_ASSIGNMENT((#7315,#7321));
#7315 = SURFACE_STYLE_USAGE(.BOTH.,#7316);
#7316 = SURFACE_SIDE_STYLE('',(#7317));
#7317 = SURFACE_STYLE_FILL_AREA(#7318);
#7318 = FILL_AREA_STYLE('',(#7319));
#7319 = FILL_AREA_STYLE_COLOUR('',#7320);
#7320 = COLOUR_RGB('',0.147999998088,0.145000001626,0.145000001626);
#7321 = CURVE_STYLE('',#7322,POSITIVE_LENGTH_MEASURE(0.1),#7320);
#7322 = DRAUGHTING_PRE_DEFINED_CURVE_FONT('continuous');
#7323 = STYLED_ITEM('color',(#7324),#3418);
#7324 = PRESENTATION_STYLE_ASSIGNMENT((#7325,#7330));
#7325 = SURFACE_STYLE_USAGE(.BOTH.,#7326);
#7326 = SURFACE_SIDE_STYLE('',(#7327));
#7327 = SURFACE_STYLE_FILL_AREA(#7328);
#7328 = FILL_AREA_STYLE('',(#7329));
#7329 = FILL_AREA_STYLE_COLOUR('',#7320);
#7330 = CURVE_STYLE('',#7331,POSITIVE_LENGTH_MEASURE(0.1),#7320);
#7331 = DRAUGHTING_PRE_DEFINED_CURVE_FONT('continuous');
#7332 = STYLED_ITEM('color',(#7333),#3481);
#7333 = PRESENTATION_STYLE_ASSIGNMENT((#7334,#7339));
#7334 = SURFACE_STYLE_USAGE(.BOTH.,#7335);
#7335 = SURFACE_SIDE_STYLE('',(#7336));
#7336 = SURFACE_STYLE_FILL_AREA(#7337);
#7337 = FILL_AREA_STYLE('',(#7338));
#7338 = FILL_AREA_STYLE_COLOUR('',#7320);
#7339 = CURVE_STYLE('',#7340,POSITIVE_LENGTH_MEASURE(0.1),#7320);
#7340 = DRAUGHTING_PRE_DEFINED_CURVE_FONT('continuous');
#7341 = STYLED_ITEM('color',(#7342),#3504);
#7342 = PRESENTATION_STYLE_ASSIGNMENT((#7343,#7348));
#7343 = SURFACE_STYLE_USAGE(.BOTH.,#7344);
#7344 = SURFACE_SIDE_STYLE('',(#7345));
#7345 = SURFACE_STYLE_FILL_AREA(#7346);
#7346 = FILL_AREA_STYLE('',(#7347));
#7347 = FILL_AREA_STYLE_COLOUR('',#7320);
#7348 = CURVE_STYLE('',#7349,POSITIVE_LENGTH_MEASURE(0.1),#7320);
#7349 = DRAUGHTING_PRE_DEFINED_CURVE_FONT('continuous');
#7350 = STYLED_ITEM('color',(#7351),#3533);
#7351 = PRESENTATION_STYLE_ASSIGNMENT((#7352,#7357));
#7352 = SURFACE_STYLE_USAGE(.BOTH.,#7353);
#7353 = SURFACE_SIDE_STYLE('',(#7354));
#7354 = SURFACE_STYLE_FILL_AREA(#7355);
#7355 = FILL_AREA_STYLE('',(#7356));
#7356 = FILL_AREA_STYLE_COLOUR('',#7320);
#7357 = CURVE_STYLE('',#7358,POSITIVE_LENGTH_MEASURE(0.1),#7320);
#7358 = DRAUGHTING_PRE_DEFINED_CURVE_FONT('continuous');
#7359 = STYLED_ITEM('color',(#7360),#3556);
#7360 = PRESENTATION_STYLE_ASSIGNMENT((#7361,#7366));
#7361 = SURFACE_STYLE_USAGE(.BOTH.,#7362);
#7362 = SURFACE_SIDE_STYLE('',(#7363));
#7363 = SURFACE_STYLE_FILL_AREA(#7364);
#7364 = FILL_AREA_STYLE('',(#7365));
#7365 = FILL_AREA_STYLE_COLOUR('',#7320);
#7366 = CURVE_STYLE('',#7367,POSITIVE_LENGTH_MEASURE(0.1),#7320);
#7367 = DRAUGHTING_PRE_DEFINED_CURVE_FONT('continuous');
#7368 = STYLED_ITEM('color',(#7369),#3611);
#7369 = PRESENTATION_STYLE_ASSIGNMENT((#7370,#7375));
#7370 = SURFACE_STYLE_USAGE(.BOTH.,#7371);
#7371 = SURFACE_SIDE_STYLE('',(#7372));
#7372 = SURFACE_STYLE_FILL_AREA(#7373);
#7373 = FILL_AREA_STYLE('',(#7374));
#7374 = FILL_AREA_STYLE_COLOUR('',#7320);
#7375 = CURVE_STYLE('',#7376,POSITIVE_LENGTH_MEASURE(0.1),#7320);
#7376 = DRAUGHTING_PRE_DEFINED_CURVE_FONT('continuous');
#7377 = STYLED_ITEM('color',(#7378),#3650);
#7378 = PRESENTATION_STYLE_ASSIGNMENT((#7379,#7384));
#7379 = SURFACE_STYLE_USAGE(.BOTH.,#7380);
#7380 = SURFACE_SIDE_STYLE('',(#7381));
#7381 = SURFACE_STYLE_FILL_AREA(#7382);
#7382 = FILL_AREA_STYLE('',(#7383));
#7383 = FILL_AREA_STYLE_COLOUR('',#7320);
#7384 = CURVE_STYLE('',#7385,POSITIVE_LENGTH_MEASURE(0.1),#7320);
#7385 = DRAUGHTING_PRE_DEFINED_CURVE_FONT('continuous');
#7386 = STYLED_ITEM('color',(#7387),#3673);
#7387 = PRESENTATION_STYLE_ASSIGNMENT((#7388,#7393));
#7388 = SURFACE_STYLE_USAGE(.BOTH.,#7389);
#7389 = SURFACE_SIDE_STYLE('',(#7390));
#7390 = SURFACE_STYLE_FILL_AREA(#7391);
#7391 = FILL_AREA_STYLE('',(#7392));
#7392 = FILL_AREA_STYLE_COLOUR('',#7320);
#7393 = CURVE_STYLE('',#7394,POSITIVE_LENGTH_MEASURE(0.1),#7320);
#7394 = DRAUGHTING_PRE_DEFINED_CURVE_FONT('continuous');
#7395 = STYLED_ITEM('color',(#7396),#3696);
#7396 = PRESENTATION_STYLE_ASSIGNMENT((#7397,#7402));
#7397 = SURFACE_STYLE_USAGE(.BOTH.,#7398);
#7398 = SURFACE_SIDE_STYLE('',(#7399));
#7399 = SURFACE_STYLE_FILL_AREA(#7400);
#7400 = FILL_AREA_STYLE('',(#7401));
#7401 = FILL_AREA_STYLE_COLOUR('',#7320);
#7402 = CURVE_STYLE('',#7403,POSITIVE_LENGTH_MEASURE(0.1),#7320);
#7403 = DRAUGHTING_PRE_DEFINED_CURVE_FONT('continuous');
#7404 = STYLED_ITEM('color',(#7405),#3713);
#7405 = PRESENTATION_STYLE_ASSIGNMENT((#7406,#7411));
#7406 = SURFACE_STYLE_USAGE(.BOTH.,#7407);
#7407 = SURFACE_SIDE_STYLE('',(#7408));
#7408 = SURFACE_STYLE_FILL_AREA(#7409);
#7409 = FILL_AREA_STYLE('',(#7410));
#7410 = FILL_AREA_STYLE_COLOUR('',#7320);
#7411 = CURVE_STYLE('',#7412,POSITIVE_LENGTH_MEASURE(0.1),#7320);
#7412 = DRAUGHTING_PRE_DEFINED_CURVE_FONT('continuous');
#7413 = STYLED_ITEM('color',(#7414),#3736);
#7414 = PRESENTATION_STYLE_ASSIGNMENT((#7415,#7420));
#7415 = SURFACE_STYLE_USAGE(.BOTH.,#7416);
#7416 = SURFACE_SIDE_STYLE('',(#7417));
#7417 = SURFACE_STYLE_FILL_AREA(#7418);
#7418 = FILL_AREA_STYLE('',(#7419));
#7419 = FILL_AREA_STYLE_COLOUR('',#7320);
#7420 = CURVE_STYLE('',#7421,POSITIVE_LENGTH_MEASURE(0.1),#7320);
#7421 = DRAUGHTING_PRE_DEFINED_CURVE_FONT('continuous');
#7422 = STYLED_ITEM('color',(#7423),#3824);
#7423 = PRESENTATION_STYLE_ASSIGNMENT((#7424,#7429));
#7424 = SURFACE_STYLE_USAGE(.BOTH.,#7425);
#7425 = SURFACE_SIDE_STYLE('',(#7426));
#7426 = SURFACE_STYLE_FILL_AREA(#7427);
#7427 = FILL_AREA_STYLE('',(#7428));
#7428 = FILL_AREA_STYLE_COLOUR('',#7320);
#7429 = CURVE_STYLE('',#7430,POSITIVE_LENGTH_MEASURE(0.1),#7320);
#7430 = DRAUGHTING_PRE_DEFINED_CURVE_FONT('continuous');
#7431 = STYLED_ITEM('color',(#7432),#3840);
#7432 = PRESENTATION_STYLE_ASSIGNMENT((#7433,#7438));
#7433 = SURFACE_STYLE_USAGE(.BOTH.,#7434);
#7434 = SURFACE_SIDE_STYLE('',(#7435));
#7435 = SURFACE_STYLE_FILL_AREA(#7436);
#7436 = FILL_AREA_STYLE('',(#7437));
#7437 = FILL_AREA_STYLE_COLOUR('',#7320);
#7438 = CURVE_STYLE('',#7439,POSITIVE_LENGTH_MEASURE(0.1),#7320);
#7439 = DRAUGHTING_PRE_DEFINED_CURVE_FONT('continuous');
#7440 = STYLED_ITEM('color',(#7441),#3870);
#7441 = PRESENTATION_STYLE_ASSIGNMENT((#7442,#7447));
#7442 = SURFACE_STYLE_USAGE(.BOTH.,#7443);
#7443 = SURFACE_SIDE_STYLE('',(#7444));
#7444 = SURFACE_STYLE_FILL_AREA(#7445);
#7445 = FILL_AREA_STYLE('',(#7446));
#7446 = FILL_AREA_STYLE_COLOUR('',#7064);
#7447 = CURVE_STYLE('',#7448,POSITIVE_LENGTH_MEASURE(0.1),#7064);
#7448 = DRAUGHTING_PRE_DEFINED_CURVE_FONT('continuous');
#7449 = STYLED_ITEM('color',(#7450),#3901);
#7450 = PRESENTATION_STYLE_ASSIGNMENT((#7451,#7456));
#7451 = SURFACE_STYLE_USAGE(.BOTH.,#7452);
#7452 = SURFACE_SIDE_STYLE('',(#7453));
#7453 = SURFACE_STYLE_FILL_AREA(#7454);
#7454 = FILL_AREA_STYLE('',(#7455));
#7455 = FILL_AREA_STYLE_COLOUR('',#7320);
#7456 = CURVE_STYLE('',#7457,POSITIVE_LENGTH_MEASURE(0.1),#7320);
#7457 = DRAUGHTING_PRE_DEFINED_CURVE_FONT('continuous');
#7458 = STYLED_ITEM('color',(#7459),#3932);
#7459 = PRESENTATION_STYLE_ASSIGNMENT((#7460,#7465));
#7460 = SURFACE_STYLE_USAGE(.BOTH.,#7461);
#7461 = SURFACE_SIDE_STYLE('',(#7462));
#7462 = SURFACE_STYLE_FILL_AREA(#7463);
#7463 = FILL_AREA_STYLE('',(#7464));
#7464 = FILL_AREA_STYLE_COLOUR('',#7064);
#7465 = CURVE_STYLE('',#7466,POSITIVE_LENGTH_MEASURE(0.1),#7064);
#7466 = DRAUGHTING_PRE_DEFINED_CURVE_FONT('continuous');
#7467 = STYLED_ITEM('color',(#7468),#3963);
#7468 = PRESENTATION_STYLE_ASSIGNMENT((#7469,#7474));
#7469 = SURFACE_STYLE_USAGE(.BOTH.,#7470);
#7470 = SURFACE_SIDE_STYLE('',(#7471));
#7471 = SURFACE_STYLE_FILL_AREA(#7472);
#7472 = FILL_AREA_STYLE('',(#7473));
#7473 = FILL_AREA_STYLE_COLOUR('',#7320);
#7474 = CURVE_STYLE('',#7475,POSITIVE_LENGTH_MEASURE(0.1),#7320);
#7475 = DRAUGHTING_PRE_DEFINED_CURVE_FONT('continuous');
#7476 = STYLED_ITEM('color',(#7477),#3980);
#7477 = PRESENTATION_STYLE_ASSIGNMENT((#7478,#7483));
#7478 = SURFACE_STYLE_USAGE(.BOTH.,#7479);
#7479 = SURFACE_SIDE_STYLE('',(#7480));
#7480 = SURFACE_STYLE_FILL_AREA(#7481);
#7481 = FILL_AREA_STYLE('',(#7482));
#7482 = FILL_AREA_STYLE_COLOUR('',#7320);
#7483 = CURVE_STYLE('',#7484,POSITIVE_LENGTH_MEASURE(0.1),#7320);
#7484 = DRAUGHTING_PRE_DEFINED_CURVE_FONT('continuous');
#7485 = STYLED_ITEM('color',(#7486),#3997);
#7486 = PRESENTATION_STYLE_ASSIGNMENT((#7487,#7492));
#7487 = SURFACE_STYLE_USAGE(.BOTH.,#7488);
#7488 = SURFACE_SIDE_STYLE('',(#7489));
#7489 = SURFACE_STYLE_FILL_AREA(#7490);
#7490 = FILL_AREA_STYLE('',(#7491));
#7491 = FILL_AREA_STYLE_COLOUR('',#7064);
#7492 = CURVE_STYLE('',#7493,POSITIVE_LENGTH_MEASURE(0.1),#7064);
#7493 = DRAUGHTING_PRE_DEFINED_CURVE_FONT('continuous');
#7494 = STYLED_ITEM('color',(#7495),#4028);
#7495 = PRESENTATION_STYLE_ASSIGNMENT((#7496,#7501));
#7496 = SURFACE_STYLE_USAGE(.BOTH.,#7497);
#7497 = SURFACE_SIDE_STYLE('',(#7498));
#7498 = SURFACE_STYLE_FILL_AREA(#7499);
#7499 = FILL_AREA_STYLE('',(#7500));
#7500 = FILL_AREA_STYLE_COLOUR('',#7320);
#7501 = CURVE_STYLE('',#7502,POSITIVE_LENGTH_MEASURE(0.1),#7320);
#7502 = DRAUGHTING_PRE_DEFINED_CURVE_FONT('continuous');
#7503 = STYLED_ITEM('color',(#7504),#4058);
#7504 = PRESENTATION_STYLE_ASSIGNMENT((#7505,#7510));
#7505 = SURFACE_STYLE_USAGE(.BOTH.,#7506);
#7506 = SURFACE_SIDE_STYLE('',(#7507));
#7507 = SURFACE_STYLE_FILL_AREA(#7508);
#7508 = FILL_AREA_STYLE('',(#7509));
#7509 = FILL_AREA_STYLE_COLOUR('',#7320);
#7510 = CURVE_STYLE('',#7511,POSITIVE_LENGTH_MEASURE(0.1),#7320);
#7511 = DRAUGHTING_PRE_DEFINED_CURVE_FONT('continuous');
#7512 = STYLED_ITEM('color',(#7513),#4081);
#7513 = PRESENTATION_STYLE_ASSIGNMENT((#7514,#7519));
#7514 = SURFACE_STYLE_USAGE(.BOTH.,#7515);
#7515 = SURFACE_SIDE_STYLE('',(#7516));
#7516 = SURFACE_STYLE_FILL_AREA(#7517);
#7517 = FILL_AREA_STYLE('',(#7518));
#7518 = FILL_AREA_STYLE_COLOUR('',#7320);
#7519 = CURVE_STYLE('',#7520,POSITIVE_LENGTH_MEASURE(0.1),#7320);
#7520 = DRAUGHTING_PRE_DEFINED_CURVE_FONT('continuous');
#7521 = STYLED_ITEM('color',(#7522),#4104);
#7522 = PRESENTATION_STYLE_ASSIGNMENT((#7523,#7528));
#7523 = SURFACE_STYLE_USAGE(.BOTH.,#7524);
#7524 = SURFACE_SIDE_STYLE('',(#7525));
#7525 = SURFACE_STYLE_FILL_AREA(#7526);
#7526 = FILL_AREA_STYLE('',(#7527));
#7527 = FILL_AREA_STYLE_COLOUR('',#7320);
#7528 = CURVE_STYLE('',#7529,POSITIVE_LENGTH_MEASURE(0.1),#7320);
#7529 = DRAUGHTING_PRE_DEFINED_CURVE_FONT('continuous');
#7530 = STYLED_ITEM('color',(#7531),#4121);
#7531 = PRESENTATION_STYLE_ASSIGNMENT((#7532,#7537));
#7532 = SURFACE_STYLE_USAGE(.BOTH.,#7533);
#7533 = SURFACE_SIDE_STYLE('',(#7534));
#7534 = SURFACE_STYLE_FILL_AREA(#7535);
#7535 = FILL_AREA_STYLE('',(#7536));
#7536 = FILL_AREA_STYLE_COLOUR('',#7064);
#7537 = CURVE_STYLE('',#7538,POSITIVE_LENGTH_MEASURE(0.1),#7064);
#7538 = DRAUGHTING_PRE_DEFINED_CURVE_FONT('continuous');
#7539 = STYLED_ITEM('color',(#7540),#4166);
#7540 = PRESENTATION_STYLE_ASSIGNMENT((#7541,#7546));
#7541 = SURFACE_STYLE_USAGE(.BOTH.,#7542);
#7542 = SURFACE_SIDE_STYLE('',(#7543));
#7543 = SURFACE_STYLE_FILL_AREA(#7544);
#7544 = FILL_AREA_STYLE('',(#7545));
#7545 = FILL_AREA_STYLE_COLOUR('',#7320);
#7546 = CURVE_STYLE('',#7547,POSITIVE_LENGTH_MEASURE(0.1),#7320);
#7547 = DRAUGHTING_PRE_DEFINED_CURVE_FONT('continuous');
#7548 = STYLED_ITEM('color',(#7549),#4220);
#7549 = PRESENTATION_STYLE_ASSIGNMENT((#7550,#7555));
#7550 = SURFACE_STYLE_USAGE(.BOTH.,#7551);
#7551 = SURFACE_SIDE_STYLE('',(#7552));
#7552 = SURFACE_STYLE_FILL_AREA(#7553);
#7553 = FILL_AREA_STYLE('',(#7554));
#7554 = FILL_AREA_STYLE_COLOUR('',#7320);
#7555 = CURVE_STYLE('',#7556,POSITIVE_LENGTH_MEASURE(0.1),#7320);
#7556 = DRAUGHTING_PRE_DEFINED_CURVE_FONT('continuous');
#7557 = STYLED_ITEM('color',(#7558),#4243);
#7558 = PRESENTATION_STYLE_ASSIGNMENT((#7559,#7564));
#7559 = SURFACE_STYLE_USAGE(.BOTH.,#7560);
#7560 = SURFACE_SIDE_STYLE('',(#7561));
#7561 = SURFACE_STYLE_FILL_AREA(#7562);
#7562 = FILL_AREA_STYLE('',(#7563));
#7563 = FILL_AREA_STYLE_COLOUR('',#7320);
#7564 = CURVE_STYLE('',#7565,POSITIVE_LENGTH_MEASURE(0.1),#7320);
#7565 = DRAUGHTING_PRE_DEFINED_CURVE_FONT('continuous');
#7566 = STYLED_ITEM('color',(#7567),#4266);
#7567 = PRESENTATION_STYLE_ASSIGNMENT((#7568,#7573));
#7568 = SURFACE_STYLE_USAGE(.BOTH.,#7569);
#7569 = SURFACE_SIDE_STYLE('',(#7570));
#7570 = SURFACE_STYLE_FILL_AREA(#7571);
#7571 = FILL_AREA_STYLE('',(#7572));
#7572 = FILL_AREA_STYLE_COLOUR('',#7320);
#7573 = CURVE_STYLE('',#7574,POSITIVE_LENGTH_MEASURE(0.1),#7320);
#7574 = DRAUGHTING_PRE_DEFINED_CURVE_FONT('continuous');
#7575 = STYLED_ITEM('color',(#7576),#4289);
#7576 = PRESENTATION_STYLE_ASSIGNMENT((#7577,#7582));
#7577 = SURFACE_STYLE_USAGE(.BOTH.,#7578);
#7578 = SURFACE_SIDE_STYLE('',(#7579));
#7579 = SURFACE_STYLE_FILL_AREA(#7580);
#7580 = FILL_AREA_STYLE('',(#7581));
#7581 = FILL_AREA_STYLE_COLOUR('',#7320);
#7582 = CURVE_STYLE('',#7583,POSITIVE_LENGTH_MEASURE(0.1),#7320);
#7583 = DRAUGHTING_PRE_DEFINED_CURVE_FONT('continuous');
#7584 = STYLED_ITEM('color',(#7585),#4328);
#7585 = PRESENTATION_STYLE_ASSIGNMENT((#7586,#7591));
#7586 = SURFACE_STYLE_USAGE(.BOTH.,#7587);
#7587 = SURFACE_SIDE_STYLE('',(#7588));
#7588 = SURFACE_STYLE_FILL_AREA(#7589);
#7589 = FILL_AREA_STYLE('',(#7590));
#7590 = FILL_AREA_STYLE_COLOUR('',#7064);
#7591 = CURVE_STYLE('',#7592,POSITIVE_LENGTH_MEASURE(0.1),#7064);
#7592 = DRAUGHTING_PRE_DEFINED_CURVE_FONT('continuous');
#7593 = STYLED_ITEM('color',(#7594),#4366);
#7594 = PRESENTATION_STYLE_ASSIGNMENT((#7595,#7600));
#7595 = SURFACE_STYLE_USAGE(.BOTH.,#7596);
#7596 = SURFACE_SIDE_STYLE('',(#7597));
#7597 = SURFACE_STYLE_FILL_AREA(#7598);
#7598 = FILL_AREA_STYLE('',(#7599));
#7599 = FILL_AREA_STYLE_COLOUR('',#7320);
#7600 = CURVE_STYLE('',#7601,POSITIVE_LENGTH_MEASURE(0.1),#7320);
#7601 = DRAUGHTING_PRE_DEFINED_CURVE_FONT('continuous');
#7602 = STYLED_ITEM('color',(#7603),#4410);
#7603 = PRESENTATION_STYLE_ASSIGNMENT((#7604,#7609));
#7604 = SURFACE_STYLE_USAGE(.BOTH.,#7605);
#7605 = SURFACE_SIDE_STYLE('',(#7606));
#7606 = SURFACE_STYLE_FILL_AREA(#7607);
#7607 = FILL_AREA_STYLE('',(#7608));
#7608 = FILL_AREA_STYLE_COLOUR('',#7064);
#7609 = CURVE_STYLE('',#7610,POSITIVE_LENGTH_MEASURE(0.1),#7064);
#7610 = DRAUGHTING_PRE_DEFINED_CURVE_FONT('continuous');
#7611 = STYLED_ITEM('color',(#7612),#4502);
#7612 = PRESENTATION_STYLE_ASSIGNMENT((#7613,#7618));
#7613 = SURFACE_STYLE_USAGE(.BOTH.,#7614);
#7614 = SURFACE_SIDE_STYLE('',(#7615));
#7615 = SURFACE_STYLE_FILL_AREA(#7616);
#7616 = FILL_AREA_STYLE('',(#7617));
#7617 = FILL_AREA_STYLE_COLOUR('',#7064);
#7618 = CURVE_STYLE('',#7619,POSITIVE_LENGTH_MEASURE(0.1),#7064);
#7619 = DRAUGHTING_PRE_DEFINED_CURVE_FONT('continuous');
#7620 = STYLED_ITEM('color',(#7621),#4527);
#7621 = PRESENTATION_STYLE_ASSIGNMENT((#7622,#7627));
#7622 = SURFACE_STYLE_USAGE(.BOTH.,#7623);
#7623 = SURFACE_SIDE_STYLE('',(#7624));
#7624 = SURFACE_STYLE_FILL_AREA(#7625);
#7625 = FILL_AREA_STYLE('',(#7626));
#7626 = FILL_AREA_STYLE_COLOUR('',#7064);
#7627 = CURVE_STYLE('',#7628,POSITIVE_LENGTH_MEASURE(0.1),#7064);
#7628 = DRAUGHTING_PRE_DEFINED_CURVE_FONT('continuous');
#7629 = STYLED_ITEM('color',(#7630),#4611);
#7630 = PRESENTATION_STYLE_ASSIGNMENT((#7631,#7636));
#7631 = SURFACE_STYLE_USAGE(.BOTH.,#7632);
#7632 = SURFACE_SIDE_STYLE('',(#7633));
#7633 = SURFACE_STYLE_FILL_AREA(#7634);
#7634 = FILL_AREA_STYLE('',(#7635));
#7635 = FILL_AREA_STYLE_COLOUR('',#7320);
#7636 = CURVE_STYLE('',#7637,POSITIVE_LENGTH_MEASURE(0.1),#7320);
#7637 = DRAUGHTING_PRE_DEFINED_CURVE_FONT('continuous');
#7638 = STYLED_ITEM('color',(#7639),#4628);
#7639 = PRESENTATION_STYLE_ASSIGNMENT((#7640,#7645));
#7640 = SURFACE_STYLE_USAGE(.BOTH.,#7641);
#7641 = SURFACE_SIDE_STYLE('',(#7642));
#7642 = SURFACE_STYLE_FILL_AREA(#7643);
#7643 = FILL_AREA_STYLE('',(#7644));
#7644 = FILL_AREA_STYLE_COLOUR('',#7064);
#7645 = CURVE_STYLE('',#7646,POSITIVE_LENGTH_MEASURE(0.1),#7064);
#7646 = DRAUGHTING_PRE_DEFINED_CURVE_FONT('continuous');
#7647 = STYLED_ITEM('color',(#7648),#4713);
#7648 = PRESENTATION_STYLE_ASSIGNMENT((#7649,#7654));
#7649 = SURFACE_STYLE_USAGE(.BOTH.,#7650);
#7650 = SURFACE_SIDE_STYLE('',(#7651));
#7651 = SURFACE_STYLE_FILL_AREA(#7652);
#7652 = FILL_AREA_STYLE('',(#7653));
#7653 = FILL_AREA_STYLE_COLOUR('',#7064);
#7654 = CURVE_STYLE('',#7655,POSITIVE_LENGTH_MEASURE(0.1),#7064);
#7655 = DRAUGHTING_PRE_DEFINED_CURVE_FONT('continuous');
#7656 = STYLED_ITEM('color',(#7657),#4738);
#7657 = PRESENTATION_STYLE_ASSIGNMENT((#7658,#7663));
#7658 = SURFACE_STYLE_USAGE(.BOTH.,#7659);
#7659 = SURFACE_SIDE_STYLE('',(#7660));
#7660 = SURFACE_STYLE_FILL_AREA(#7661);
#7661 = FILL_AREA_STYLE('',(#7662));
#7662 = FILL_AREA_STYLE_COLOUR('',#7064);
#7663 = CURVE_STYLE('',#7664,POSITIVE_LENGTH_MEASURE(0.1),#7064);
#7664 = DRAUGHTING_PRE_DEFINED_CURVE_FONT('continuous');
#7665 = STYLED_ITEM('color',(#7666),#4815);
#7666 = PRESENTATION_STYLE_ASSIGNMENT((#7667,#7672));
#7667 = SURFACE_STYLE_USAGE(.BOTH.,#7668);
#7668 = SURFACE_SIDE_STYLE('',(#7669));
#7669 = SURFACE_STYLE_FILL_AREA(#7670);
#7670 = FILL_AREA_STYLE('',(#7671));
#7671 = FILL_AREA_STYLE_COLOUR('',#7064);
#7672 = CURVE_STYLE('',#7673,POSITIVE_LENGTH_MEASURE(0.1),#7064);
#7673 = DRAUGHTING_PRE_DEFINED_CURVE_FONT('continuous');
#7674 = STYLED_ITEM('color',(#7675),#4900);
#7675 = PRESENTATION_STYLE_ASSIGNMENT((#7676,#7681));
#7676 = SURFACE_STYLE_USAGE(.BOTH.,#7677);
#7677 = SURFACE_SIDE_STYLE('',(#7678));
#7678 = SURFACE_STYLE_FILL_AREA(#7679);
#7679 = FILL_AREA_STYLE('',(#7680));
#7680 = FILL_AREA_STYLE_COLOUR('',#7064);
#7681 = CURVE_STYLE('',#7682,POSITIVE_LENGTH_MEASURE(0.1),#7064);
#7682 = DRAUGHTING_PRE_DEFINED_CURVE_FONT('continuous');
#7683 = STYLED_ITEM('color',(#7684),#4925);
#7684 = PRESENTATION_STYLE_ASSIGNMENT((#7685,#7690));
#7685 = SURFACE_STYLE_USAGE(.BOTH.,#7686);
#7686 = SURFACE_SIDE_STYLE('',(#7687));
#7687 = SURFACE_STYLE_FILL_AREA(#7688);
#7688 = FILL_AREA_STYLE('',(#7689));
#7689 = FILL_AREA_STYLE_COLOUR('',#7064);
#7690 = CURVE_STYLE('',#7691,POSITIVE_LENGTH_MEASURE(0.1),#7064);
#7691 = DRAUGHTING_PRE_DEFINED_CURVE_FONT('continuous');
#7692 = STYLED_ITEM('color',(#7693),#5002);
#7693 = PRESENTATION_STYLE_ASSIGNMENT((#7694,#7699));
#7694 = SURFACE_STYLE_USAGE(.BOTH.,#7695);
#7695 = SURFACE_SIDE_STYLE('',(#7696));
#7696 = SURFACE_STYLE_FILL_AREA(#7697);
#7697 = FILL_AREA_STYLE('',(#7698));
#7698 = FILL_AREA_STYLE_COLOUR('',#7064);
#7699 = CURVE_STYLE('',#7700,POSITIVE_LENGTH_MEASURE(0.1),#7064);
#7700 = DRAUGHTING_PRE_DEFINED_CURVE_FONT('continuous');
#7701 = STYLED_ITEM('color',(#7702),#5019);
#7702 = PRESENTATION_STYLE_ASSIGNMENT((#7703,#7708));
#7703 = SURFACE_STYLE_USAGE(.BOTH.,#7704);
#7704 = SURFACE_SIDE_STYLE('',(#7705));
#7705 = SURFACE_STYLE_FILL_AREA(#7706);
#7706 = FILL_AREA_STYLE('',(#7707));
#7707 = FILL_AREA_STYLE_COLOUR('',#7064);
#7708 = CURVE_STYLE('',#7709,POSITIVE_LENGTH_MEASURE(0.1),#7064);
#7709 = DRAUGHTING_PRE_DEFINED_CURVE_FONT('continuous');
#7710 = STYLED_ITEM('color',(#7711),#5038);
#7711 = PRESENTATION_STYLE_ASSIGNMENT((#7712,#7717));
#7712 = SURFACE_STYLE_USAGE(.BOTH.,#7713);
#7713 = SURFACE_SIDE_STYLE('',(#7714));
#7714 = SURFACE_STYLE_FILL_AREA(#7715);
#7715 = FILL_AREA_STYLE('',(#7716));
#7716 = FILL_AREA_STYLE_COLOUR('',#7320);
#7717 = CURVE_STYLE('',#7718,POSITIVE_LENGTH_MEASURE(0.1),#7320);
#7718 = DRAUGHTING_PRE_DEFINED_CURVE_FONT('continuous');
#7719 = STYLED_ITEM('color',(#7720),#5084);
#7720 = PRESENTATION_STYLE_ASSIGNMENT((#7721,#7726));
#7721 = SURFACE_STYLE_USAGE(.BOTH.,#7722);
#7722 = SURFACE_SIDE_STYLE('',(#7723));
#7723 = SURFACE_STYLE_FILL_AREA(#7724);
#7724 = FILL_AREA_STYLE('',(#7725));
#7725 = FILL_AREA_STYLE_COLOUR('',#7320);
#7726 = CURVE_STYLE('',#7727,POSITIVE_LENGTH_MEASURE(0.1),#7320);
#7727 = DRAUGHTING_PRE_DEFINED_CURVE_FONT('continuous');
#7728 = STYLED_ITEM('color',(#7729),#5100);
#7729 = PRESENTATION_STYLE_ASSIGNMENT((#7730,#7735));
#7730 = SURFACE_STYLE_USAGE(.BOTH.,#7731);
#7731 = SURFACE_SIDE_STYLE('',(#7732));
#7732 = SURFACE_STYLE_FILL_AREA(#7733);
#7733 = FILL_AREA_STYLE('',(#7734));
#7734 = FILL_AREA_STYLE_COLOUR('',#7320);
#7735 = CURVE_STYLE('',#7736,POSITIVE_LENGTH_MEASURE(0.1),#7320);
#7736 = DRAUGHTING_PRE_DEFINED_CURVE_FONT('continuous');
#7737 = STYLED_ITEM('color',(#7738),#5116);
#7738 = PRESENTATION_STYLE_ASSIGNMENT((#7739,#7744));
#7739 = SURFACE_STYLE_USAGE(.BOTH.,#7740);
#7740 = SURFACE_SIDE_STYLE('',(#7741));
#7741 = SURFACE_STYLE_FILL_AREA(#7742);
#7742 = FILL_AREA_STYLE('',(#7743));
#7743 = FILL_AREA_STYLE_COLOUR('',#7064);
#7744 = CURVE_STYLE('',#7745,POSITIVE_LENGTH_MEASURE(0.1),#7064);
#7745 = DRAUGHTING_PRE_DEFINED_CURVE_FONT('continuous');
#7746 = STYLED_ITEM('color',(#7747),#5133);
#7747 = PRESENTATION_STYLE_ASSIGNMENT((#7748,#7753));
#7748 = SURFACE_STYLE_USAGE(.BOTH.,#7749);
#7749 = SURFACE_SIDE_STYLE('',(#7750));
#7750 = SURFACE_STYLE_FILL_AREA(#7751);
#7751 = FILL_AREA_STYLE('',(#7752));
#7752 = FILL_AREA_STYLE_COLOUR('',#7320);
#7753 = CURVE_STYLE('',#7754,POSITIVE_LENGTH_MEASURE(0.1),#7320);
#7754 = DRAUGHTING_PRE_DEFINED_CURVE_FONT('continuous');
#7755 = STYLED_ITEM('color',(#7756),#5145);
#7756 = PRESENTATION_STYLE_ASSIGNMENT((#7757,#7762));
#7757 = SURFACE_STYLE_USAGE(.BOTH.,#7758);
#7758 = SURFACE_SIDE_STYLE('',(#7759));
#7759 = SURFACE_STYLE_FILL_AREA(#7760);
#7760 = FILL_AREA_STYLE('',(#7761));
#7761 = FILL_AREA_STYLE_COLOUR('',#7064);
#7762 = CURVE_STYLE('',#7763,POSITIVE_LENGTH_MEASURE(0.1),#7064);
#7763 = DRAUGHTING_PRE_DEFINED_CURVE_FONT('continuous');
#7764 = STYLED_ITEM('color',(#7765),#5162);
#7765 = PRESENTATION_STYLE_ASSIGNMENT((#7766,#7771));
#7766 = SURFACE_STYLE_USAGE(.BOTH.,#7767);
#7767 = SURFACE_SIDE_STYLE('',(#7768));
#7768 = SURFACE_STYLE_FILL_AREA(#7769);
#7769 = FILL_AREA_STYLE('',(#7770));
#7770 = FILL_AREA_STYLE_COLOUR('',#7064);
#7771 = CURVE_STYLE('',#7772,POSITIVE_LENGTH_MEASURE(0.1),#7064);
#7772 = DRAUGHTING_PRE_DEFINED_CURVE_FONT('continuous');
#7773 = STYLED_ITEM('color',(#7774),#5179);
#7774 = PRESENTATION_STYLE_ASSIGNMENT((#7775,#7780));
#7775 = SURFACE_STYLE_USAGE(.BOTH.,#7776);
#7776 = SURFACE_SIDE_STYLE('',(#7777));
#7777 = SURFACE_STYLE_FILL_AREA(#7778);
#7778 = FILL_AREA_STYLE('',(#7779));
#7779 = FILL_AREA_STYLE_COLOUR('',#7064);
#7780 = CURVE_STYLE('',#7781,POSITIVE_LENGTH_MEASURE(0.1),#7064);
#7781 = DRAUGHTING_PRE_DEFINED_CURVE_FONT('continuous');
#7782 = STYLED_ITEM('color',(#7783),#5196);
#7783 = PRESENTATION_STYLE_ASSIGNMENT((#7784,#7789));
#7784 = SURFACE_STYLE_USAGE(.BOTH.,#7785);
#7785 = SURFACE_SIDE_STYLE('',(#7786));
#7786 = SURFACE_STYLE_FILL_AREA(#7787);
#7787 = FILL_AREA_STYLE('',(#7788));
#7788 = FILL_AREA_STYLE_COLOUR('',#7064);
#7789 = CURVE_STYLE('',#7790,POSITIVE_LENGTH_MEASURE(0.1),#7064);
#7790 = DRAUGHTING_PRE_DEFINED_CURVE_FONT('continuous');
#7791 = STYLED_ITEM('color',(#7792),#5213);
#7792 = PRESENTATION_STYLE_ASSIGNMENT((#7793,#7798));
#7793 = SURFACE_STYLE_USAGE(.BOTH.,#7794);
#7794 = SURFACE_SIDE_STYLE('',(#7795));
#7795 = SURFACE_STYLE_FILL_AREA(#7796);
#7796 = FILL_AREA_STYLE('',(#7797));
#7797 = FILL_AREA_STYLE_COLOUR('',#7064);
#7798 = CURVE_STYLE('',#7799,POSITIVE_LENGTH_MEASURE(0.1),#7064);
#7799 = DRAUGHTING_PRE_DEFINED_CURVE_FONT('continuous');
#7800 = STYLED_ITEM('color',(#7801),#5230);
#7801 = PRESENTATION_STYLE_ASSIGNMENT((#7802,#7807));
#7802 = SURFACE_STYLE_USAGE(.BOTH.,#7803);
#7803 = SURFACE_SIDE_STYLE('',(#7804));
#7804 = SURFACE_STYLE_FILL_AREA(#7805);
#7805 = FILL_AREA_STYLE('',(#7806));
#7806 = FILL_AREA_STYLE_COLOUR('',#7064);
#7807 = CURVE_STYLE('',#7808,POSITIVE_LENGTH_MEASURE(0.1),#7064);
#7808 = DRAUGHTING_PRE_DEFINED_CURVE_FONT('continuous');
#7809 = STYLED_ITEM('color',(#7810),#5247);
#7810 = PRESENTATION_STYLE_ASSIGNMENT((#7811,#7816));
#7811 = SURFACE_STYLE_USAGE(.BOTH.,#7812);
#7812 = SURFACE_SIDE_STYLE('',(#7813));
#7813 = SURFACE_STYLE_FILL_AREA(#7814);
#7814 = FILL_AREA_STYLE('',(#7815));
#7815 = FILL_AREA_STYLE_COLOUR('',#7064);
#7816 = CURVE_STYLE('',#7817,POSITIVE_LENGTH_MEASURE(0.1),#7064);
#7817 = DRAUGHTING_PRE_DEFINED_CURVE_FONT('continuous');
#7818 = STYLED_ITEM('color',(#7819),#5264);
#7819 = PRESENTATION_STYLE_ASSIGNMENT((#7820,#7825));
#7820 = SURFACE_STYLE_USAGE(.BOTH.,#7821);
#7821 = SURFACE_SIDE_STYLE('',(#7822));
#7822 = SURFACE_STYLE_FILL_AREA(#7823);
#7823 = FILL_AREA_STYLE('',(#7824));
#7824 = FILL_AREA_STYLE_COLOUR('',#7064);
#7825 = CURVE_STYLE('',#7826,POSITIVE_LENGTH_MEASURE(0.1),#7064);
#7826 = DRAUGHTING_PRE_DEFINED_CURVE_FONT('continuous');
#7827 = STYLED_ITEM('color',(#7828),#5276);
#7828 = PRESENTATION_STYLE_ASSIGNMENT((#7829,#7834));
#7829 = SURFACE_STYLE_USAGE(.BOTH.,#7830);
#7830 = SURFACE_SIDE_STYLE('',(#7831));
#7831 = SURFACE_STYLE_FILL_AREA(#7832);
#7832 = FILL_AREA_STYLE('',(#7833));
#7833 = FILL_AREA_STYLE_COLOUR('',#7064);
#7834 = CURVE_STYLE('',#7835,POSITIVE_LENGTH_MEASURE(0.1),#7064);
#7835 = DRAUGHTING_PRE_DEFINED_CURVE_FONT('continuous');
#7836 = STYLED_ITEM('color',(#7837),#5293);
#7837 = PRESENTATION_STYLE_ASSIGNMENT((#7838,#7843));
#7838 = SURFACE_STYLE_USAGE(.BOTH.,#7839);
#7839 = SURFACE_SIDE_STYLE('',(#7840));
#7840 = SURFACE_STYLE_FILL_AREA(#7841);
#7841 = FILL_AREA_STYLE('',(#7842));
#7842 = FILL_AREA_STYLE_COLOUR('',#7064);
#7843 = CURVE_STYLE('',#7844,POSITIVE_LENGTH_MEASURE(0.1),#7064);
#7844 = DRAUGHTING_PRE_DEFINED_CURVE_FONT('continuous');
#7845 = STYLED_ITEM('color',(#7846),#5310);
#7846 = PRESENTATION_STYLE_ASSIGNMENT((#7847,#7852));
#7847 = SURFACE_STYLE_USAGE(.BOTH.,#7848);
#7848 = SURFACE_SIDE_STYLE('',(#7849));
#7849 = SURFACE_STYLE_FILL_AREA(#7850);
#7850 = FILL_AREA_STYLE('',(#7851));
#7851 = FILL_AREA_STYLE_COLOUR('',#7064);
#7852 = CURVE_STYLE('',#7853,POSITIVE_LENGTH_MEASURE(0.1),#7064);
#7853 = DRAUGHTING_PRE_DEFINED_CURVE_FONT('continuous');
#7854 = STYLED_ITEM('color',(#7855),#5327);
#7855 = PRESENTATION_STYLE_ASSIGNMENT((#7856,#7861));
#7856 = SURFACE_STYLE_USAGE(.BOTH.,#7857);
#7857 = SURFACE_SIDE_STYLE('',(#7858));
#7858 = SURFACE_STYLE_FILL_AREA(#7859);
#7859 = FILL_AREA_STYLE('',(#7860));
#7860 = FILL_AREA_STYLE_COLOUR('',#7064);
#7861 = CURVE_STYLE('',#7862,POSITIVE_LENGTH_MEASURE(0.1),#7064);
#7862 = DRAUGHTING_PRE_DEFINED_CURVE_FONT('continuous');
#7863 = STYLED_ITEM('color',(#7864),#5344);
#7864 = PRESENTATION_STYLE_ASSIGNMENT((#7865,#7870));
#7865 = SURFACE_STYLE_USAGE(.BOTH.,#7866);
#7866 = SURFACE_SIDE_STYLE('',(#7867));
#7867 = SURFACE_STYLE_FILL_AREA(#7868);
#7868 = FILL_AREA_STYLE('',(#7869));
#7869 = FILL_AREA_STYLE_COLOUR('',#7064);
#7870 = CURVE_STYLE('',#7871,POSITIVE_LENGTH_MEASURE(0.1),#7064);
#7871 = DRAUGHTING_PRE_DEFINED_CURVE_FONT('continuous');
#7872 = STYLED_ITEM('color',(#7873),#5361);
#7873 = PRESENTATION_STYLE_ASSIGNMENT((#7874,#7879));
#7874 = SURFACE_STYLE_USAGE(.BOTH.,#7875);
#7875 = SURFACE_SIDE_STYLE('',(#7876));
#7876 = SURFACE_STYLE_FILL_AREA(#7877);
#7877 = FILL_AREA_STYLE('',(#7878));
#7878 = FILL_AREA_STYLE_COLOUR('',#7064);
#7879 = CURVE_STYLE('',#7880,POSITIVE_LENGTH_MEASURE(0.1),#7064);
#7880 = DRAUGHTING_PRE_DEFINED_CURVE_FONT('continuous');
#7881 = STYLED_ITEM('color',(#7882),#5378);
#7882 = PRESENTATION_STYLE_ASSIGNMENT((#7883,#7888));
#7883 = SURFACE_STYLE_USAGE(.BOTH.,#7884);
#7884 = SURFACE_SIDE_STYLE('',(#7885));
#7885 = SURFACE_STYLE_FILL_AREA(#7886);
#7886 = FILL_AREA_STYLE('',(#7887));
#7887 = FILL_AREA_STYLE_COLOUR('',#7064);
#7888 = CURVE_STYLE('',#7889,POSITIVE_LENGTH_MEASURE(0.1),#7064);
#7889 = DRAUGHTING_PRE_DEFINED_CURVE_FONT('continuous');
#7890 = STYLED_ITEM('color',(#7891),#5390);
#7891 = PRESENTATION_STYLE_ASSIGNMENT((#7892,#7897));
#7892 = SURFACE_STYLE_USAGE(.BOTH.,#7893);
#7893 = SURFACE_SIDE_STYLE('',(#7894));
#7894 = SURFACE_STYLE_FILL_AREA(#7895);
#7895 = FILL_AREA_STYLE('',(#7896));
#7896 = FILL_AREA_STYLE_COLOUR('',#7064);
#7897 = CURVE_STYLE('',#7898,POSITIVE_LENGTH_MEASURE(0.1),#7064);
#7898 = DRAUGHTING_PRE_DEFINED_CURVE_FONT('continuous');
#7899 = STYLED_ITEM('color',(#7900),#5407);
#7900 = PRESENTATION_STYLE_ASSIGNMENT((#7901,#7906));
#7901 = SURFACE_STYLE_USAGE(.BOTH.,#7902);
#7902 = SURFACE_SIDE_STYLE('',(#7903));
#7903 = SURFACE_STYLE_FILL_AREA(#7904);
#7904 = FILL_AREA_STYLE('',(#7905));
#7905 = FILL_AREA_STYLE_COLOUR('',#7064);
#7906 = CURVE_STYLE('',#7907,POSITIVE_LENGTH_MEASURE(0.1),#7064);
#7907 = DRAUGHTING_PRE_DEFINED_CURVE_FONT('continuous');
#7908 = STYLED_ITEM('color',(#7909),#5424);
#7909 = PRESENTATION_STYLE_ASSIGNMENT((#7910,#7915));
#7910 = SURFACE_STYLE_USAGE(.BOTH.,#7911);
#7911 = SURFACE_SIDE_STYLE('',(#7912));
#7912 = SURFACE_STYLE_FILL_AREA(#7913);
#7913 = FILL_AREA_STYLE('',(#7914));
#7914 = FILL_AREA_STYLE_COLOUR('',#7064);
#7915 = CURVE_STYLE('',#7916,POSITIVE_LENGTH_MEASURE(0.1),#7064);
#7916 = DRAUGHTING_PRE_DEFINED_CURVE_FONT('continuous');
#7917 = STYLED_ITEM('color',(#7918),#5441);
#7918 = PRESENTATION_STYLE_ASSIGNMENT((#7919,#7924));
#7919 = SURFACE_STYLE_USAGE(.BOTH.,#7920);
#7920 = SURFACE_SIDE_STYLE('',(#7921));
#7921 = SURFACE_STYLE_FILL_AREA(#7922);
#7922 = FILL_AREA_STYLE('',(#7923));
#7923 = FILL_AREA_STYLE_COLOUR('',#7064);
#7924 = CURVE_STYLE('',#7925,POSITIVE_LENGTH_MEASURE(0.1),#7064);
#7925 = DRAUGHTING_PRE_DEFINED_CURVE_FONT('continuous');
#7926 = STYLED_ITEM('color',(#7927),#5458);
#7927 = PRESENTATION_STYLE_ASSIGNMENT((#7928,#7933));
#7928 = SURFACE_STYLE_USAGE(.BOTH.,#7929);
#7929 = SURFACE_SIDE_STYLE('',(#7930));
#7930 = SURFACE_STYLE_FILL_AREA(#7931);
#7931 = FILL_AREA_STYLE('',(#7932));
#7932 = FILL_AREA_STYLE_COLOUR('',#7064);
#7933 = CURVE_STYLE('',#7934,POSITIVE_LENGTH_MEASURE(0.1),#7064);
#7934 = DRAUGHTING_PRE_DEFINED_CURVE_FONT('continuous');
#7935 = STYLED_ITEM('color',(#7936),#5475);
#7936 = PRESENTATION_STYLE_ASSIGNMENT((#7937,#7942));
#7937 = SURFACE_STYLE_USAGE(.BOTH.,#7938);
#7938 = SURFACE_SIDE_STYLE('',(#7939));
#7939 = SURFACE_STYLE_FILL_AREA(#7940);
#7940 = FILL_AREA_STYLE('',(#7941));
#7941 = FILL_AREA_STYLE_COLOUR('',#7064);
#7942 = CURVE_STYLE('',#7943,POSITIVE_LENGTH_MEASURE(0.1),#7064);
#7943 = DRAUGHTING_PRE_DEFINED_CURVE_FONT('continuous');
#7944 = STYLED_ITEM('color',(#7945),#5492);
#7945 = PRESENTATION_STYLE_ASSIGNMENT((#7946,#7951));
#7946 = SURFACE_STYLE_USAGE(.BOTH.,#7947);
#7947 = SURFACE_SIDE_STYLE('',(#7948));
#7948 = SURFACE_STYLE_FILL_AREA(#7949);
#7949 = FILL_AREA_STYLE('',(#7950));
#7950 = FILL_AREA_STYLE_COLOUR('',#7064);
#7951 = CURVE_STYLE('',#7952,POSITIVE_LENGTH_MEASURE(0.1),#7064);
#7952 = DRAUGHTING_PRE_DEFINED_CURVE_FONT('continuous');
#7953 = STYLED_ITEM('color',(#7954),#5504);
#7954 = PRESENTATION_STYLE_ASSIGNMENT((#7955,#7961));
#7955 = SURFACE_STYLE_USAGE(.BOTH.,#7956);
#7956 = SURFACE_SIDE_STYLE('',(#7957));
#7957 = SURFACE_STYLE_FILL_AREA(#7958);
#7958 = FILL_AREA_STYLE('',(#7959));
#7959 = FILL_AREA_STYLE_COLOUR('',#7960);
#7960 = COLOUR_RGB('',0.690999998585,0.664000007176,0.597999987832);
#7961 = CURVE_STYLE('',#7962,POSITIVE_LENGTH_MEASURE(0.1),#7960);
#7962 = DRAUGHTING_PRE_DEFINED_CURVE_FONT('continuous');
#7963 = MECHANICAL_DESIGN_GEOMETRIC_PRESENTATION_REPRESENTATION('',(
    #7964,#7971,#7978,#7985,#7992,#7999,#8006,#8013,#8020,#8027,#8034,
    #8041,#8048,#8055,#8062,#8069,#8076,#8083,#8090,#8097,#8104,#8111,
    #8118,#8125,#8132,#8139,#8146,#8153,#8160,#8167,#8174,#8182,#8189,
    #8196,#8203,#8210,#8217,#8224,#8231,#8238,#8245),#2980);
#7964 = STYLED_ITEM('color',(#7965),#1774);
#7965 = PRESENTATION_STYLE_ASSIGNMENT((#7966));
#7966 = SURFACE_STYLE_USAGE(.BOTH.,#7967);
#7967 = SURFACE_SIDE_STYLE('',(#7968));
#7968 = SURFACE_STYLE_FILL_AREA(#7969);
#7969 = FILL_AREA_STYLE('',(#7970));
#7970 = FILL_AREA_STYLE_COLOUR('',#7064);
#7971 = STYLED_ITEM('color',(#7972),#1814);
#7972 = PRESENTATION_STYLE_ASSIGNMENT((#7973));
#7973 = SURFACE_STYLE_USAGE(.BOTH.,#7974);
#7974 = SURFACE_SIDE_STYLE('',(#7975));
#7975 = SURFACE_STYLE_FILL_AREA(#7976);
#7976 = FILL_AREA_STYLE('',(#7977));
#7977 = FILL_AREA_STYLE_COLOUR('',#7064);
#7978 = STYLED_ITEM('color',(#7979),#1897);
#7979 = PRESENTATION_STYLE_ASSIGNMENT((#7980));
#7980 = SURFACE_STYLE_USAGE(.BOTH.,#7981);
#7981 = SURFACE_SIDE_STYLE('',(#7982));
#7982 = SURFACE_STYLE_FILL_AREA(#7983);
#7983 = FILL_AREA_STYLE('',(#7984));
#7984 = FILL_AREA_STYLE_COLOUR('',#7064);
#7985 = STYLED_ITEM('color',(#7986),#1922);
#7986 = PRESENTATION_STYLE_ASSIGNMENT((#7987));
#7987 = SURFACE_STYLE_USAGE(.BOTH.,#7988);
#7988 = SURFACE_SIDE_STYLE('',(#7989));
#7989 = SURFACE_STYLE_FILL_AREA(#7990);
#7990 = FILL_AREA_STYLE('',(#7991));
#7991 = FILL_AREA_STYLE_COLOUR('',#7064);
#7992 = STYLED_ITEM('color',(#7993),#1997);
#7993 = PRESENTATION_STYLE_ASSIGNMENT((#7994));
#7994 = SURFACE_STYLE_USAGE(.BOTH.,#7995);
#7995 = SURFACE_SIDE_STYLE('',(#7996));
#7996 = SURFACE_STYLE_FILL_AREA(#7997);
#7997 = FILL_AREA_STYLE('',(#7998));
#7998 = FILL_AREA_STYLE_COLOUR('',#7064);
#7999 = STYLED_ITEM('color',(#8000),#2014);
#8000 = PRESENTATION_STYLE_ASSIGNMENT((#8001));
#8001 = SURFACE_STYLE_USAGE(.BOTH.,#8002);
#8002 = SURFACE_SIDE_STYLE('',(#8003));
#8003 = SURFACE_STYLE_FILL_AREA(#8004);
#8004 = FILL_AREA_STYLE('',(#8005));
#8005 = FILL_AREA_STYLE_COLOUR('',#7064);
#8006 = STYLED_ITEM('color',(#8007),#2031);
#8007 = PRESENTATION_STYLE_ASSIGNMENT((#8008));
#8008 = SURFACE_STYLE_USAGE(.BOTH.,#8009);
#8009 = SURFACE_SIDE_STYLE('',(#8010));
#8010 = SURFACE_STYLE_FILL_AREA(#8011);
#8011 = FILL_AREA_STYLE('',(#8012));
#8012 = FILL_AREA_STYLE_COLOUR('',#7064);
#8013 = STYLED_ITEM('color',(#8014),#2048);
#8014 = PRESENTATION_STYLE_ASSIGNMENT((#8015));
#8015 = SURFACE_STYLE_USAGE(.BOTH.,#8016);
#8016 = SURFACE_SIDE_STYLE('',(#8017));
#8017 = SURFACE_STYLE_FILL_AREA(#8018);
#8018 = FILL_AREA_STYLE('',(#8019));
#8019 = FILL_AREA_STYLE_COLOUR('',#7064);
#8020 = STYLED_ITEM('color',(#8021),#2065);
#8021 = PRESENTATION_STYLE_ASSIGNMENT((#8022));
#8022 = SURFACE_STYLE_USAGE(.BOTH.,#8023);
#8023 = SURFACE_SIDE_STYLE('',(#8024));
#8024 = SURFACE_STYLE_FILL_AREA(#8025);
#8025 = FILL_AREA_STYLE('',(#8026));
#8026 = FILL_AREA_STYLE_COLOUR('',#7064);
#8027 = STYLED_ITEM('color',(#8028),#2082);
#8028 = PRESENTATION_STYLE_ASSIGNMENT((#8029));
#8029 = SURFACE_STYLE_USAGE(.BOTH.,#8030);
#8030 = SURFACE_SIDE_STYLE('',(#8031));
#8031 = SURFACE_STYLE_FILL_AREA(#8032);
#8032 = FILL_AREA_STYLE('',(#8033));
#8033 = FILL_AREA_STYLE_COLOUR('',#7064);
#8034 = STYLED_ITEM('color',(#8035),#2098);
#8035 = PRESENTATION_STYLE_ASSIGNMENT((#8036));
#8036 = SURFACE_STYLE_USAGE(.BOTH.,#8037);
#8037 = SURFACE_SIDE_STYLE('',(#8038));
#8038 = SURFACE_STYLE_FILL_AREA(#8039);
#8039 = FILL_AREA_STYLE('',(#8040));
#8040 = FILL_AREA_STYLE_COLOUR('',#7035);
#8041 = STYLED_ITEM('color',(#8042),#2145);
#8042 = PRESENTATION_STYLE_ASSIGNMENT((#8043));
#8043 = SURFACE_STYLE_USAGE(.BOTH.,#8044);
#8044 = SURFACE_SIDE_STYLE('',(#8045));
#8045 = SURFACE_STYLE_FILL_AREA(#8046);
#8046 = FILL_AREA_STYLE('',(#8047));
#8047 = FILL_AREA_STYLE_COLOUR('',#7035);
#8048 = STYLED_ITEM('color',(#8049),#2180);
#8049 = PRESENTATION_STYLE_ASSIGNMENT((#8050));
#8050 = SURFACE_STYLE_USAGE(.BOTH.,#8051);
#8051 = SURFACE_SIDE_STYLE('',(#8052));
#8052 = SURFACE_STYLE_FILL_AREA(#8053);
#8053 = FILL_AREA_STYLE('',(#8054));
#8054 = FILL_AREA_STYLE_COLOUR('',#7035);
#8055 = STYLED_ITEM('color',(#8056),#2219);
#8056 = PRESENTATION_STYLE_ASSIGNMENT((#8057));
#8057 = SURFACE_STYLE_USAGE(.BOTH.,#8058);
#8058 = SURFACE_SIDE_STYLE('',(#8059));
#8059 = SURFACE_STYLE_FILL_AREA(#8060);
#8060 = FILL_AREA_STYLE('',(#8061));
#8061 = FILL_AREA_STYLE_COLOUR('',#7035);
#8062 = STYLED_ITEM('color',(#8063),#2248);
#8063 = PRESENTATION_STYLE_ASSIGNMENT((#8064));
#8064 = SURFACE_STYLE_USAGE(.BOTH.,#8065);
#8065 = SURFACE_SIDE_STYLE('',(#8066));
#8066 = SURFACE_STYLE_FILL_AREA(#8067);
#8067 = FILL_AREA_STYLE('',(#8068));
#8068 = FILL_AREA_STYLE_COLOUR('',#7035);
#8069 = STYLED_ITEM('color',(#8070),#2287);
#8070 = PRESENTATION_STYLE_ASSIGNMENT((#8071));
#8071 = SURFACE_STYLE_USAGE(.BOTH.,#8072);
#8072 = SURFACE_SIDE_STYLE('',(#8073));
#8073 = SURFACE_STYLE_FILL_AREA(#8074);
#8074 = FILL_AREA_STYLE('',(#8075));
#8075 = FILL_AREA_STYLE_COLOUR('',#7035);
#8076 = STYLED_ITEM('color',(#8077),#2316);
#8077 = PRESENTATION_STYLE_ASSIGNMENT((#8078));
#8078 = SURFACE_STYLE_USAGE(.BOTH.,#8079);
#8079 = SURFACE_SIDE_STYLE('',(#8080));
#8080 = SURFACE_STYLE_FILL_AREA(#8081);
#8081 = FILL_AREA_STYLE('',(#8082));
#8082 = FILL_AREA_STYLE_COLOUR('',#7035);
#8083 = STYLED_ITEM('color',(#8084),#2370);
#8084 = PRESENTATION_STYLE_ASSIGNMENT((#8085));
#8085 = SURFACE_STYLE_USAGE(.BOTH.,#8086);
#8086 = SURFACE_SIDE_STYLE('',(#8087));
#8087 = SURFACE_STYLE_FILL_AREA(#8088);
#8088 = FILL_AREA_STYLE('',(#8089));
#8089 = FILL_AREA_STYLE_COLOUR('',#7035);
#8090 = STYLED_ITEM('color',(#8091),#2413);
#8091 = PRESENTATION_STYLE_ASSIGNMENT((#8092));
#8092 = SURFACE_STYLE_USAGE(.BOTH.,#8093);
#8093 = SURFACE_SIDE_STYLE('',(#8094));
#8094 = SURFACE_STYLE_FILL_AREA(#8095);
#8095 = FILL_AREA_STYLE('',(#8096));
#8096 = FILL_AREA_STYLE_COLOUR('',#7035);
#8097 = STYLED_ITEM('color',(#8098),#2436);
#8098 = PRESENTATION_STYLE_ASSIGNMENT((#8099));
#8099 = SURFACE_STYLE_USAGE(.BOTH.,#8100);
#8100 = SURFACE_SIDE_STYLE('',(#8101));
#8101 = SURFACE_STYLE_FILL_AREA(#8102);
#8102 = FILL_AREA_STYLE('',(#8103));
#8103 = FILL_AREA_STYLE_COLOUR('',#7035);
#8104 = STYLED_ITEM('color',(#8105),#2459);
#8105 = PRESENTATION_STYLE_ASSIGNMENT((#8106));
#8106 = SURFACE_STYLE_USAGE(.BOTH.,#8107);
#8107 = SURFACE_SIDE_STYLE('',(#8108));
#8108 = SURFACE_STYLE_FILL_AREA(#8109);
#8109 = FILL_AREA_STYLE('',(#8110));
#8110 = FILL_AREA_STYLE_COLOUR('',#7035);
#8111 = STYLED_ITEM('color',(#8112),#2482);
#8112 = PRESENTATION_STYLE_ASSIGNMENT((#8113));
#8113 = SURFACE_STYLE_USAGE(.BOTH.,#8114);
#8114 = SURFACE_SIDE_STYLE('',(#8115));
#8115 = SURFACE_STYLE_FILL_AREA(#8116);
#8116 = FILL_AREA_STYLE('',(#8117));
#8117 = FILL_AREA_STYLE_COLOUR('',#7035);
#8118 = STYLED_ITEM('color',(#8119),#2533);
#8119 = PRESENTATION_STYLE_ASSIGNMENT((#8120));
#8120 = SURFACE_STYLE_USAGE(.BOTH.,#8121);
#8121 = SURFACE_SIDE_STYLE('',(#8122));
#8122 = SURFACE_STYLE_FILL_AREA(#8123);
#8123 = FILL_AREA_STYLE('',(#8124));
#8124 = FILL_AREA_STYLE_COLOUR('',#7035);
#8125 = STYLED_ITEM('color',(#8126),#2556);
#8126 = PRESENTATION_STYLE_ASSIGNMENT((#8127));
#8127 = SURFACE_STYLE_USAGE(.BOTH.,#8128);
#8128 = SURFACE_SIDE_STYLE('',(#8129));
#8129 = SURFACE_STYLE_FILL_AREA(#8130);
#8130 = FILL_AREA_STYLE('',(#8131));
#8131 = FILL_AREA_STYLE_COLOUR('',#7035);
#8132 = STYLED_ITEM('color',(#8133),#2573);
#8133 = PRESENTATION_STYLE_ASSIGNMENT((#8134));
#8134 = SURFACE_STYLE_USAGE(.BOTH.,#8135);
#8135 = SURFACE_SIDE_STYLE('',(#8136));
#8136 = SURFACE_STYLE_FILL_AREA(#8137);
#8137 = FILL_AREA_STYLE('',(#8138));
#8138 = FILL_AREA_STYLE_COLOUR('',#7064);
#8139 = STYLED_ITEM('color',(#8140),#2647);
#8140 = PRESENTATION_STYLE_ASSIGNMENT((#8141));
#8141 = SURFACE_STYLE_USAGE(.BOTH.,#8142);
#8142 = SURFACE_SIDE_STYLE('',(#8143));
#8143 = SURFACE_STYLE_FILL_AREA(#8144);
#8144 = FILL_AREA_STYLE('',(#8145));
#8145 = FILL_AREA_STYLE_COLOUR('',#7064);
#8146 = STYLED_ITEM('color',(#8147),#2671);
#8147 = PRESENTATION_STYLE_ASSIGNMENT((#8148));
#8148 = SURFACE_STYLE_USAGE(.BOTH.,#8149);
#8149 = SURFACE_SIDE_STYLE('',(#8150));
#8150 = SURFACE_STYLE_FILL_AREA(#8151);
#8151 = FILL_AREA_STYLE('',(#8152));
#8152 = FILL_AREA_STYLE_COLOUR('',#7064);
#8153 = STYLED_ITEM('color',(#8154),#2738);
#8154 = PRESENTATION_STYLE_ASSIGNMENT((#8155));
#8155 = SURFACE_STYLE_USAGE(.BOTH.,#8156);
#8156 = SURFACE_SIDE_STYLE('',(#8157));
#8157 = SURFACE_STYLE_FILL_AREA(#8158);
#8158 = FILL_AREA_STYLE('',(#8159));
#8159 = FILL_AREA_STYLE_COLOUR('',#7035);
#8160 = STYLED_ITEM('color',(#8161),#2750);
#8161 = PRESENTATION_STYLE_ASSIGNMENT((#8162));
#8162 = SURFACE_STYLE_USAGE(.BOTH.,#8163);
#8163 = SURFACE_SIDE_STYLE('',(#8164));
#8164 = SURFACE_STYLE_FILL_AREA(#8165);
#8165 = FILL_AREA_STYLE('',(#8166));
#8166 = FILL_AREA_STYLE_COLOUR('',#7035);
#8167 = STYLED_ITEM('color',(#8168),#2762);
#8168 = PRESENTATION_STYLE_ASSIGNMENT((#8169));
#8169 = SURFACE_STYLE_USAGE(.BOTH.,#8170);
#8170 = SURFACE_SIDE_STYLE('',(#8171));
#8171 = SURFACE_STYLE_FILL_AREA(#8172);
#8172 = FILL_AREA_STYLE('',(#8173));
#8173 = FILL_AREA_STYLE_COLOUR('',#7064);
#8174 = STYLED_ITEM('color',(#8175),#2779);
#8175 = PRESENTATION_STYLE_ASSIGNMENT((#8176));
#8176 = SURFACE_STYLE_USAGE(.BOTH.,#8177);
#8177 = SURFACE_SIDE_STYLE('',(#8178));
#8178 = SURFACE_STYLE_FILL_AREA(#8179);
#8179 = FILL_AREA_STYLE('',(#8180));
#8180 = FILL_AREA_STYLE_COLOUR('',#8181);
#8181 = COLOUR_RGB('',0.690999977303,0.663999984767,0.597999987832);
#8182 = STYLED_ITEM('color',(#8183),#2808);
#8183 = PRESENTATION_STYLE_ASSIGNMENT((#8184));
#8184 = SURFACE_STYLE_USAGE(.BOTH.,#8185);
#8185 = SURFACE_SIDE_STYLE('',(#8186));
#8186 = SURFACE_STYLE_FILL_AREA(#8187);
#8187 = FILL_AREA_STYLE('',(#8188));
#8188 = FILL_AREA_STYLE_COLOUR('',#8181);
#8189 = STYLED_ITEM('color',(#8190),#2831);
#8190 = PRESENTATION_STYLE_ASSIGNMENT((#8191));
#8191 = SURFACE_STYLE_USAGE(.BOTH.,#8192);
#8192 = SURFACE_SIDE_STYLE('',(#8193));
#8193 = SURFACE_STYLE_FILL_AREA(#8194);
#8194 = FILL_AREA_STYLE('',(#8195));
#8195 = FILL_AREA_STYLE_COLOUR('',#8181);
#8196 = STYLED_ITEM('color',(#8197),#2854);
#8197 = PRESENTATION_STYLE_ASSIGNMENT((#8198));
#8198 = SURFACE_STYLE_USAGE(.BOTH.,#8199);
#8199 = SURFACE_SIDE_STYLE('',(#8200));
#8200 = SURFACE_STYLE_FILL_AREA(#8201);
#8201 = FILL_AREA_STYLE('',(#8202));
#8202 = FILL_AREA_STYLE_COLOUR('',#8181);
#8203 = STYLED_ITEM('color',(#8204),#2871);
#8204 = PRESENTATION_STYLE_ASSIGNMENT((#8205));
#8205 = SURFACE_STYLE_USAGE(.BOTH.,#8206);
#8206 = SURFACE_SIDE_STYLE('',(#8207));
#8207 = SURFACE_STYLE_FILL_AREA(#8208);
#8208 = FILL_AREA_STYLE('',(#8209));
#8209 = FILL_AREA_STYLE_COLOUR('',#7064);
#8210 = STYLED_ITEM('color',(#8211),#2893);
#8211 = PRESENTATION_STYLE_ASSIGNMENT((#8212));
#8212 = SURFACE_STYLE_USAGE(.BOTH.,#8213);
#8213 = SURFACE_SIDE_STYLE('',(#8214));
#8214 = SURFACE_STYLE_FILL_AREA(#8215);
#8215 = FILL_AREA_STYLE('',(#8216));
#8216 = FILL_AREA_STYLE_COLOUR('',#7064);
#8217 = STYLED_ITEM('color',(#8218),#2905);
#8218 = PRESENTATION_STYLE_ASSIGNMENT((#8219));
#8219 = SURFACE_STYLE_USAGE(.BOTH.,#8220);
#8220 = SURFACE_SIDE_STYLE('',(#8221));
#8221 = SURFACE_STYLE_FILL_AREA(#8222);
#8222 = FILL_AREA_STYLE('',(#8223));
#8223 = FILL_AREA_STYLE_COLOUR('',#7064);
#8224 = STYLED_ITEM('color',(#8225),#2922);
#8225 = PRESENTATION_STYLE_ASSIGNMENT((#8226));
#8226 = SURFACE_STYLE_USAGE(.BOTH.,#8227);
#8227 = SURFACE_SIDE_STYLE('',(#8228));
#8228 = SURFACE_STYLE_FILL_AREA(#8229);
#8229 = FILL_AREA_STYLE('',(#8230));
#8230 = FILL_AREA_STYLE_COLOUR('',#7064);
#8231 = STYLED_ITEM('color',(#8232),#2939);
#8232 = PRESENTATION_STYLE_ASSIGNMENT((#8233));
#8233 = SURFACE_STYLE_USAGE(.BOTH.,#8234);
#8234 = SURFACE_SIDE_STYLE('',(#8235));
#8235 = SURFACE_STYLE_FILL_AREA(#8236);
#8236 = FILL_AREA_STYLE('',(#8237));
#8237 = FILL_AREA_STYLE_COLOUR('',#7064);
#8238 = STYLED_ITEM('color',(#8239),#2956);
#8239 = PRESENTATION_STYLE_ASSIGNMENT((#8240));
#8240 = SURFACE_STYLE_USAGE(.BOTH.,#8241);
#8241 = SURFACE_SIDE_STYLE('',(#8242));
#8242 = SURFACE_STYLE_FILL_AREA(#8243);
#8243 = FILL_AREA_STYLE('',(#8244));
#8244 = FILL_AREA_STYLE_COLOUR('',#7064);
#8245 = STYLED_ITEM('color',(#8246),#2968);
#8246 = PRESENTATION_STYLE_ASSIGNMENT((#8247));
#8247 = SURFACE_STYLE_USAGE(.BOTH.,#8248);
#8248 = SURFACE_SIDE_STYLE('',(#8249));
#8249 = SURFACE_STYLE_FILL_AREA(#8250);
#8250 = FILL_AREA_STYLE('',(#8251));
#8251 = FILL_AREA_STYLE_COLOUR('',#8181);
#8252 = MECHANICAL_DESIGN_GEOMETRIC_PRESENTATION_REPRESENTATION('',(
    #8253),#6994);
#8253 = STYLED_ITEM('color',(#8254),#5542);
#8254 = PRESENTATION_STYLE_ASSIGNMENT((#8255));
#8255 = SURFACE_STYLE_USAGE(.BOTH.,#8256);
#8256 = SURFACE_SIDE_STYLE('',(#8257));
#8257 = SURFACE_STYLE_FILL_AREA(#8258);
#8258 = FILL_AREA_STYLE('',(#8259));
#8259 = FILL_AREA_STYLE_COLOUR('',#8260);
#8260 = COLOUR_RGB('',0.313304153717,0.484529207832,0.410020903123);
#8261 = MECHANICAL_DESIGN_GEOMETRIC_PRESENTATION_REPRESENTATION('',(
    #8262,#8269,#8276,#8283,#8290,#8297,#8304,#8311,#8318,#8325,#8332,
    #8339,#8346,#8353,#8361,#8368,#8375,#8382,#8389,#8396,#8403,#8410,
    #8417,#8424,#8431,#8438),#875);
#8262 = STYLED_ITEM('color',(#8263),#87);
#8263 = PRESENTATION_STYLE_ASSIGNMENT((#8264));
#8264 = SURFACE_STYLE_USAGE(.BOTH.,#8265);
#8265 = SURFACE_SIDE_STYLE('',(#8266));
#8266 = SURFACE_STYLE_FILL_AREA(#8267);
#8267 = FILL_AREA_STYLE('',(#8268));
#8268 = FILL_AREA_STYLE_COLOUR('',#7064);
#8269 = STYLED_ITEM('color',(#8270),#127);
#8270 = PRESENTATION_STYLE_ASSIGNMENT((#8271));
#8271 = SURFACE_STYLE_USAGE(.BOTH.,#8272);
#8272 = SURFACE_SIDE_STYLE('',(#8273));
#8273 = SURFACE_STYLE_FILL_AREA(#8274);
#8274 = FILL_AREA_STYLE('',(#8275));
#8275 = FILL_AREA_STYLE_COLOUR('',#7064);
#8276 = STYLED_ITEM('color',(#8277),#210);
#8277 = PRESENTATION_STYLE_ASSIGNMENT((#8278));
#8278 = SURFACE_STYLE_USAGE(.BOTH.,#8279);
#8279 = SURFACE_SIDE_STYLE('',(#8280));
#8280 = SURFACE_STYLE_FILL_AREA(#8281);
#8281 = FILL_AREA_STYLE('',(#8282));
#8282 = FILL_AREA_STYLE_COLOUR('',#7064);
#8283 = STYLED_ITEM('color',(#8284),#235);
#8284 = PRESENTATION_STYLE_ASSIGNMENT((#8285));
#8285 = SURFACE_STYLE_USAGE(.BOTH.,#8286);
#8286 = SURFACE_SIDE_STYLE('',(#8287));
#8287 = SURFACE_STYLE_FILL_AREA(#8288);
#8288 = FILL_AREA_STYLE('',(#8289));
#8289 = FILL_AREA_STYLE_COLOUR('',#7064);
#8290 = STYLED_ITEM('color',(#8291),#260);
#8291 = PRESENTATION_STYLE_ASSIGNMENT((#8292));
#8292 = SURFACE_STYLE_USAGE(.BOTH.,#8293);
#8293 = SURFACE_SIDE_STYLE('',(#8294));
#8294 = SURFACE_STYLE_FILL_AREA(#8295);
#8295 = FILL_AREA_STYLE('',(#8296));
#8296 = FILL_AREA_STYLE_COLOUR('',#7064);
#8297 = STYLED_ITEM('color',(#8298),#327);
#8298 = PRESENTATION_STYLE_ASSIGNMENT((#8299));
#8299 = SURFACE_STYLE_USAGE(.BOTH.,#8300);
#8300 = SURFACE_SIDE_STYLE('',(#8301));
#8301 = SURFACE_STYLE_FILL_AREA(#8302);
#8302 = FILL_AREA_STYLE('',(#8303));
#8303 = FILL_AREA_STYLE_COLOUR('',#7064);
#8304 = STYLED_ITEM('color',(#8305),#344);
#8305 = PRESENTATION_STYLE_ASSIGNMENT((#8306));
#8306 = SURFACE_STYLE_USAGE(.BOTH.,#8307);
#8307 = SURFACE_SIDE_STYLE('',(#8308));
#8308 = SURFACE_STYLE_FILL_AREA(#8309);
#8309 = FILL_AREA_STYLE('',(#8310));
#8310 = FILL_AREA_STYLE_COLOUR('',#7064);
#8311 = STYLED_ITEM('color',(#8312),#361);
#8312 = PRESENTATION_STYLE_ASSIGNMENT((#8313));
#8313 = SURFACE_STYLE_USAGE(.BOTH.,#8314);
#8314 = SURFACE_SIDE_STYLE('',(#8315));
#8315 = SURFACE_STYLE_FILL_AREA(#8316);
#8316 = FILL_AREA_STYLE('',(#8317));
#8317 = FILL_AREA_STYLE_COLOUR('',#7013);
#8318 = STYLED_ITEM('color',(#8319),#410);
#8319 = PRESENTATION_STYLE_ASSIGNMENT((#8320));
#8320 = SURFACE_STYLE_USAGE(.BOTH.,#8321);
#8321 = SURFACE_SIDE_STYLE('',(#8322));
#8322 = SURFACE_STYLE_FILL_AREA(#8323);
#8323 = FILL_AREA_STYLE('',(#8324));
#8324 = FILL_AREA_STYLE_COLOUR('',#7064);
#8325 = STYLED_ITEM('color',(#8326),#427);
#8326 = PRESENTATION_STYLE_ASSIGNMENT((#8327));
#8327 = SURFACE_STYLE_USAGE(.BOTH.,#8328);
#8328 = SURFACE_SIDE_STYLE('',(#8329));
#8329 = SURFACE_STYLE_FILL_AREA(#8330);
#8330 = FILL_AREA_STYLE('',(#8331));
#8331 = FILL_AREA_STYLE_COLOUR('',#7064);
#8332 = STYLED_ITEM('color',(#8333),#444);
#8333 = PRESENTATION_STYLE_ASSIGNMENT((#8334));
#8334 = SURFACE_STYLE_USAGE(.BOTH.,#8335);
#8335 = SURFACE_SIDE_STYLE('',(#8336));
#8336 = SURFACE_STYLE_FILL_AREA(#8337);
#8337 = FILL_AREA_STYLE('',(#8338));
#8338 = FILL_AREA_STYLE_COLOUR('',#7013);
#8339 = STYLED_ITEM('color',(#8340),#493);
#8340 = PRESENTATION_STYLE_ASSIGNMENT((#8341));
#8341 = SURFACE_STYLE_USAGE(.BOTH.,#8342);
#8342 = SURFACE_SIDE_STYLE('',(#8343));
#8343 = SURFACE_STYLE_FILL_AREA(#8344);
#8344 = FILL_AREA_STYLE('',(#8345));
#8345 = FILL_AREA_STYLE_COLOUR('',#7013);
#8346 = STYLED_ITEM('color',(#8347),#510);
#8347 = PRESENTATION_STYLE_ASSIGNMENT((#8348));
#8348 = SURFACE_STYLE_USAGE(.BOTH.,#8349);
#8349 = SURFACE_SIDE_STYLE('',(#8350));
#8350 = SURFACE_STYLE_FILL_AREA(#8351);
#8351 = FILL_AREA_STYLE('',(#8352));
#8352 = FILL_AREA_STYLE_COLOUR('',#7064);
#8353 = STYLED_ITEM('color',(#8354),#579);
#8354 = PRESENTATION_STYLE_ASSIGNMENT((#8355));
#8355 = SURFACE_STYLE_USAGE(.BOTH.,#8356);
#8356 = SURFACE_SIDE_STYLE('',(#8357));
#8357 = SURFACE_STYLE_FILL_AREA(#8358);
#8358 = FILL_AREA_STYLE('',(#8359));
#8359 = FILL_AREA_STYLE_COLOUR('',#8360);
#8360 = COLOUR_RGB('',8.200000279077E-02,8.600000121357E-02,
  9.399999706163E-02);
#8361 = STYLED_ITEM('color',(#8362),#610);
#8362 = PRESENTATION_STYLE_ASSIGNMENT((#8363));
#8363 = SURFACE_STYLE_USAGE(.BOTH.,#8364);
#8364 = SURFACE_SIDE_STYLE('',(#8365));
#8365 = SURFACE_STYLE_FILL_AREA(#8366);
#8366 = FILL_AREA_STYLE('',(#8367));
#8367 = FILL_AREA_STYLE_COLOUR('',#8360);
#8368 = STYLED_ITEM('color',(#8369),#634);
#8369 = PRESENTATION_STYLE_ASSIGNMENT((#8370));
#8370 = SURFACE_STYLE_USAGE(.BOTH.,#8371);
#8371 = SURFACE_SIDE_STYLE('',(#8372));
#8372 = SURFACE_STYLE_FILL_AREA(#8373);
#8373 = FILL_AREA_STYLE('',(#8374));
#8374 = FILL_AREA_STYLE_COLOUR('',#7064);
#8375 = STYLED_ITEM('color',(#8376),#703);
#8376 = PRESENTATION_STYLE_ASSIGNMENT((#8377));
#8377 = SURFACE_STYLE_USAGE(.BOTH.,#8378);
#8378 = SURFACE_SIDE_STYLE('',(#8379));
#8379 = SURFACE_STYLE_FILL_AREA(#8380);
#8380 = FILL_AREA_STYLE('',(#8381));
#8381 = FILL_AREA_STYLE_COLOUR('',#8360);
#8382 = STYLED_ITEM('color',(#8383),#727);
#8383 = PRESENTATION_STYLE_ASSIGNMENT((#8384));
#8384 = SURFACE_STYLE_USAGE(.BOTH.,#8385);
#8385 = SURFACE_SIDE_STYLE('',(#8386));
#8386 = SURFACE_STYLE_FILL_AREA(#8387);
#8387 = FILL_AREA_STYLE('',(#8388));
#8388 = FILL_AREA_STYLE_COLOUR('',#7064);
#8389 = STYLED_ITEM('color',(#8390),#744);
#8390 = PRESENTATION_STYLE_ASSIGNMENT((#8391));
#8391 = SURFACE_STYLE_USAGE(.BOTH.,#8392);
#8392 = SURFACE_SIDE_STYLE('',(#8393));
#8393 = SURFACE_STYLE_FILL_AREA(#8394);
#8394 = FILL_AREA_STYLE('',(#8395));
#8395 = FILL_AREA_STYLE_COLOUR('',#7064);
#8396 = STYLED_ITEM('color',(#8397),#761);
#8397 = PRESENTATION_STYLE_ASSIGNMENT((#8398));
#8398 = SURFACE_STYLE_USAGE(.BOTH.,#8399);
#8399 = SURFACE_SIDE_STYLE('',(#8400));
#8400 = SURFACE_STYLE_FILL_AREA(#8401);
#8401 = FILL_AREA_STYLE('',(#8402));
#8402 = FILL_AREA_STYLE_COLOUR('',#7064);
#8403 = STYLED_ITEM('color',(#8404),#778);
#8404 = PRESENTATION_STYLE_ASSIGNMENT((#8405));
#8405 = SURFACE_STYLE_USAGE(.BOTH.,#8406);
#8406 = SURFACE_SIDE_STYLE('',(#8407));
#8407 = SURFACE_STYLE_FILL_AREA(#8408);
#8408 = FILL_AREA_STYLE('',(#8409));
#8409 = FILL_AREA_STYLE_COLOUR('',#7064);
#8410 = STYLED_ITEM('color',(#8411),#795);
#8411 = PRESENTATION_STYLE_ASSIGNMENT((#8412));
#8412 = SURFACE_STYLE_USAGE(.BOTH.,#8413);
#8413 = SURFACE_SIDE_STYLE('',(#8414));
#8414 = SURFACE_STYLE_FILL_AREA(#8415);
#8415 = FILL_AREA_STYLE('',(#8416));
#8416 = FILL_AREA_STYLE_COLOUR('',#7064);
#8417 = STYLED_ITEM('color',(#8418),#812);
#8418 = PRESENTATION_STYLE_ASSIGNMENT((#8419));
#8419 = SURFACE_STYLE_USAGE(.BOTH.,#8420);
#8420 = SURFACE_SIDE_STYLE('',(#8421));
#8421 = SURFACE_STYLE_FILL_AREA(#8422);
#8422 = FILL_AREA_STYLE('',(#8423));
#8423 = FILL_AREA_STYLE_COLOUR('',#7064);
#8424 = STYLED_ITEM('color',(#8425),#829);
#8425 = PRESENTATION_STYLE_ASSIGNMENT((#8426));
#8426 = SURFACE_STYLE_USAGE(.BOTH.,#8427);
#8427 = SURFACE_SIDE_STYLE('',(#8428));
#8428 = SURFACE_STYLE_FILL_AREA(#8429);
#8429 = FILL_AREA_STYLE('',(#8430));
#8430 = FILL_AREA_STYLE_COLOUR('',#7064);
#8431 = STYLED_ITEM('color',(#8432),#846);
#8432 = PRESENTATION_STYLE_ASSIGNMENT((#8433));
#8433 = SURFACE_STYLE_USAGE(.BOTH.,#8434);
#8434 = SURFACE_SIDE_STYLE('',(#8435));
#8435 = SURFACE_STYLE_FILL_AREA(#8436);
#8436 = FILL_AREA_STYLE('',(#8437));
#8437 = FILL_AREA_STYLE_COLOUR('',#8360);
#8438 = STYLED_ITEM('color',(#8439),#863);
#8439 = PRESENTATION_STYLE_ASSIGNMENT((#8440));
#8440 = SURFACE_STYLE_USAGE(.BOTH.,#8441);
#8441 = SURFACE_SIDE_STYLE('',(#8442));
#8442 = SURFACE_STYLE_FILL_AREA(#8443);
#8443 = FILL_AREA_STYLE('',(#8444));
#8444 = FILL_AREA_STYLE_COLOUR('',#8360);
ENDSEC;
END-ISO-10303-21;
